START,STOP,PATIENT,ENCOUNTER,CODE,SYSTEM,DESCRIPTION,TYPE,CATEGORY,REACTION1,DESCRIPTION1,SEVERITY1,REACTION2,DESCRIPTION2,SEVERITY2
1951-10-29,,ea4bb562-7f8e-8b21-2305-757f684fe219,7753b00c-b670-8f96-cb7e-9b1d11b95acf,419199007,SNOMED-CT,Allergy to substance (finding),allergy,environment,,,,,,
1951-10-29,,ea4bb562-7f8e-8b21-2305-757f684fe219,7753b00c-b670-8f96-cb7e-9b1d11b95acf,7984,RxNorm,Penicillin V,allergy,medication,271807003,Eruption of skin (disorder),MILD,,,
1992-03-08,,3ca25cbf-7a4e-b62f-0439-94ac590ef1e4,fb191297-a8d1-6e28-5654-d59b861704e2,419199007,SNOMED-CT,Allergy to substance (finding),allergy,environment,,,,,,
1992-03-08,,3ca25cbf-7a4e-b62f-0439-94ac590ef1e4,fb191297-a8d1-6e28-5654-d59b861704e2,84489001,SNOMED-CT,Mold (organism),allergy,environment,267101005,Nose running,MILD,,,
1992-03-08,,3ca25cbf-7a4e-b62f-0439-94ac590ef1e4,fb191297-a8d1-6e28-5654-d59b861704e2,260147004,SNOMED-CT,House dust mite (organism),allergy,environment,,,,,,
1992-03-08,,3ca25cbf-7a4e-b62f-0439-94ac590ef1e4,fb191297-a8d1-6e28-5654-d59b861704e2,264287008,SNOMED-CT,Animal dander (substance),allergy,environment,878820003,Rhinoconjunctivitis (disorder),MODERATE,247472004,Wheal (finding),MILD
1992-03-08,,3ca25cbf-7a4e-b62f-0439-94ac590ef1e4,fb191297-a8d1-6e28-5654-d59b861704e2,256277009,SNOMED-CT,Grass pollen (substance),allergy,environment,,,,,,
1992-03-08,,3ca25cbf-7a4e-b62f-0439-94ac590ef1e4,fb191297-a8d1-6e28-5654-d59b861704e2,782576004,SNOMED-CT,Tree pollen (substance),allergy,environment,,,,,,
1992-03-08,,3ca25cbf-7a4e-b62f-0439-94ac590ef1e4,fb191297-a8d1-6e28-5654-d59b861704e2,412071004,SNOMED-CT,Wheat (substance),allergy,food,62315008,Diarrhea (finding),MODERATE,271807003,Eruption of skin (disorder),MODERATE
1992-03-08,,3ca25cbf-7a4e-b62f-0439-94ac590ef1e4,fb191297-a8d1-6e28-5654-d59b861704e2,442571000124108,SNOMED-CT,Tree nut (substance),allergy,food,39579001,Anaphylaxis (disorder),SEVERE,247472004,Wheal (finding),MODERATE
2014-07-27,,2a7ec6e1-c81f-ea32-ec33-52cee86737ea,87b8e8ff-54cc-d1b3-11c6-f99f2c34d40f,419199007,SNOMED-CT,Allergy to substance (finding),allergy,environment,,,,,,
2014-07-27,,2a7ec6e1-c81f-ea32-ec33-52cee86737ea,87b8e8ff-54cc-d1b3-11c6-f99f2c34d40f,84489001,SNOMED-CT,Mold (organism),allergy,environment,76067001,Sneezing,MILD,,,
2014-07-27,,2a7ec6e1-c81f-ea32-ec33-52cee86737ea,87b8e8ff-54cc-d1b3-11c6-f99f2c34d40f,264287008,SNOMED-CT,Animal dander (substance),allergy,environment,878820003,Rhinoconjunctivitis (disorder),MODERATE,271807003,Eruption of skin (disorder),MILD
2014-07-27,,2a7ec6e1-c81f-ea32-ec33-52cee86737ea,87b8e8ff-54cc-d1b3-11c6-f99f2c34d40f,256277009,SNOMED-CT,Grass pollen (substance),allergy,environment,,,,,,
2014-07-27,,2a7ec6e1-c81f-ea32-ec33-52cee86737ea,87b8e8ff-54cc-d1b3-11c6-f99f2c34d40f,782576004,SNOMED-CT,Tree pollen (substance),allergy,environment,,,,,,
2014-07-27,,2a7ec6e1-c81f-ea32-ec33-52cee86737ea,87b8e8ff-54cc-d1b3-11c6-f99f2c34d40f,3718001,SNOMED-CT,Cow's milk (substance),allergy,food,39579001,Anaphylaxis (disorder),SEVERE,247472004,Wheal (finding),MILD
2014-07-27,,2a7ec6e1-c81f-ea32-ec33-52cee86737ea,87b8e8ff-54cc-d1b3-11c6-f99f2c34d40f,102263004,SNOMED-CT,Eggs (edible) (substance),allergy,food,,,,,,
2005-01-19,,49afb35a-f360-5da6-e032-1949faafe851,0daaaf59-c92d-a1cd-89ef-f4585bd210f8,419199007,SNOMED-CT,Allergy to substance (finding),allergy,environment,,,,,,
2005-01-19,,49afb35a-f360-5da6-e032-1949faafe851,0daaaf59-c92d-a1cd-89ef-f4585bd210f8,7984,RxNorm,Penicillin V,allergy,medication,247472004,Wheal (finding),MILD,,,
2005-01-19,,49afb35a-f360-5da6-e032-1949faafe851,0daaaf59-c92d-a1cd-89ef-f4585bd210f8,735029006,SNOMED-CT,Shellfish (substance),allergy,food,422587007,Nausea (finding),MODERATE,247472004,Wheal (finding),MILD
1946-05-06,,004a67d1-626a-07ee-b441-21eb752cb2a6,caa10a90-2035-89b1-23bc-122a0bc61b2a,419199007,SNOMED-CT,Allergy to substance (finding),allergy,environment,,,,,,
1946-05-06,,004a67d1-626a-07ee-b441-21eb752cb2a6,caa10a90-2035-89b1-23bc-122a0bc61b2a,412071004,SNOMED-CT,Wheat (substance),allergy,food,62315008,Diarrhea (finding),MODERATE,271807003,Eruption of skin (disorder),MODERATE
1946-05-29,,657e8bc7-d7e4-23f7-6222-0c62187f2ae8,7275328c-f81c-08a0-0202-f8cc3e86d6f3,419199007,SNOMED-CT,Allergy to substance (finding),allergy,environment,,,,,,
1946-05-29,,657e8bc7-d7e4-23f7-6222-0c62187f2ae8,7275328c-f81c-08a0-0202-f8cc3e86d6f3,111088007,SNOMED-CT,Latex (substance),allergy,environment,267036007,Dyspnea (finding),MODERATE,247472004,Wheal (finding),MILD
1946-05-29,,657e8bc7-d7e4-23f7-6222-0c62187f2ae8,7275328c-f81c-08a0-0202-f8cc3e86d6f3,288328004,SNOMED-CT,Bee venom (substance),allergy,environment,271807003,Eruption of skin (disorder),MODERATE,,,
1946-05-29,,657e8bc7-d7e4-23f7-6222-0c62187f2ae8,7275328c-f81c-08a0-0202-f8cc3e86d6f3,84489001,SNOMED-CT,Mold (organism),allergy,environment,56018004,Wheezing,MILD,,,
1946-05-29,,657e8bc7-d7e4-23f7-6222-0c62187f2ae8,7275328c-f81c-08a0-0202-f8cc3e86d6f3,260147004,SNOMED-CT,House dust mite (organism),allergy,environment,,,,,,
1946-05-29,,657e8bc7-d7e4-23f7-6222-0c62187f2ae8,7275328c-f81c-08a0-0202-f8cc3e86d6f3,264287008,SNOMED-CT,Animal dander (substance),allergy,environment,878820003,Rhinoconjunctivitis (disorder),MODERATE,49727002,Cough (finding),MODERATE
1946-05-29,,657e8bc7-d7e4-23f7-6222-0c62187f2ae8,7275328c-f81c-08a0-0202-f8cc3e86d6f3,782576004,SNOMED-CT,Tree pollen (substance),allergy,environment,,,,,,
1946-05-29,,657e8bc7-d7e4-23f7-6222-0c62187f2ae8,7275328c-f81c-08a0-0202-f8cc3e86d6f3,3718001,SNOMED-CT,Cow's milk (substance),allergy,food,247472004,Wheal (finding),MILD,,,
1946-05-29,,657e8bc7-d7e4-23f7-6222-0c62187f2ae8,7275328c-f81c-08a0-0202-f8cc3e86d6f3,735029006,SNOMED-CT,Shellfish (substance),allergy,food,39579001,Anaphylaxis (disorder),SEVERE,422587007,Nausea (finding),MODERATE
1946-05-29,,657e8bc7-d7e4-23f7-6222-0c62187f2ae8,7275328c-f81c-08a0-0202-f8cc3e86d6f3,762952008,SNOMED-CT,Peanut (substance),allergy,food,402387002,Allergic angioedema (disorder),MODERATE,,,
1996-05-30,,6831c980-18a1-500c-618d-ca145f802d81,f158ad74-9f87-d61d-981b-58213e27332f,419199007,SNOMED-CT,Allergy to substance (finding),allergy,environment,,,,,,
1996-05-30,,6831c980-18a1-500c-618d-ca145f802d81,f158ad74-9f87-d61d-981b-58213e27332f,84489001,SNOMED-CT,Mold (organism),allergy,environment,,,,,,
1996-05-30,,6831c980-18a1-500c-618d-ca145f802d81,f158ad74-9f87-d61d-981b-58213e27332f,260147004,SNOMED-CT,House dust mite (organism),allergy,environment,,,,,,
1996-05-30,,6831c980-18a1-500c-618d-ca145f802d81,f158ad74-9f87-d61d-981b-58213e27332f,264287008,SNOMED-CT,Animal dander (substance),allergy,environment,247472004,Wheal (finding),MILD,,,
1996-05-30,,6831c980-18a1-500c-618d-ca145f802d81,f158ad74-9f87-d61d-981b-58213e27332f,256277009,SNOMED-CT,Grass pollen (substance),allergy,environment,,,,,,
1996-05-30,,6831c980-18a1-500c-618d-ca145f802d81,f158ad74-9f87-d61d-981b-58213e27332f,442571000124108,SNOMED-CT,Tree nut (substance),allergy,food,267036007,Dyspnea (finding),MODERATE,271807003,Eruption of skin (disorder),MODERATE
1974-09-16,,6e00cfb3-c955-bc8c-58b8-bf9a045a6f8d,5f69ec2c-07b3-440f-d7fd-14eff38dc46a,419199007,SNOMED-CT,Allergy to substance (finding),allergy,environment,,,,,,
1974-09-16,,6e00cfb3-c955-bc8c-58b8-bf9a045a6f8d,5f69ec2c-07b3-440f-d7fd-14eff38dc46a,29046,RxNorm,Lisinopril,intolerance,medication,,,,,,
1974-09-16,,6e00cfb3-c955-bc8c-58b8-bf9a045a6f8d,5f69ec2c-07b3-440f-d7fd-14eff38dc46a,1191,RxNorm,Aspirin,allergy,medication,,,,,,
1988-05-06,,6e11b63e-ca97-b488-5c36-53a570ec40c8,56ca16c8-9f6e-e844-6bd1-2d8d67964177,419199007,SNOMED-CT,Allergy to substance (finding),allergy,environment,,,,,,
1988-05-06,,6e11b63e-ca97-b488-5c36-53a570ec40c8,56ca16c8-9f6e-e844-6bd1-2d8d67964177,84489001,SNOMED-CT,Mold (organism),allergy,environment,,,,,,
1988-05-06,,6e11b63e-ca97-b488-5c36-53a570ec40c8,56ca16c8-9f6e-e844-6bd1-2d8d67964177,260147004,SNOMED-CT,House dust mite (organism),allergy,environment,,,,,,
1988-05-06,,6e11b63e-ca97-b488-5c36-53a570ec40c8,56ca16c8-9f6e-e844-6bd1-2d8d67964177,264287008,SNOMED-CT,Animal dander (substance),allergy,environment,878820003,Rhinoconjunctivitis (disorder),MODERATE,271807003,Eruption of skin (disorder),MILD
1988-05-06,,6e11b63e-ca97-b488-5c36-53a570ec40c8,56ca16c8-9f6e-e844-6bd1-2d8d67964177,256277009,SNOMED-CT,Grass pollen (substance),allergy,environment,,,,,,
1988-05-06,,6e11b63e-ca97-b488-5c36-53a570ec40c8,56ca16c8-9f6e-e844-6bd1-2d8d67964177,782576004,SNOMED-CT,Tree pollen (substance),allergy,environment,,,,,,
1988-05-06,,6e11b63e-ca97-b488-5c36-53a570ec40c8,56ca16c8-9f6e-e844-6bd1-2d8d67964177,7984,RxNorm,Penicillin V,allergy,medication,,,,,,
1988-05-06,,6e11b63e-ca97-b488-5c36-53a570ec40c8,56ca16c8-9f6e-e844-6bd1-2d8d67964177,102263004,SNOMED-CT,Eggs (edible) (substance),allergy,food,39579001,Anaphylaxis (disorder),SEVERE,247472004,Wheal (finding),MODERATE
1988-05-06,,6e11b63e-ca97-b488-5c36-53a570ec40c8,56ca16c8-9f6e-e844-6bd1-2d8d67964177,735029006,SNOMED-CT,Shellfish (substance),allergy,food,271807003,Eruption of skin (disorder),MODERATE,402387002,Allergic angioedema (disorder),MODERATE
1988-05-06,,6e11b63e-ca97-b488-5c36-53a570ec40c8,56ca16c8-9f6e-e844-6bd1-2d8d67964177,735971005,SNOMED-CT,Fish (substance),allergy,food,267036007,Dyspnea (finding),MODERATE,271807003,Eruption of skin (disorder),MILD
1988-05-06,,6e11b63e-ca97-b488-5c36-53a570ec40c8,56ca16c8-9f6e-e844-6bd1-2d8d67964177,762952008,SNOMED-CT,Peanut (substance),allergy,food,402387002,Allergic angioedema (disorder),MODERATE,300359004,Finding of vomiting (finding),MILD
1993-03-24,,852c935f-a749-c3ef-d33a-dd4c10949eae,b8d0794d-dae6-2683-7844-dcfcfd4663f8,419199007,SNOMED-CT,Allergy to substance (finding),allergy,environment,,,,,,
1993-03-24,,852c935f-a749-c3ef-d33a-dd4c10949eae,b8d0794d-dae6-2683-7844-dcfcfd4663f8,111088007,SNOMED-CT,Latex (substance),allergy,environment,247472004,Wheal (finding),MILD,,,
1993-03-24,,852c935f-a749-c3ef-d33a-dd4c10949eae,b8d0794d-dae6-2683-7844-dcfcfd4663f8,84489001,SNOMED-CT,Mold (organism),allergy,environment,,,,,,
1993-03-24,,852c935f-a749-c3ef-d33a-dd4c10949eae,b8d0794d-dae6-2683-7844-dcfcfd4663f8,260147004,SNOMED-CT,House dust mite (organism),allergy,environment,,,,,,
1993-03-24,,852c935f-a749-c3ef-d33a-dd4c10949eae,b8d0794d-dae6-2683-7844-dcfcfd4663f8,264287008,SNOMED-CT,Animal dander (substance),allergy,environment,878820003,Rhinoconjunctivitis (disorder),MODERATE,271807003,Eruption of skin (disorder),MILD
1993-03-24,,852c935f-a749-c3ef-d33a-dd4c10949eae,b8d0794d-dae6-2683-7844-dcfcfd4663f8,782576004,SNOMED-CT,Tree pollen (substance),allergy,environment,,,,,,
1993-03-24,,852c935f-a749-c3ef-d33a-dd4c10949eae,b8d0794d-dae6-2683-7844-dcfcfd4663f8,25037,RxNorm,cefdinir,allergy,medication,,,,,,
1993-03-24,,852c935f-a749-c3ef-d33a-dd4c10949eae,b8d0794d-dae6-2683-7844-dcfcfd4663f8,412071004,SNOMED-CT,Wheat (substance),allergy,food,39579001,Anaphylaxis (disorder),SEVERE,271807003,Eruption of skin (disorder),MODERATE
1993-03-24,,852c935f-a749-c3ef-d33a-dd4c10949eae,b8d0794d-dae6-2683-7844-dcfcfd4663f8,762952008,SNOMED-CT,Peanut (substance),allergy,food,39579001,Anaphylaxis (disorder),SEVERE,247472004,Wheal (finding),MODERATE
2016-07-31,,320dae98-e9b4-c759-9c91-9bbd264ddbb8,e1cf67e9-0f3d-7b14-abdf-dfb3d7c1deed,419199007,SNOMED-CT,Allergy to substance (finding),allergy,environment,,,,,,
2016-07-31,,320dae98-e9b4-c759-9c91-9bbd264ddbb8,e1cf67e9-0f3d-7b14-abdf-dfb3d7c1deed,111088007,SNOMED-CT,Latex (substance),allergy,environment,267036007,Dyspnea (finding),MODERATE,,,
2016-07-31,,320dae98-e9b4-c759-9c91-9bbd264ddbb8,e1cf67e9-0f3d-7b14-abdf-dfb3d7c1deed,84489001,SNOMED-CT,Mold (organism),allergy,environment,,,,,,
2016-07-31,,320dae98-e9b4-c759-9c91-9bbd264ddbb8,e1cf67e9-0f3d-7b14-abdf-dfb3d7c1deed,260147004,SNOMED-CT,House dust mite (organism),allergy,environment,,,,,,
2016-07-31,,320dae98-e9b4-c759-9c91-9bbd264ddbb8,e1cf67e9-0f3d-7b14-abdf-dfb3d7c1deed,264287008,SNOMED-CT,Animal dander (substance),allergy,environment,878820003,Rhinoconjunctivitis (disorder),MODERATE,267036007,Dyspnea (finding),MILD
2016-07-31,,320dae98-e9b4-c759-9c91-9bbd264ddbb8,e1cf67e9-0f3d-7b14-abdf-dfb3d7c1deed,782576004,SNOMED-CT,Tree pollen (substance),allergy,environment,,,,,,
2016-07-31,,320dae98-e9b4-c759-9c91-9bbd264ddbb8,e1cf67e9-0f3d-7b14-abdf-dfb3d7c1deed,3718001,SNOMED-CT,Cow's milk (substance),allergy,food,62315008,Diarrhea (finding),MILD,,,
2016-07-31,,320dae98-e9b4-c759-9c91-9bbd264ddbb8,e1cf67e9-0f3d-7b14-abdf-dfb3d7c1deed,442571000124108,SNOMED-CT,Tree nut (substance),allergy,food,271807003,Eruption of skin (disorder),MODERATE,402387002,Allergic angioedema (disorder),MODERATE
1982-11-17,,11c391fc-1bf9-e1ad-a257-f6fff746ef33,2e49131b-b86d-6614-47c5-8a60a8e9ecb6,419199007,SNOMED-CT,Allergy to substance (finding),allergy,environment,,,,,,
1982-11-17,,11c391fc-1bf9-e1ad-a257-f6fff746ef33,2e49131b-b86d-6614-47c5-8a60a8e9ecb6,5640,RxNorm,Ibuprofen,allergy,medication,878820003,Rhinoconjunctivitis (disorder),MODERATE,,,
1982-11-17,,11c391fc-1bf9-e1ad-a257-f6fff746ef33,2e49131b-b86d-6614-47c5-8a60a8e9ecb6,442571000124108,SNOMED-CT,Tree nut (substance),allergy,food,39579001,Anaphylaxis (disorder),SEVERE,49727002,Cough (finding),MODERATE
1989-01-07,,811e513a-d067-57ad-6eaa-f797c76faaaf,cf8cbc70-0f71-e81c-370f-9292c01bc303,419199007,SNOMED-CT,Allergy to substance (finding),allergy,environment,,,,,,
1989-01-07,,811e513a-d067-57ad-6eaa-f797c76faaaf,cf8cbc70-0f71-e81c-370f-9292c01bc303,84489001,SNOMED-CT,Mold (organism),allergy,environment,21626009,Allergic skin rash,MILD,267101005,Nose running,MILD
1989-01-07,,811e513a-d067-57ad-6eaa-f797c76faaaf,cf8cbc70-0f71-e81c-370f-9292c01bc303,260147004,SNOMED-CT,House dust mite (organism),allergy,environment,,,,,,
1989-01-07,,811e513a-d067-57ad-6eaa-f797c76faaaf,cf8cbc70-0f71-e81c-370f-9292c01bc303,264287008,SNOMED-CT,Animal dander (substance),allergy,environment,49727002,Cough (finding),MODERATE,878820003,Rhinoconjunctivitis (disorder),MODERATE
1989-01-07,,811e513a-d067-57ad-6eaa-f797c76faaaf,cf8cbc70-0f71-e81c-370f-9292c01bc303,256277009,SNOMED-CT,Grass pollen (substance),allergy,environment,,,,,,
1989-01-07,,811e513a-d067-57ad-6eaa-f797c76faaaf,cf8cbc70-0f71-e81c-370f-9292c01bc303,782576004,SNOMED-CT,Tree pollen (substance),allergy,environment,,,,,,
1989-01-07,,811e513a-d067-57ad-6eaa-f797c76faaaf,cf8cbc70-0f71-e81c-370f-9292c01bc303,3718001,SNOMED-CT,Cow's milk (substance),allergy,food,300359004,Finding of vomiting (finding),MODERATE,,,
1989-01-07,,811e513a-d067-57ad-6eaa-f797c76faaaf,cf8cbc70-0f71-e81c-370f-9292c01bc303,442571000124108,SNOMED-CT,Tree nut (substance),allergy,food,39579001,Anaphylaxis (disorder),SEVERE,49727002,Cough (finding),MODERATE
1989-01-07,,811e513a-d067-57ad-6eaa-f797c76faaaf,cf8cbc70-0f71-e81c-370f-9292c01bc303,762952008,SNOMED-CT,Peanut (substance),allergy,food,,,,,,
1953-08-09,,fdcbc876-a67f-fbc6-93e9-07b88412c92b,b7180de2-8377-fd76-d4d2-feb1bd43aefc,419199007,SNOMED-CT,Allergy to substance (finding),allergy,environment,,,,,,
1953-08-09,,fdcbc876-a67f-fbc6-93e9-07b88412c92b,b7180de2-8377-fd76-d4d2-feb1bd43aefc,111088007,SNOMED-CT,Latex (substance),allergy,environment,267036007,Dyspnea (finding),MODERATE,247472004,Wheal (finding),MILD
1953-08-09,,fdcbc876-a67f-fbc6-93e9-07b88412c92b,b7180de2-8377-fd76-d4d2-feb1bd43aefc,84489001,SNOMED-CT,Mold (organism),allergy,environment,76067001,Sneezing,MILD,,,
1953-08-09,,fdcbc876-a67f-fbc6-93e9-07b88412c92b,b7180de2-8377-fd76-d4d2-feb1bd43aefc,264287008,SNOMED-CT,Animal dander (substance),allergy,environment,49727002,Cough (finding),MODERATE,271807003,Eruption of skin (disorder),MILD
1953-08-09,,fdcbc876-a67f-fbc6-93e9-07b88412c92b,b7180de2-8377-fd76-d4d2-feb1bd43aefc,782576004,SNOMED-CT,Tree pollen (substance),allergy,environment,,,,,,
1953-08-09,,fdcbc876-a67f-fbc6-93e9-07b88412c92b,b7180de2-8377-fd76-d4d2-feb1bd43aefc,412071004,SNOMED-CT,Wheat (substance),allergy,food,62315008,Diarrhea (finding),MODERATE,271807003,Eruption of skin (disorder),MODERATE
1953-08-09,,fdcbc876-a67f-fbc6-93e9-07b88412c92b,b7180de2-8377-fd76-d4d2-feb1bd43aefc,735971005,SNOMED-CT,Fish (substance),allergy,food,,,,,,
1953-08-09,,fdcbc876-a67f-fbc6-93e9-07b88412c92b,b7180de2-8377-fd76-d4d2-feb1bd43aefc,442571000124108,SNOMED-CT,Tree nut (substance),allergy,food,267036007,Dyspnea (finding),MODERATE,271807003,Eruption of skin (disorder),MODERATE
2001-05-23,,5e24373b-282e-13b4-f612-a3010603c7d9,ded5c52f-e0da-8d25-2507-504748f394b9,419199007,SNOMED-CT,Allergy to substance (finding),allergy,environment,,,,,,
2001-05-23,,5e24373b-282e-13b4-f612-a3010603c7d9,ded5c52f-e0da-8d25-2507-504748f394b9,84489001,SNOMED-CT,Mold (organism),allergy,environment,,,,,,
2001-05-23,,5e24373b-282e-13b4-f612-a3010603c7d9,ded5c52f-e0da-8d25-2507-504748f394b9,260147004,SNOMED-CT,House dust mite (organism),allergy,environment,,,,,,
2001-05-23,,5e24373b-282e-13b4-f612-a3010603c7d9,ded5c52f-e0da-8d25-2507-504748f394b9,264287008,SNOMED-CT,Animal dander (substance),allergy,environment,271807003,Eruption of skin (disorder),MILD,,,
2001-05-23,,5e24373b-282e-13b4-f612-a3010603c7d9,ded5c52f-e0da-8d25-2507-504748f394b9,256277009,SNOMED-CT,Grass pollen (substance),allergy,environment,,,,,,
2001-05-23,,5e24373b-282e-13b4-f612-a3010603c7d9,ded5c52f-e0da-8d25-2507-504748f394b9,782576004,SNOMED-CT,Tree pollen (substance),allergy,environment,,,,,,
2001-05-23,,5e24373b-282e-13b4-f612-a3010603c7d9,ded5c52f-e0da-8d25-2507-504748f394b9,762952008,SNOMED-CT,Peanut (substance),allergy,food,247472004,Wheal (finding),MODERATE,267036007,Dyspnea (finding),MILD
1964-07-17,,740606cb-5d1f-dbdb-b022-b2f1d70d34a7,c04d0777-0863-81b6-ed25-b4ee7f29895e,419199007,SNOMED-CT,Allergy to substance (finding),allergy,environment,,,,,,
1964-07-17,,740606cb-5d1f-dbdb-b022-b2f1d70d34a7,c04d0777-0863-81b6-ed25-b4ee7f29895e,84489001,SNOMED-CT,Mold (organism),allergy,environment,21626009,Allergic skin rash,MILD,,,
1964-07-17,,740606cb-5d1f-dbdb-b022-b2f1d70d34a7,c04d0777-0863-81b6-ed25-b4ee7f29895e,260147004,SNOMED-CT,House dust mite (organism),allergy,environment,,,,,,
1964-07-17,,740606cb-5d1f-dbdb-b022-b2f1d70d34a7,c04d0777-0863-81b6-ed25-b4ee7f29895e,264287008,SNOMED-CT,Animal dander (substance),allergy,environment,271807003,Eruption of skin (disorder),MILD,247472004,Wheal (finding),MILD
1964-07-17,,740606cb-5d1f-dbdb-b022-b2f1d70d34a7,c04d0777-0863-81b6-ed25-b4ee7f29895e,256277009,SNOMED-CT,Grass pollen (substance),allergy,environment,,,,,,
1964-07-17,,740606cb-5d1f-dbdb-b022-b2f1d70d34a7,c04d0777-0863-81b6-ed25-b4ee7f29895e,782576004,SNOMED-CT,Tree pollen (substance),allergy,environment,,,,,,
1964-07-17,,740606cb-5d1f-dbdb-b022-b2f1d70d34a7,c04d0777-0863-81b6-ed25-b4ee7f29895e,412071004,SNOMED-CT,Wheat (substance),allergy,food,271807003,Eruption of skin (disorder),MODERATE,,,
