Id,START,STOP,PATIENT,ENCOUNTER,CODE,DESCRIPTION,REASONCODE,REASONDESCRIPTION
530ceb1c-d7a7-0f27-6ae1-863039def589,1951-10-29,,ea4bb562-7f8e-8b21-2305-757f684fe219,7753b00c-b670-8f96-cb7e-9b1d11b95acf,384758001,Self-care interventions (procedure),,
d95b5339-e0e1-bfed-efe5-12c04bb5ff71,2003-06-05,,6f7e4324-a184-6458-26d6-58f3eecec804,81107d4c-cd80-56f1-5a57-120e3f6aff05,698360004,Diabetes self management plan,15777000,Prediabetes
f676d4fd-99ae-7efe-83c5-9ab7daec6af9,1971-01-28,,ea4bb562-7f8e-8b21-2305-757f684fe219,5b07e3c2-b188-95bc-932a-08bad28e4f78,698360004,Diabetes self management plan,15777000,Prediabetes
6ccea2b1-383d-f041-2823-e9dad574f9e5,1971-06-15,,ea4bb562-7f8e-8b21-2305-757f684fe219,2885849a-67e7-ee81-1d25-3bd59f5fa16c,408869004,Musculoskeletal care,,
57ca3cc0-220a-d28f-5788-cee5e1786624,2009-06-11,,6f7e4324-a184-6458-26d6-58f3eecec804,27c42fc5-6e3b-3b71-4b03-55bcb0eb934c,443402002,Lifestyle education regarding hypertension,59621000,Essential hypertension (disorder)
779f3dcb-a4aa-16b3-a135-83868ed15e3f,2014-03-26,,6f7e4324-a184-6458-26d6-58f3eecec804,f3ccf646-f7da-e49a-2b2b-d47d8e3ccc1b,276239002,Therapy (regime/therapy),,
cb76ffe8-b2d7-d778-378e-2c82a74d8cf2,2011-02-17,,ea4bb562-7f8e-8b21-2305-757f684fe219,6aa2c9df-ee67-5287-378f-24c0717099d0,443402002,Lifestyle education regarding hypertension,59621000,Essential hypertension (disorder)
db670225-6ed9-08d4-e5c2-7fbea3951543,2015-02-02,2015-03-16,ea4bb562-7f8e-8b21-2305-757f684fe219,aec2630e-2e39-fdf3-6cea-2361a622a972,773513001,Physiotherapy care plan (record artifact),,
10eebaf5-b38e-2635-d6f3-b766f19876c2,2014-12-09,2022-05-21,fc0f5945-4edb-82f0-dc16-e1641d977d7f,77408095-75ca-2c49-b400-9cefcc836541,386522008,Overactivity/inattention behavior management,,
018bd444-af9e-df46-38f8-5f4f189502eb,2018-06-20,2018-07-23,ea4bb562-7f8e-8b21-2305-757f684fe219,484d6ef4-8aae-7467-b80e-cf916b111843,133901003,Burn care,403191005,Second degree burn
9e1d2ad1-d3c2-a78f-faee-76460143d8a3,2018-10-08,2018-10-22,ea4bb562-7f8e-8b21-2305-757f684fe219,36613f04-70ae-3226-ad30-b8c4e75c29af,53950000,Respiratory therapy,,
25a26410-fe2b-ef1b-a964-cf7c55a49787,2024-02-18,2024-03-12,6f7e4324-a184-6458-26d6-58f3eecec804,c0f50e46-8b60-085b-74eb-2e29be50ed55,773513001,Physiotherapy care plan (record artifact),44465007,Sprain of ankle
9f0ca3a6-65e5-7f83-213d-99090a5fa71f,1988-02-20,,5aead6fe-0b94-7b42-b9f3-8fd8e6ad950f,cd0dac5b-34b5-ee80-0e33-1bccca659469,698360004,Diabetes self management plan,15777000,Prediabetes
ca1d61fb-4705-7cbe-386d-f7ff8b69ae30,2016-09-04,2016-11-10,5aead6fe-0b94-7b42-b9f3-8fd8e6ad950f,030d1506-8ecd-a20c-5fdc-74e2eb968fe5,47387005,Head injury rehabilitation,62106007,Concussion with no loss of consciousness
bb179705-7609-fbef-8e93-66f76bec4cb4,2020-07-26,2020-08-05,5aead6fe-0b94-7b42-b9f3-8fd8e6ad950f,4afb512d-9bb1-3f7c-ac63-14270ab92a5a,736376001,Infectious disease care plan (record artifact),,
1636d108-2957-7b28-404f-f88e4af3cc8e,1992-03-08,,3ca25cbf-7a4e-b62f-0439-94ac590ef1e4,fb191297-a8d1-6e28-5654-d59b861704e2,384758001,Self-care interventions (procedure),,
65879111-5453-3b3d-4ff7-076e94145a21,1996-04-12,,3ca25cbf-7a4e-b62f-0439-94ac590ef1e4,5a95eb5f-48ca-594d-0310-2ef42c5ca506,699728000,Asthma self management,233678006,Childhood asthma
4c9b3b51-e4ad-20e6-128e-8d359d16f10e,2014-03-29,,3ca25cbf-7a4e-b62f-0439-94ac590ef1e4,8e7e3d88-2084-37a3-f124-18f1d186966f,276239002,Therapy (regime/therapy),,
288fce78-2c97-95cf-f492-02ee749044d2,2015-12-25,2016-01-14,3ca25cbf-7a4e-b62f-0439-94ac590ef1e4,db935289-7e9f-d4e9-57de-6c308379f2f9,225358003,Wound care,370247008,Facial laceration
6806b4d3-e4ea-4c67-fe8a-942dd3afb7f9,2017-06-21,2018-01-31,3ca25cbf-7a4e-b62f-0439-94ac590ef1e4,b2ec47f0-9602-82e1-b791-2f86e2fc2b56,134435003,Routine antenatal care,,
24f75430-c997-fa5a-e408-14e51b14f781,2019-06-19,2020-01-29,3ca25cbf-7a4e-b62f-0439-94ac590ef1e4,90b1f1a5-8294-d141-c2a4-00075ff1f43c,134435003,Routine antenatal care,,
1ce8daa8-fed4-d51f-5902-1c8339698667,2020-09-12,2020-09-25,3ca25cbf-7a4e-b62f-0439-94ac590ef1e4,b2e98b27-1f7f-ab9a-8edb-f80d70389475,736376001,Infectious disease care plan (record artifact),,
037be253-3042-fcca-0e0f-80a7b5c8d42b,2021-02-17,2021-09-22,3ca25cbf-7a4e-b62f-0439-94ac590ef1e4,f73699db-4bce-378f-d869-40e7bf3f2bfa,134435003,Routine antenatal care,,
3e0cba18-cd7f-0e35-f329-ecf7710f7311,2022-03-09,2022-10-12,3ca25cbf-7a4e-b62f-0439-94ac590ef1e4,fa6186d0-db06-e0a1-044d-923fff48ff59,134435003,Routine antenatal care,,
e1aa7632-61c8-2986-8996-d904c1487e2c,1996-08-21,,5b84359b-faef-b698-1240-6431b6e362b2,2563163f-fa58-48bd-5a86-1cf05aabc61d,734163000,Care plan (record artifact),,
836cc6b8-916f-b799-289b-8fb3e3b08215,2002-02-25,,5b84359b-faef-b698-1240-6431b6e362b2,82c7bc1b-7eb7-213e-9f2e-f7351687941d,408869004,Musculoskeletal care,201834006,Localized  primary osteoarthritis of the hand
5e6ac023-371f-36f5-2a6f-faaa92d77b86,2009-04-30,,5b84359b-faef-b698-1240-6431b6e362b2,d5d15773-6fb2-6337-3bdc-5d3dd23d0b6c,443402002,Lifestyle education regarding hypertension,59621000,Essential hypertension (disorder)
a653df14-beea-1121-fc2f-f15def3ec79a,2014-09-26,2014-10-20,5b84359b-faef-b698-1240-6431b6e362b2,d3eb6708-4906-789a-bad1-22c464b507a1,225358003,Wound care,284551006,Laceration of foot
8895f603-0142-b764-b285-8df1f5508ae4,2019-09-26,2020-06-04,5b84359b-faef-b698-1240-6431b6e362b2,b7f0f26e-ee73-d1a1-ce8a-fc5a9a66cd1d,53950000,Respiratory therapy,,
1c0c8788-afd0-9ac3-28f8-775e0e47eb72,2020-11-01,2021-02-25,5b84359b-faef-b698-1240-6431b6e362b2,7af96efa-2268-f608-59aa-69381645f5ba,385691007,Fracture care,263102004,Fracture subluxation of wrist
8fbff68c-8d10-8875-191d-ec23dc7c6cf4,2016-08-22,2016-09-21,beebf7ac-419d-cabd-ab73-0f3b7ddc630a,0ddc4f98-cbdc-5187-4355-ba733e946663,276239002,Therapy (regime/therapy),,
92431030-3651-c1cc-f34f-efe0b070ebf3,2021-01-02,2021-01-02,beebf7ac-419d-cabd-ab73-0f3b7ddc630a,c2f1e449-1be6-6450-5156-325bdc74258c,736376001,Infectious disease care plan (record artifact),,
a7a5e196-de4c-580a-6a14-df5d89da0bc2,2021-01-02,2021-01-30,beebf7ac-419d-cabd-ab73-0f3b7ddc630a,c2f1e449-1be6-6450-5156-325bdc74258c,736376001,Infectious disease care plan (record artifact),,
59194b47-5eb0-a409-0405-db8f66959164,2021-01-04,2021-02-17,beebf7ac-419d-cabd-ab73-0f3b7ddc630a,0874baa9-23de-0208-bf48-c31a1db15cd0,408869004,Musculoskeletal care,,
003c1a86-8d64-0408-88e4-dcdcb58b0f88,1970-09-12,,72e8ce47-34a0-f451-e797-e826ddf013b6,e2a0fbfd-c59a-10a3-30f7-2d99f3f93aa3,698360004,Diabetes self management plan,15777000,Prediabetes
39f9b429-cd93-f2da-818d-b4654eaf49b1,1980-01-26,1980-09-06,72e8ce47-34a0-f451-e797-e826ddf013b6,82250337-603c-f0a0-4d14-5e7937f9fc64,134435003,Routine antenatal care,,
1f8940d8-7501-0e86-43ec-e4bf096eeea5,1981-07-11,1982-02-06,72e8ce47-34a0-f451-e797-e826ddf013b6,9a399736-414e-18e7-1020-486b310ebc36,134435003,Routine antenatal care,,
b63b8496-f470-3e5b-be26-299db97c6f1e,1983-10-30,1984-02-21,72e8ce47-34a0-f451-e797-e826ddf013b6,deb04f4b-5b8f-5442-50ec-454dfa17d858,385691007,Fracture care,263102004,Fracture subluxation of wrist
bea3edef-0743-3405-95fb-9845f5cb77ee,1988-09-24,1989-04-29,72e8ce47-34a0-f451-e797-e826ddf013b6,d4db639a-4bc7-40fd-d5c4-b625f597d527,134435003,Routine antenatal care,,
75fcb03d-b3cc-ef6f-de4e-d363038c231e,1990-02-17,,72e8ce47-34a0-f451-e797-e826ddf013b6,75ca41cb-85d7-e8a7-68c7-2dd55c71396b,134435003,Routine antenatal care,,
26ff94b1-977e-a30f-4e07-71e0323e5ff7,1980-11-12,,22261190-4995-ce31-4c51-458e95bdebb2,6f83bcff-6d58-9e52-5139-f91c51ef9586,134435003,Routine antenatal care,,
9d0c17af-acb7-10a9-2987-4c179829966a,1988-05-04,,22261190-4995-ce31-4c51-458e95bdebb2,f17482eb-c542-b16a-62a4-d461ed8c6e65,736285004,Hyperlipidemia clinical management plan,55822004,Hyperlipidemia
810e2119-382e-0fb6-1edf-2ac2e2c211ff,1990-04-18,,22261190-4995-ce31-4c51-458e95bdebb2,26484139-511c-c064-0944-6bc4ec7a72ef,443402002,Lifestyle education regarding hypertension,59621000,Essential hypertension (disorder)
740b0c70-954f-839f-b4ff-44b749efc679,1998-04-15,,22261190-4995-ce31-4c51-458e95bdebb2,c5ba0c60-be25-e788-91da-dc62d9488ba2,408869004,Musculoskeletal care,239872002,Osteoarthritis of hip
9653351b-2de2-9b34-4dd3-6001231fdc43,2014-01-31,2014-03-02,22261190-4995-ce31-4c51-458e95bdebb2,bee51bfb-8ab7-436e-561c-223f014c2417,276239002,Therapy (regime/therapy),,
cca593f3-9d84-5d49-773a-a4b88621bd3a,2021-09-23,,22261190-4995-ce31-4c51-458e95bdebb2,54c5856f-1300-5f35-02ca-52b9359b9d21,386257007,Dementia management,26929004,Alzheimer's disease (disorder)
fcec402e-422c-99fc-ed4b-16775423bc3f,2012-11-27,,da5c32e0-96b2-a6eb-8612-eafb5255f3ea,5cd6ff90-9283-62c9-ffd1-6d1b6131aa60,443402002,Lifestyle education regarding hypertension,59621000,Essential hypertension (disorder)
aabfaaab-bc43-71fd-b651-c3f2c6a13a0b,2015-10-05,2015-10-26,da5c32e0-96b2-a6eb-8612-eafb5255f3ea,a965e17c-fc0c-cf70-0015-34d7410b0436,225358003,Wound care,284551006,Laceration of foot
7b110c2d-721a-cde4-015b-1f8911573da1,2017-09-18,2017-10-13,da5c32e0-96b2-a6eb-8612-eafb5255f3ea,f816ca29-47fa-5f29-6da6-656f7897510d,773513001,Physiotherapy care plan (record artifact),70704007,Sprain of wrist
5dafd4b1-5c02-2e95-a153-ca3193da6357,2018-11-30,,da5c32e0-96b2-a6eb-8612-eafb5255f3ea,b1351d0a-3441-c5e9-55f5-78f3b10684f4,736690008,Dialysis care plan (record artifact),,
f48f9a56-7fb7-9d2f-d746-5cabb3410fa1,2021-04-20,,da5c32e0-96b2-a6eb-8612-eafb5255f3ea,2ee1b0ab-1792-6627-3ed1-e514d734ab30,734163000,Care plan (record artifact),,
4035f6c4-8991-1051-3d3c-b0bc01f72a5e,2021-12-23,2022-01-19,da5c32e0-96b2-a6eb-8612-eafb5255f3ea,51414e7b-0132-97b3-9a64-605ee292daeb,225358003,Wound care,283371005,Laceration of forearm
f2dc6a66-69ba-495b-b882-84506cb39be3,1991-01-26,,4f1afed0-8c6e-e86c-2f26-f96a2c54b0ce,b8b5b941-7e38-a1e8-cd67-88d802423eba,408869004,Musculoskeletal care,239873007,Osteoarthritis of knee
34cc5180-d5c8-044f-ef6a-da4041bea617,1993-07-31,,4f1afed0-8c6e-e86c-2f26-f96a2c54b0ce,71071d18-c9bf-74f1-7d03-8c08e141dc45,698360004,Diabetes self management plan,15777000,Prediabetes
c922806a-05c2-8690-558e-ce69af964b8a,2011-06-09,2011-06-27,4f1afed0-8c6e-e86c-2f26-f96a2c54b0ce,cbf0f62f-ab26-58cd-bf89-1deaf58021a8,225358003,Wound care,370247008,Facial laceration
4a0d3189-2aae-c057-f934-a8528cb711f4,2014-03-28,,4f1afed0-8c6e-e86c-2f26-f96a2c54b0ce,1380c2a7-a74d-39fe-04b4-bf45af2cb405,276239002,Therapy (regime/therapy),,
b404a96f-a4c5-5eef-1a01-1009aeda4d5a,2013-10-11,,753ce793-e3ab-c1dc-89c5-02a09fead67d,a3d8092a-72f4-19a3-062b-54aca5dd152d,734163000,Care plan (record artifact),73430006,Sleep apnea (disorder)
31bf095c-e421-4411-c349-d0bbf2a48c96,2017-07-08,,4f1afed0-8c6e-e86c-2f26-f96a2c54b0ce,6d751743-d793-7f3d-3128-ee4bb8f5ea44,412776001,Chronic obstructive pulmonary disease clinical management plan,87433001,Pulmonary emphysema (disorder)
c7cea522-caa7-da1d-9bdc-819ef5996610,2015-12-01,,753ce793-e3ab-c1dc-89c5-02a09fead67d,2bcfd92e-4adf-6cf2-9f38-ee6d051936fa,443402002,Lifestyle education regarding hypertension,59621000,Essential hypertension (disorder)
40b7e603-58f4-d896-bf7c-5e533c50bd23,2016-10-11,2017-05-16,753ce793-e3ab-c1dc-89c5-02a09fead67d,6c74375f-9ebf-48ff-814c-59909b741374,134435003,Routine antenatal care,,
1d5b19ee-5643-6486-4d9c-de9e774161e6,2019-04-16,2019-11-19,753ce793-e3ab-c1dc-89c5-02a09fead67d,f7db2865-5b88-c369-d5bd-7dba70fc82c3,134435003,Routine antenatal care,,
129d4dbd-7c39-9297-c439-e8e1bb0ec0e6,2014-10-05,2015-07-22,418fec78-af12-cc09-aa55-8d39540b1002,d939bfc8-faf3-7bef-d283-5da13206b2c2,53950000,Respiratory therapy,,
bdcb3d1c-b86d-f89c-f11f-d6a14b665f8b,2016-08-17,,418fec78-af12-cc09-aa55-8d39540b1002,86142cf1-0622-fa16-d98f-842d8c578f88,736285004,Hyperlipidemia clinical management plan,55822004,Hyperlipidemia
74e1dd9a-f8e1-c5c9-6021-d6eb54928694,2018-08-25,2018-11-15,418fec78-af12-cc09-aa55-8d39540b1002,65227f81-648f-cc22-7fa5-35528efeb433,47387005,Head injury rehabilitation,62106007,Concussion with no loss of consciousness
6b63029b-c1f0-6998-3d6f-dbf396b5fb6c,1955-09-22,1955-10-21,92342e9d-701d-53b4-1945-69a45fca80d9,397f6dc5-2d1e-ecd3-3f34-763cb87d13fa,773513001,Physiotherapy care plan (record artifact),44465007,Sprain of ankle
484b21c0-d023-b774-5210-a50c7dd03698,2013-10-09,,2a7ec6e1-c81f-ea32-ec33-52cee86737ea,a6ec9193-d230-393e-ea0e-51a2dcfee0c5,711282006,Skin condition care,24079001,Atopic dermatitis
a21237ae-b2f0-ec6a-6239-e7561d8d5c06,2014-07-14,,2a7ec6e1-c81f-ea32-ec33-52cee86737ea,50c2956e-d13f-98a1-6771-480d462a035f,384758001,Self-care interventions (procedure),,
023a2064-f99d-1d7e-3e89-164cdeb170ad,2016-01-28,2016-06-02,2a7ec6e1-c81f-ea32-ec33-52cee86737ea,ad4e7f1d-3c65-0c1c-27c3-9fc3ce471367,53950000,Respiratory therapy,,
777d3b45-242d-87cf-19a0-06a9e1261800,2016-02-22,,2a7ec6e1-c81f-ea32-ec33-52cee86737ea,0e168522-dcc9-05ca-9e02-4884adaa9526,699728000,Asthma self management,233678006,Childhood asthma
9770d5a6-3481-396c-b93f-6ce8ab24e4cc,1994-06-03,,ed18b347-bf01-d006-65f4-0f158c97d99e,41f84b1e-7ced-9609-da68-29c23a581a46,698360004,Diabetes self management plan,15777000,Prediabetes
a078f4dd-d10a-f96c-4e03-f94824537626,2000-06-09,,ed18b347-bf01-d006-65f4-0f158c97d99e,fa21192d-107d-363d-7f7c-38a7ff44abb6,443402002,Lifestyle education regarding hypertension,59621000,Essential hypertension (disorder)
bc2a7168-f743-cc1b-945c-587728720f63,2000-06-09,,ed18b347-bf01-d006-65f4-0f158c97d99e,fa21192d-107d-363d-7f7c-38a7ff44abb6,734163000,Care Plan,,
25a1d88b-8673-b4bd-3a41-4551e2eab07a,2014-08-18,,ed18b347-bf01-d006-65f4-0f158c97d99e,f157d6a6-79fa-11d3-d0c4-625a9ed62301,736690008,Dialysis care plan (record artifact),,
f1b52b48-693e-6b82-abfa-a5a42c9a9629,2016-09-04,2016-09-12,a047c3a7-c5f4-1dc6-a166-fb58af2cf155,63d82cb4-f3db-3eb7-2534-253f5f7813e6,53950000,Respiratory therapy,,
245ce2c9-c27e-13c4-5e22-89c0a04a140e,2016-09-27,2017-05-02,a047c3a7-c5f4-1dc6-a166-fb58af2cf155,c7dbe966-1cd5-c5f2-3786-b604d0326e9b,134435003,Routine antenatal care,,
165891cc-3cfa-4a13-8035-451a9e44b005,2021-07-27,,a047c3a7-c5f4-1dc6-a166-fb58af2cf155,2705fb70-2e3a-40e4-f42b-6e4aca759fb6,698360004,Diabetes self management plan,15777000,Prediabetes
6af0fced-e8db-d923-a6bc-a320c376d00b,2022-04-05,2022-11-01,a047c3a7-c5f4-1dc6-a166-fb58af2cf155,45928ebf-fa0f-16f3-a271-b8e1ef9bc439,134435003,Routine antenatal care,,
cf1ee80f-e516-ec7d-cfdc-1da4b6b9f788,2024-07-23,,a047c3a7-c5f4-1dc6-a166-fb58af2cf155,db913791-e22a-1ca0-8157-dbd59b637e30,134435003,Routine antenatal care,,
f70794c0-466a-3713-3ad3-db87801c630e,2022-02-02,,30afaa34-affe-8ba2-59b6-fc94670b1520,502ebc85-94a3-d958-8a69-5df6d11b5f12,408869004,Musculoskeletal care,239873007,Osteoarthritis of knee
591ca613-a97f-9f9e-d0c2-d970cc59cce8,2005-01-01,,49afb35a-f360-5da6-e032-1949faafe851,ba76839d-f5dc-6ec7-8bde-c3eb75622197,384758001,Self-care interventions (procedure),,
f8e85264-82a0-878d-df99-1695df34e363,2016-08-12,2020-09-05,49afb35a-f360-5da6-e032-1949faafe851,9d84b6ae-7a28-867d-8ffd-a39129fc9ba9,170836005,Allergic disorder monitoring,,
befb8fc3-3054-0cee-7950-9a67c6c67858,2019-06-18,2019-09-20,49afb35a-f360-5da6-e032-1949faafe851,f7a4163c-ab8f-6a31-4b6f-8a51989461a3,53950000,Respiratory therapy,,
e4c2705e-3f09-1be9-6b08-91720494a0f1,2020-02-16,2020-06-14,49afb35a-f360-5da6-e032-1949faafe851,fa8df5bb-1c1b-ea1a-8798-9121b3d0969b,385691007,Fracture care,65966004,Fracture of forearm
5f2b9a52-15a1-a227-4dbe-75f3d8a2e11c,2022-11-18,,49afb35a-f360-5da6-e032-1949faafe851,504f1efd-9997-e050-409b-cd22d6541148,53950000,Respiratory therapy,,
349e653b-3bed-9fe9-0baa-e8a7e270c90b,1998-12-15,,dec67e94-1aa7-4819-332d-ff7dcb645091,a0102f05-a999-cb5a-9b2e-527f2999e17e,698360004,Diabetes self management plan,15777000,Prediabetes
c7889513-56bf-0c3d-fe15-83802d94bca2,2001-12-18,,dec67e94-1aa7-4819-332d-ff7dcb645091,978d851e-1d77-f6bb-bc55-fd59e601d43f,443402002,Lifestyle education regarding hypertension,59621000,Essential hypertension (disorder)
320db15f-0ade-d9c8-76bb-209c1c1b69af,2014-04-19,,dec67e94-1aa7-4819-332d-ff7dcb645091,2d50dcf6-54ea-8d83-085b-fcb48d3dca22,276239002,Therapy (regime/therapy),,
0e211cf5-9b79-0f50-dd38-a90a8079945e,2015-07-28,2016-03-15,dec67e94-1aa7-4819-332d-ff7dcb645091,41971998-2d05-1871-5808-ac92dd57b2b9,53950000,Respiratory therapy,,
b71e15cf-6089-547b-17a0-e76febe753ba,2016-02-07,2016-03-02,dec67e94-1aa7-4819-332d-ff7dcb645091,fa450afb-d224-6178-44f6-f72cc4d1704f,773513001,Physiotherapy care plan (record artifact),44465007,Sprain of ankle
56c063f8-1daa-556f-82b7-2733a0a8b68d,2019-05-22,2019-07-26,dec67e94-1aa7-4819-332d-ff7dcb645091,3d9b28f2-814c-d8bf-33dc-f4f840950248,47387005,Head injury rehabilitation,62564004,Concussion with loss of consciousness
519444d4-5505-881e-fd55-8908b1283e53,2008-05-06,,ec31f695-1fd3-c91f-af66-e4272a845edd,abb27f6b-98b2-fd3e-f21f-d5bebaeb4c98,698360004,Diabetes self management plan,15777000,Prediabetes
8c66c337-51c5-fe39-9cb4-e130696bc5c4,2014-11-18,2015-06-30,ec31f695-1fd3-c91f-af66-e4272a845edd,07fc5f19-9ae8-741c-4d84-dd0d1e4cbae2,134435003,Routine antenatal care,,
2d9c6aef-fbaf-b69f-b323-660e67e9139a,2017-05-16,,ec31f695-1fd3-c91f-af66-e4272a845edd,80db614b-b126-75aa-677a-7ffe3927d658,443402002,Lifestyle education regarding hypertension,59621000,Essential hypertension (disorder)
b7173a27-5d04-bc26-ee93-2ccff68588cb,2020-06-16,2021-06-08,ec31f695-1fd3-c91f-af66-e4272a845edd,a09c84d3-ef1c-e1e5-e26a-1fdd8f53ac97,53950000,Respiratory therapy,,
0fda228d-cc02-e6db-a806-69837ff2234d,2021-01-13,2021-01-13,ec31f695-1fd3-c91f-af66-e4272a845edd,3e4383fd-f81a-9799-8cb5-373d0c3f0fb0,736376001,Infectious disease care plan (record artifact),,
4b25047a-f21f-03d3-051a-85effa722249,2021-01-13,2021-02-15,ec31f695-1fd3-c91f-af66-e4272a845edd,3e4383fd-f81a-9799-8cb5-373d0c3f0fb0,736376001,Infectious disease care plan (record artifact),,
d38b5454-ce85-acc7-171e-a349b01f72e9,2023-06-27,2023-08-10,ec31f695-1fd3-c91f-af66-e4272a845edd,3e58316d-0328-20f6-78c3-28839b52fab7,47387005,Head injury rehabilitation,62106007,Concussion with no loss of consciousness
e2855531-fd26-876f-ef6b-ef693414754c,1946-04-17,,004a67d1-626a-07ee-b441-21eb752cb2a6,599fd4d7-a539-71cb-aa09-de8035e8ffb0,384758001,Self-care interventions (procedure),,
58d634a2-0276-8bcf-1090-73a9c2250b29,1982-02-24,,004a67d1-626a-07ee-b441-21eb752cb2a6,f9ee9d48-a71c-60d2-c077-fa4c774ebae4,698360004,Diabetes self management plan,15777000,Prediabetes
5ad01887-0f8b-815c-c748-d5e261cc10c1,2009-05-12,,004a67d1-626a-07ee-b441-21eb752cb2a6,0fe309ce-ef4d-429b-c2f0-36d6e54f5f76,408869004,Musculoskeletal care,239872002,Osteoarthritis of hip
13f27fc8-3c1d-5505-7a14-827c158399ac,2014-04-01,,004a67d1-626a-07ee-b441-21eb752cb2a6,4de377d9-ac07-abd2-7b65-c8eb0b231cb7,276239002,Therapy (regime/therapy),,
e440c89a-e954-1581-cae2-c34d3d50308e,2014-08-09,,004a67d1-626a-07ee-b441-21eb752cb2a6,2fea1ee0-5125-7a0b-2763-8499fd4a382e,734163000,Care plan (record artifact),,
3eb1cd25-d213-0a37-04c6-9174b1276baf,2019-01-03,2019-01-26,004a67d1-626a-07ee-b441-21eb752cb2a6,ea5f6216-45f6-61bc-4854-b012691adb78,225358003,Wound care,284549007,Laceration of hand
3cf6a247-4977-1898-159d-5d3d2d500aa2,2001-07-01,,2d4c98c8-1cf6-431c-a946-2c24be60ace8,8afc815c-e0fa-d3a9-9630-b3476093db7f,698360004,Diabetes self management plan,15777000,Prediabetes
f33817bc-95a3-d021-5333-8f9f69102b71,2015-07-31,,2d4c98c8-1cf6-431c-a946-2c24be60ace8,c0675e69-ba3f-baca-ab0e-06622a536f3e,408869004,Musculoskeletal care,239873007,Osteoarthritis of knee
966b60b8-5cbc-f588-1a47-924cdc088606,2019-08-11,,2d4c98c8-1cf6-431c-a946-2c24be60ace8,8669c940-8fd4-3adb-9dc1-822613599097,443402002,Lifestyle education regarding hypertension,59621000,Essential hypertension (disorder)
551ab30a-2b27-79e3-98fa-32f21fb603f6,2023-05-17,,004a67d1-626a-07ee-b441-21eb752cb2a6,a385449b-0ee9-4984-f318-0bb8828869f9,386257007,Dementia management,26929004,Alzheimer's disease (disorder)
311beffb-8c9c-525a-2fd8-51dfc1e41b85,1976-05-07,,b7885550-e3fb-b6ef-5c5c-dfcc3cff0047,850f79c6-e77d-676a-84f5-5474ddc7445b,698360004,Diabetes self management plan,15777000,Prediabetes
e1f266cd-b4e7-d33f-6a59-353385728e9d,2014-04-03,,b7885550-e3fb-b6ef-5c5c-dfcc3cff0047,2e77a536-67d8-85aa-5f0b-51a29c8931c5,276239002,Therapy (regime/therapy),,
99212dcd-cd60-9673-e78a-05a21deafab4,2018-12-31,2019-02-03,b7885550-e3fb-b6ef-5c5c-dfcc3cff0047,1a34deaf-f1d0-a29b-b547-ebc44fd381c6,408869004,Musculoskeletal care,,
bea8ba13-80d0-6d82-8a29-22097e5575b0,2005-09-13,,16568bc5-d93d-4d48-d7c2-bae068c4e281,794f5f04-c571-7f9a-ad47-a65b15a4b19f,734163000,Care plan (record artifact),73430006,Sleep apnea (disorder)
8abb4a28-d808-674e-1c80-2059d828b2dd,2011-09-29,,16568bc5-d93d-4d48-d7c2-bae068c4e281,9747e8ce-7dad-26f0-a88a-10330bbfb562,736285004,Hyperlipidemia clinical management plan,55822004,Hyperlipidemia
6a21e792-d857-4892-d1a4-c44f4ae0fe07,1976-11-20,,019cf093-a459-1f9e-784e-33ff72ebb843,a1a42cf6-fedf-fc11-5fad-0b86bb8c45b6,698360004,Diabetes self management plan,15777000,Prediabetes
bde79992-c2b0-1f75-df93-c7543d7d3e77,1978-10-30,,019cf093-a459-1f9e-784e-33ff72ebb843,86e2a871-4db7-04c0-62e9-0ffa73a1a4df,408869004,Musculoskeletal care,,
95fe06fa-82d9-678d-6434-f0aa347fed79,1997-04-10,,019cf093-a459-1f9e-784e-33ff72ebb843,4f4cebe6-46aa-3817-393e-f8a3786d48fd,736372004,Discharge care plan (record artifact),,
5e8628f1-5d22-dd94-3887-13ccc0a67265,2014-03-18,,019cf093-a459-1f9e-784e-33ff72ebb843,c66d3e17-4a7d-c093-136d-64a4fddeae2d,276239002,Therapy (regime/therapy),,
ed33d712-682d-e934-3a80-2ada3034a831,2018-02-03,2019-01-19,019cf093-a459-1f9e-784e-33ff72ebb843,e3c68b47-4d6b-a5b7-daf1-743e5761e006,53950000,Respiratory therapy,,
039873f4-fab9-679c-84ed-4cd3502cb0a9,2001-10-21,,a7a12678-2d29-4fff-7bc4-5684d9313cec,317e2fea-7d3e-b108-90ce-7e6951061a88,134435003,Routine antenatal care,,
3271305f-4d79-0935-dce4-6708b8ae9319,2014-03-30,,a7a12678-2d29-4fff-7bc4-5684d9313cec,9d4dee74-e7cb-c789-d48b-cd43263e786d,276239002,Therapy (regime/therapy),,
38181bd9-81c3-35b8-219c-3ac479b77041,2018-06-17,,60e02a8a-cc57-6ccc-b58b-19600af483cb,ab5aa29f-b216-5dbc-8b99-9c264b520f74,276239002,Therapy (regime/therapy),,
39c60af8-cf50-cf0a-a2e7-ad603758f80c,2018-08-13,2018-08-27,60e02a8a-cc57-6ccc-b58b-19600af483cb,8ebd325c-279d-d56e-8dd2-411e44bdc50b,225358003,Wound care,370247008,Facial laceration
304449f2-5402-a8ad-dd37-6efac8405ea8,1970-09-12,,beb5e0ca-0628-6160-2dc6-8534d99c6603,f9383d54-f1a2-ffb3-1fb2-fa1a21e1ecea,698360004,Diabetes self management plan,15777000,Prediabetes
c88a0f58-e02c-b83b-caa3-dde58b776c1c,1992-09-05,1993-04-17,beb5e0ca-0628-6160-2dc6-8534d99c6603,941d5ee1-4a86-a195-51c5-655bfef50cf3,134435003,Routine antenatal care,,
7cda73a4-e6fe-a4cd-f557-d422d9faef53,1996-08-14,,beb5e0ca-0628-6160-2dc6-8534d99c6603,8656d633-50b4-dbe3-c48c-3aa2bca2564f,182964004,Terminal care,424132000,Non-small cell carcinoma of lung  TNM stage 1 (disorder)
232924fe-199e-1f18-a624-4462300de759,1998-08-15,,beb5e0ca-0628-6160-2dc6-8534d99c6603,24952de6-44c6-fdf4-39e8-69c71c5e47e7,736285004,Hyperlipidemia clinical management plan,55822004,Hyperlipidemia
d86e5254-1ce2-77ef-6532-2a01e5604c01,1999-03-13,1999-03-22,beb5e0ca-0628-6160-2dc6-8534d99c6603,5eaed266-0662-fa1d-feb0-ef37b7f40b90,53950000,Respiratory therapy,,
4dbe28c2-7e3b-43c4-71ab-cc1fafad1a76,2008-09-26,,44079eb6-b000-dcb2-ef1a-bdf0bddf5c06,e2e71c88-36fb-a24f-3407-7ba45b6a6567,408869004,Musculoskeletal care,,
417e5330-f0be-5d66-bdb7-70717049461d,2020-06-03,2020-06-23,44079eb6-b000-dcb2-ef1a-bdf0bddf5c06,f461b13d-5dde-fcd3-16a4-8be3540e881c,53950000,Respiratory therapy,,
07c4a5d6-2564-9b3e-5189-43f2ed26097c,2021-07-15,2022-04-07,44079eb6-b000-dcb2-ef1a-bdf0bddf5c06,1cdb8f49-ef9a-7264-2677-772b1dc760e9,134435003,Routine antenatal care,,
de6f60c0-0c1c-96c2-a771-7095475907ec,2024-02-08,,44079eb6-b000-dcb2-ef1a-bdf0bddf5c06,a87b1308-b6a9-8aad-6b03-bad28b784911,443402002,Lifestyle education regarding hypertension,59621000,Essential hypertension (disorder)
2967ce73-a095-a3b1-6492-5c19fc6a182b,2024-02-29,,44079eb6-b000-dcb2-ef1a-bdf0bddf5c06,77632a25-4061-2c35-e413-01d06f287ff4,736285004,Hyperlipidemia clinical management plan,55822004,Hyperlipidemia
fb2bc406-a0bd-f0bc-a3ef-e2f3d25c32b4,2015-06-17,2015-08-02,6bf6aabc-a1a0-c10f-8f7b-760c8dd28b9d,787c1ebf-c1bb-f75f-55eb-8570559f6acd,408869004,Musculoskeletal care,,
c5a333e2-8e43-3e9c-23f4-a0af8f7d9c6f,2015-07-16,,6bf6aabc-a1a0-c10f-8f7b-760c8dd28b9d,fca1ac3d-f664-7cb5-f9dc-d2059ff6421d,736376001,Infectious disease care plan (record artifact),86406008,Human immunodeficiency virus infection (disorder)
524a49a9-a512-db29-fdfc-909a049545f3,2021-05-19,2021-06-13,6bf6aabc-a1a0-c10f-8f7b-760c8dd28b9d,b7f490a5-7593-03d0-c2fc-69bc1b0c8ac8,773513001,Physiotherapy care plan (record artifact),44465007,Sprain of ankle
8e8ccf19-0c1a-c5f6-04f5-72703b97af4c,2011-06-06,,fb21ca24-66a5-5fc4-ff49-8a7b9ccc9815,10c37971-185b-7867-eee0-eedce73c2ae8,698360004,Diabetes self management plan,15777000,Prediabetes
d9cc3276-ef96-7d99-cdb0-e0ba7ed7983d,2015-01-19,2016-04-18,fb21ca24-66a5-5fc4-ff49-8a7b9ccc9815,fa582d3e-324b-a414-078a-29105d99fcab,53950000,Respiratory therapy,,
732b1bb8-6fac-d150-da1b-4e0cdc00259a,2016-08-14,2016-09-02,fb21ca24-66a5-5fc4-ff49-8a7b9ccc9815,6b90b1a5-1e6b-09aa-468d-2b751a38c3d0,225358003,Wound care,284549007,Laceration of hand
43547d4c-6dae-01e2-5fb9-9da62647282a,2023-07-14,2023-07-24,fb21ca24-66a5-5fc4-ff49-8a7b9ccc9815,0d6a90d8-97b6-7bf4-ef97-086dd48438c2,53950000,Respiratory therapy,,
8e3cd23a-68a2-7219-4366-bd91d011dbd9,2020-06-02,2020-07-04,fe9c4103-644e-d642-3e7f-7c05b1fd39e1,028f08aa-fca0-6d05-b939-f70e7ad0283c,773513001,Physiotherapy care plan (record artifact),70704007,Sprain of wrist
ce1ee2e1-1b8f-57d4-b1c8-a462224fae27,2018-08-06,2018-10-14,b05986d8-6942-430e-28fa-8d453d8edce7,237580f6-6abd-c65d-a1b4-cafdde179ce5,47387005,Head injury rehabilitation,62106007,Concussion with no loss of consciousness
138d9911-6343-979c-8b35-b5f5ebb33bc7,2020-03-07,,b05986d8-6942-430e-28fa-8d453d8edce7,13c2d28f-62cf-5f6b-e544-ebb43976bc75,699728000,Asthma self management,233678006,Childhood asthma
daafca80-9866-0475-208e-337fd07bb73c,2020-08-05,2020-08-23,b05986d8-6942-430e-28fa-8d453d8edce7,c6450524-5767-78f4-20cb-9ee7be978042,53950000,Respiratory therapy,,
5e3afd44-d09c-2281-6a4c-831ce95b820b,2016-10-14,2016-11-15,758fa31d-0252-efe9-e87a-7e8d9761924f,571286fc-bb1c-0fcc-c2b1-76cc72a37c7a,773513001,Physiotherapy care plan (record artifact),44465007,Sprain of ankle
fd091513-08ea-ca76-c626-e1cddb12882f,2020-04-27,2020-04-27,758fa31d-0252-efe9-e87a-7e8d9761924f,1a13c705-3c85-6d78-df48-bd0eaf658cce,736376001,Infectious disease care plan (record artifact),,
33263569-393c-d3e9-660d-d8e17b895d08,2020-04-27,2020-05-15,758fa31d-0252-efe9-e87a-7e8d9761924f,1a13c705-3c85-6d78-df48-bd0eaf658cce,736376001,Infectious disease care plan (record artifact),,
61fcf09c-03ca-46e9-5b7e-c0ea566bf334,2022-03-31,2022-11-03,758fa31d-0252-efe9-e87a-7e8d9761924f,a2185f20-19a2-efa8-f926-e1452512f989,134435003,Routine antenatal care,,
37e29ffd-903e-a3aa-8cc5-8dd7ce711d1c,2024-05-30,,758fa31d-0252-efe9-e87a-7e8d9761924f,aaeb467a-738a-90ff-c7a0-220ddf4385ce,134435003,Routine antenatal care,,
720377ce-24b3-4a74-f474-4ab6d14917b5,1987-08-08,,dc6f2498-f02b-5b81-c0bf-759514986944,58b515bf-5d5c-0a75-c7d8-53da9e2eb3ed,736285004,Hyperlipidemia clinical management plan,55822004,Hyperlipidemia
aeb1d3ea-e19b-bdc5-03d5-2cb7f792557e,1995-07-08,,dc6f2498-f02b-5b81-c0bf-759514986944,ad48bdf7-ab84-8b7f-4b19-72825c120e83,698360004,Diabetes self management plan,15777000,Prediabetes
96d0b4b6-2a8c-41ff-d079-b1355cff3768,2011-06-26,,dc6f2498-f02b-5b81-c0bf-759514986944,86d0dfce-40a4-8f32-687c-400b68a483ec,408869004,Musculoskeletal care,239872002,Osteoarthritis of hip
ba77f872-2d80-e142-07eb-2dbb5edfb29f,2014-03-16,,dc6f2498-f02b-5b81-c0bf-759514986944,1bc77c60-9a99-c130-81ce-5885e5a0d4d3,276239002,Therapy (regime/therapy),,
b4864690-99c0-b21e-8ca8-1347bbd6413e,2017-11-02,2017-11-28,dc6f2498-f02b-5b81-c0bf-759514986944,80c941a8-73c2-f243-a670-2b12646eff49,225358003,Wound care,284549007,Laceration of hand
d0564e81-c3f2-7e03-e3eb-41d75b3d244c,2019-10-09,2019-12-14,dc6f2498-f02b-5b81-c0bf-759514986944,ec1d5a71-c4ab-51ba-f8fa-c350f94a0d9c,385691007,Fracture care,16114001,Fracture of ankle
cf4f9940-8f05-72e1-d36a-15d01ed690e8,2021-02-27,2021-12-04,dc6f2498-f02b-5b81-c0bf-759514986944,e6236f2f-7ecd-673a-1987-da2f71999aaf,53950000,Respiratory therapy,,
1713b249-a3d5-d27b-a407-131714fcf569,1946-05-29,,657e8bc7-d7e4-23f7-6222-0c62187f2ae8,7275328c-f81c-08a0-0202-f8cc3e86d6f3,384758001,Self-care interventions (procedure),,
76a49197-d975-42a0-693f-87bc62afc2d6,1992-01-03,,657e8bc7-d7e4-23f7-6222-0c62187f2ae8,5aad2730-414c-720d-2d98-a6bd8de0f0a7,736285004,Hyperlipidemia clinical management plan,55822004,Hyperlipidemia
b1c68e8a-f62e-129d-86b9-719c910c6b7b,2002-01-04,,657e8bc7-d7e4-23f7-6222-0c62187f2ae8,ed450bcf-f8e2-4b83-34c4-a1d5a25c08c3,734163000,Care plan (record artifact),60573004,Aortic valve stenosis (disorder)
6109b7fa-8e91-a9ca-2a5c-ad83f79acb70,2002-02-14,,657e8bc7-d7e4-23f7-6222-0c62187f2ae8,74596aec-abb3-61fd-0c17-8e7dd2473e27,736372004,Discharge care plan (record artifact),1231000119100,History of aortic valve replacement (situation)
8570d07d-226f-b845-b1e9-345d14eeac90,2004-01-09,,657e8bc7-d7e4-23f7-6222-0c62187f2ae8,65d67c8e-7518-a3fd-471c-6919bf8a7e85,443402002,Lifestyle education regarding hypertension,59621000,Essential hypertension (disorder)
c55a5504-7ec7-4327-94bb-815681f7388c,2014-03-28,,657e8bc7-d7e4-23f7-6222-0c62187f2ae8,e1e99aa1-3e9b-41ba-bd43-efc697c08c64,276239002,Therapy (regime/therapy),,
b3dfecba-84ab-cbf1-ad2c-f67bfaca3f09,1967-07-02,,bfc645a2-2ac5-c170-d4e7-9308d29c771d,82ea5458-92a9-9721-5373-e1130088b7ed,698360004,Diabetes self management plan,15777000,Prediabetes
3f349de6-3f20-0921-0eaa-9c9661c1706e,1987-09-14,,bfc645a2-2ac5-c170-d4e7-9308d29c771d,d94458ef-b0a2-4daf-fcbb-e921e51e30eb,408869004,Musculoskeletal care,239873007,Osteoarthritis of knee
4a687e37-c63a-3153-f9a7-77020e1f5f2f,2008-08-03,,bfc645a2-2ac5-c170-d4e7-9308d29c771d,b167080f-f9bf-d5da-b243-24b06d88950f,736285004,Hyperlipidemia clinical management plan,55822004,Hyperlipidemia
633da078-4320-cf1f-b195-c610142dff87,2015-08-30,,bfc645a2-2ac5-c170-d4e7-9308d29c771d,a9d84a6e-f0e1-aafc-3467-ae14c9f87af5,443402002,Lifestyle education regarding hypertension,59621000,Essential hypertension (disorder)
85013c40-acb1-8a75-4945-fc30aff22c53,2021-01-13,2021-03-23,bfc645a2-2ac5-c170-d4e7-9308d29c771d,8f2d3779-f992-4dc8-e164-9ea2dcfd4383,385691007,Fracture care,263102004,Fracture subluxation of wrist
840c822b-4862-0802-a757-61dfbb921cd5,2024-02-25,,bfc645a2-2ac5-c170-d4e7-9308d29c771d,d0b45dce-5203-9502-c672-8ce1d2ee5e45,53950000,Respiratory therapy,,
798e97fd-42ee-0150-ba5a-ecc242a469ac,1996-05-17,,6831c980-18a1-500c-618d-ca145f802d81,5f56c9ba-eca3-49b1-3e32-5cc2e35bb8fa,384758001,Self-care interventions (procedure),,
3f07cb86-c3b0-e221-62e3-ba0b68df6780,2014-04-08,,6831c980-18a1-500c-618d-ca145f802d81,79842ba9-d134-7c26-d5e6-f0bd33fd01bd,276239002,Therapy (regime/therapy),,
f5ad0587-314c-6ad8-bd71-3f4c085a8d6c,2020-06-09,,6831c980-18a1-500c-618d-ca145f802d81,65330071-7275-5a5c-6407-bb81e1dd4587,698360004,Diabetes self management plan,15777000,Prediabetes
9d2a8f53-e94c-b8df-f14d-6481d093904c,2023-05-10,2023-06-14,6831c980-18a1-500c-618d-ca145f802d81,025ae538-97ca-47aa-e174-8ce0d2028f14,773513001,Physiotherapy care plan (record artifact),,
9233e005-ed68-5efb-22f3-7271feca8498,2005-07-26,,17dcbeac-f347-b739-2355-2beefd337284,0835f567-56b9-ed63-9f4b-712a6602455c,698360004,Diabetes self management plan,15777000,Prediabetes
b0ccaf4e-f30d-9278-fb2a-02de114a9585,2011-05-30,,17dcbeac-f347-b739-2355-2beefd337284,0e424eed-0ae3-35fd-fa9d-f3e25bfe60aa,736376001,Infectious disease care plan (record artifact),86406008,Human immunodeficiency virus infection (disorder)
395602ba-570f-5e70-b24c-bbe69bb060d0,2023-09-09,2023-09-17,17dcbeac-f347-b739-2355-2beefd337284,e0374e37-4b80-8020-a7ad-09345efc008b,53950000,Respiratory therapy,,
75ad65a5-6bde-5063-d079-44aafe7efdc0,2017-01-22,2017-08-27,5650a23d-d874-1fe8-4fc7-37897025aee4,68cab805-be54-35d3-16e5-124aabe49540,134435003,Routine antenatal care,,
32a6f5b6-82c9-9628-1887-d4cce47a59da,2019-08-28,2019-09-23,5650a23d-d874-1fe8-4fc7-37897025aee4,869d192c-cf72-5738-f34c-b3bdec53818b,133901003,Burn care,403190006,Epidermal burn of skin (disorder)
024c11ac-75a3-3d6b-9ee8-f7e4856fbae9,2021-06-13,2022-01-23,5650a23d-d874-1fe8-4fc7-37897025aee4,65a967bb-6814-05c3-3949-5338ec6a9e86,134435003,Routine antenatal care,,
00d9435c-b6f6-fe46-f8df-3788bebdff00,1991-06-22,,2d558ee9-e763-dfa3-5559-94fb49e8de0f,6f6fad28-e3e5-a702-13f7-202c81a04a41,443402002,Lifestyle education regarding hypertension,59621000,Essential hypertension (disorder)
2b7e2728-9916-bbfc-1130-f7ea5e53a519,2006-09-16,,2d558ee9-e763-dfa3-5559-94fb49e8de0f,7d89da28-461e-02a0-811d-52cf2f2f0a96,698360004,Diabetes self management plan,15777000,Prediabetes
ee0654d6-237e-25c4-3b64-d9c8d3bf3649,2019-04-23,2019-05-08,2d558ee9-e763-dfa3-5559-94fb49e8de0f,35b08cff-8e4e-ee3c-bf42-948ebdb88594,773513001,Physiotherapy care plan (record artifact),44465007,Sprain of ankle
7b6f69bd-5136-c99f-1df3-fb86addeca84,2023-01-07,,2d558ee9-e763-dfa3-5559-94fb49e8de0f,a732d1f5-0e40-89a4-16ea-d72775215f30,736285004,Hyperlipidemia clinical management plan,55822004,Hyperlipidemia
9ace4b4b-b78c-54ec-d05f-5ad72f0173e2,2024-02-14,2024-03-05,2d558ee9-e763-dfa3-5559-94fb49e8de0f,f35359cd-ebec-5da6-976b-3f0b18a03450,773513001,Physiotherapy care plan (record artifact),44465007,Sprain of ankle
af8bee75-c6c4-b582-51e8-26d705fbe062,1978-09-27,,5acd414d-c3b2-0c03-3238-22d33f814a5e,b4b9da93-3db5-c491-c50c-52924d6dbd3d,698360004,Diabetes self management plan,15777000,Prediabetes
3c2785c4-15de-1737-45c3-7e9832ce440a,1993-10-13,,5acd414d-c3b2-0c03-3238-22d33f814a5e,0d5e35f9-0e0b-dc7d-7a3d-da8fe881735b,443402002,Lifestyle education regarding hypertension,59621000,Essential hypertension (disorder)
249ca20e-6c2b-50ee-50f0-a8364815975a,2015-01-14,,5acd414d-c3b2-0c03-3238-22d33f814a5e,1df1a13b-f8e9-7520-907e-a207cf1b29dd,736285004,Hyperlipidemia clinical management plan,55822004,Hyperlipidemia
4c378ae7-2e19-423a-029c-9bb31d7f6aef,2014-02-01,,2dddc3be-d7b7-51e3-ebaa-035bc112e376,5cbf3fa7-ed98-b4c5-8e54-f7cf2f53351e,443402002,Lifestyle education regarding hypertension,59621000,Essential hypertension (disorder)
7728b8d6-03ab-f1cf-6394-5da62d95f136,1974-09-16,,6e00cfb3-c955-bc8c-58b8-bf9a045a6f8d,5f69ec2c-07b3-440f-d7fd-14eff38dc46a,384758001,Self-care interventions (procedure),,
2d3d851d-10c2-c761-3295-d4482080e376,1976-05-05,,6e00cfb3-c955-bc8c-58b8-bf9a045a6f8d,eadd66a4-e41b-6b4e-6c8b-27d02ce08d9a,718361005,Weight management program,,
be9e6a6f-e201-ac1a-0448-408062cc999a,1992-07-22,,6e00cfb3-c955-bc8c-58b8-bf9a045a6f8d,594c201c-aeee-3843-15a9-bc421cdec85d,698360004,Diabetes self management plan,15777000,Prediabetes
04d93713-c9d4-2b02-26f9-278e600c2e27,2017-01-06,2017-02-13,6e00cfb3-c955-bc8c-58b8-bf9a045a6f8d,3d1a1e6f-f62f-b191-3de2-46754605a09b,773513001,Physiotherapy care plan (record artifact),44465007,Sprain of ankle
0ac5ebdb-3fe3-54cb-6028-49d52d0fa84a,2022-04-26,2022-06-26,6e00cfb3-c955-bc8c-58b8-bf9a045a6f8d,032eb7a6-d264-6231-2b6e-2bf25fe6fc9c,47387005,Head injury rehabilitation,62564004,Concussion with loss of consciousness
0d308509-9724-615a-01c1-42bcd4ae2f53,2024-06-12,,6e00cfb3-c955-bc8c-58b8-bf9a045a6f8d,e312c864-f4a0-c391-291f-5578975ade6c,443402002,Lifestyle education regarding hypertension,59621000,Essential hypertension (disorder)
b92dad14-cbd1-6971-b233-c8d70a97ec3d,1988-04-20,,6e11b63e-ca97-b488-5c36-53a570ec40c8,5d1e6b5c-d0b9-8b2b-87f2-8418e23835bb,384758001,Self-care interventions (procedure),,
ca53778c-8c19-7bfd-0fa4-5e7ed707e244,1991-05-17,,6e11b63e-ca97-b488-5c36-53a570ec40c8,5b7c5925-29e8-d05f-4ed0-d2f9261ee6aa,699728000,Asthma self management,233678006,Childhood asthma
dc3b0a1c-6991-e01d-764d-71a64a757c10,2010-04-21,,6e11b63e-ca97-b488-5c36-53a570ec40c8,cd76777d-9e04-8722-8a28-c0f729f4108d,698360004,Diabetes self management plan,44054006,Diabetes mellitus type 2 (disorder)
586206ce-6aa2-c9b6-1db5-99edba7b33ff,2019-06-12,,6e11b63e-ca97-b488-5c36-53a570ec40c8,a7dafbdd-90b4-f9b2-09c5-019f39a8d0b0,443402002,Lifestyle education regarding hypertension,59621000,Essential hypertension (disorder)
772f2ff7-a58c-9a02-818a-1909f38208b7,2020-03-18,2020-10-21,6e11b63e-ca97-b488-5c36-53a570ec40c8,06e0624b-3ce1-b33a-bdc8-1aed69f4fd7b,134435003,Routine antenatal care,,
1689b9d8-a4ad-98ab-55ae-01e5ea2d1be7,2022-03-16,2022-10-26,6e11b63e-ca97-b488-5c36-53a570ec40c8,dcc69213-056b-49cc-d9cf-2db113b660bb,134435003,Routine antenatal care,,
5c12cb17-1b8d-a0ee-c14b-16fe99f58037,2022-12-27,2023-01-14,6e11b63e-ca97-b488-5c36-53a570ec40c8,d8c433cf-76a3-f0a0-8844-baf5ddebfc32,737471002,Minor surgery care management (procedure),,
e25d2989-3a5f-c3de-9081-a17bbf9681bf,1993-03-11,,852c935f-a749-c3ef-d33a-dd4c10949eae,ebfebf2a-09ba-f7a7-497d-87db24dbfbdd,384758001,Self-care interventions (procedure),,
31a7bdc7-4577-bb74-24d8-b8dde98a4120,2017-10-24,2020-08-03,852c935f-a749-c3ef-d33a-dd4c10949eae,0ba830c1-b5ce-01b7-6853-921a500aa65c,53950000,Respiratory therapy,,
8ed29f09-fbec-40ec-e6c6-f96ea7690d97,2019-09-23,2020-05-05,852c935f-a749-c3ef-d33a-dd4c10949eae,7cc6aa38-d3e0-a08f-8e90-2726241c2078,134435003,Routine antenatal care,,
04c86579-064b-b3b0-7f03-d3d52f34ed1f,2021-06-07,2022-01-10,852c935f-a749-c3ef-d33a-dd4c10949eae,6f6bc1a4-d7c6-7b53-e7a0-3a3225c643ec,134435003,Routine antenatal care,,
4f4fdbeb-fbf8-0ca7-d075-cf5eb9888c68,2023-07-24,2024-02-19,852c935f-a749-c3ef-d33a-dd4c10949eae,873a7a4a-4093-8471-6f91-3aa726d93f57,134435003,Routine antenatal care,,
07e47b13-ef78-5bb7-21a9-36ff2c0dedaf,2024-04-16,2024-05-11,852c935f-a749-c3ef-d33a-dd4c10949eae,f1c1ea27-f9f4-6781-ea67-8d621125ba17,225358003,Wound care,283371005,Laceration of forearm
df1f2570-60e7-45bc-d92a-6c8770607a92,1993-06-24,,2843971f-db87-7e8a-e7a3-8c6ee7a509d8,b6551053-c965-0b92-b739-e83b7fea1583,698360004,Diabetes self management plan,15777000,Prediabetes
a5931be2-0258-1f94-2101-4085900c1ccc,1999-06-10,,2843971f-db87-7e8a-e7a3-8c6ee7a509d8,fc2187d9-9b9e-cfbb-22a4-eef4cc1a6208,443402002,Lifestyle education regarding hypertension,59621000,Essential hypertension (disorder)
83d236be-6c0d-476f-723b-25bc6222b821,2014-03-14,,2843971f-db87-7e8a-e7a3-8c6ee7a509d8,4792576f-8d20-9fad-b2a8-a4d32eed53d6,276239002,Therapy (regime/therapy),,
deb503cb-1cf7-3724-c5e6-f4c6393b3a23,2016-09-22,2016-10-08,2843971f-db87-7e8a-e7a3-8c6ee7a509d8,21007d00-85c5-0e4c-ebd1-b21ac151a655,225358003,Wound care,284551006,Laceration of foot
b4e5a9e2-8b53-f69a-748c-84406b848455,2016-07-18,,320dae98-e9b4-c759-9c91-9bbd264ddbb8,69d45e1d-78cc-d5dc-0e71-7de43e0fe3d1,384758001,Self-care interventions (procedure),,
90cebe53-0b9b-ca1c-ca58-065584d008fa,2007-11-23,,d2dc70ec-793d-dd94-f004-7fc37a7f1f9f,d11b23d6-1669-487a-d83b-c21320f6c88b,698360004,Diabetes self management plan,15777000,Prediabetes
f0bb57dc-5837-b727-64d2-e990fb30d8ff,2013-12-29,2015-12-25,d2dc70ec-793d-dd94-f004-7fc37a7f1f9f,99825ddb-3e96-5097-c215-bbcf5862f31e,53950000,Respiratory therapy,,
56d29212-f6fa-95ef-17fb-f6d64f417e64,2021-03-01,2021-12-31,d2dc70ec-793d-dd94-f004-7fc37a7f1f9f,705db954-87f8-4a8f-fe6e-9142e526030d,53950000,Respiratory therapy,,
d14e7d72-e706-6dda-0824-ba17e9e98ab9,2022-05-02,2022-05-20,d2dc70ec-793d-dd94-f004-7fc37a7f1f9f,11477197-5f9f-df40-b764-7b4632b0b2a8,53950000,Respiratory therapy,,
467aac4d-3db1-452d-203c-6d57bddbf4b8,2024-05-24,2024-06-11,d2dc70ec-793d-dd94-f004-7fc37a7f1f9f,06295e49-5e04-bb64-af2c-a0b16e92a36a,225358003,Wound care,370247008,Facial laceration
6376509e-9ce1-73f0-c905-7d1c944dd278,2014-11-06,2014-11-30,e2e036d8-35b3-38cb-bd3a-f7038b9b975f,e6a63486-49ca-89ff-b63c-cbf8371bd837,225358003,Wound care,284551006,Laceration of foot
b4d23f6a-0405-2862-176e-9c4746b73732,2004-11-25,,5fb13308-7cb9-fafe-b5d8-0eb2a621f55b,522b8c2e-bf2f-4501-076f-b6ba11f15bdc,736285004,Hyperlipidemia clinical management plan,55822004,Hyperlipidemia
39bafc0b-3f0e-c5bf-3479-93ff28650aca,2010-11-04,,5fb13308-7cb9-fafe-b5d8-0eb2a621f55b,fd397e68-9527-e625-3fde-a7f15ea8f29f,734163000,Care plan (record artifact),78275009,Obstructive sleep apnea syndrome (disorder)
1928f58a-1155-5273-38f4-0f5d6c684d31,2023-07-05,2023-07-21,5fb13308-7cb9-fafe-b5d8-0eb2a621f55b,6ac2d014-7b59-472c-6af8-5cb88dc884fb,225358003,Wound care,283371005,Laceration of forearm
56d6a079-3cb9-ee2c-4873-4dc1e2515ca5,1999-12-16,,72c06d06-5c6e-54df-6e12-e751938327a4,bb4306a9-f403-ed4c-5dd0-8004abb673c3,698360004,Diabetes self management plan,44054006,Diabetes mellitus type 2 (disorder)
626d4dd9-15ba-123f-85cf-e9c714d2eb0f,2000-12-21,,72c06d06-5c6e-54df-6e12-e751938327a4,a6527868-a23a-9e76-0f26-1c57e726eabd,443402002,Lifestyle education regarding hypertension,59621000,Essential hypertension (disorder)
0298fb53-3cb8-edbd-f1b8-55199ba27be8,2014-03-24,,72c06d06-5c6e-54df-6e12-e751938327a4,729b7617-66f3-8421-6406-53d1f49feb15,276239002,Therapy (regime/therapy),,
e226f4e6-c439-c587-f51c-8ac0deae6726,2016-11-17,2016-12-04,72c06d06-5c6e-54df-6e12-e751938327a4,70134589-cdf8-fa4e-0416-fe0fa142a876,53950000,Respiratory therapy,,
03419500-7906-552e-28f2-6ae109dec925,2023-05-19,2023-06-22,72c06d06-5c6e-54df-6e12-e751938327a4,85c69e51-82f5-bb73-db23-2cca57707e0b,773513001,Physiotherapy care plan (record artifact),70704007,Sprain of wrist
428f6d3c-eed5-f87b-d753-fe53bc03b63d,2023-09-24,2023-10-02,51b7099c-78e7-fd4a-4f92-8dc4ad5d0271,05d160e8-c43c-df37-31fe-3cf319e768fc,53950000,Respiratory therapy,,
6b2a3713-427c-e5b3-a172-a6a4bc123245,2024-01-28,2024-02-14,51b7099c-78e7-fd4a-4f92-8dc4ad5d0271,1ef8e6f1-a7d6-b080-7e29-5512bbbe833e,773513001,Physiotherapy care plan (record artifact),44465007,Sprain of ankle
fe95f5e7-dfd1-ec64-dd81-ea440831a790,2002-08-26,,7979fc75-36a6-ba7b-fc7b-c6ee4eebb6fb,4bdb3998-72f8-f8af-7a45-8563e6f7da0b,443402002,Lifestyle education regarding hypertension,59621000,Essential hypertension (disorder)
5dd65698-b907-41d1-2ae8-fcc641435027,2014-03-24,,94e6e8f5-8cdf-3a98-9a25-e3d6e7835b42,c4e22893-df4e-db2d-3bb4-e0158334b06b,276239002,Therapy (regime/therapy),,
7d2749ea-dda4-0782-7ed0-bce583180fb2,2015-05-23,2015-12-19,94e6e8f5-8cdf-3a98-9a25-e3d6e7835b42,c81b4f5f-fbd3-c969-4e8d-cc4202037313,134435003,Routine antenatal care,,
c6ea9e03-b976-69ac-66b6-6b8a9a5617c9,2018-01-22,2018-09-03,7979fc75-36a6-ba7b-fc7b-c6ee4eebb6fb,e631ba2f-6f01-cab5-6ba1-573324b43e35,134435003,Routine antenatal care,,
aee984fa-698a-61eb-fd09-120a5c4b445c,1971-07-16,,9bfdd45b-ab6c-71d4-e124-b19681aa6ac2,a4bdd3d0-2633-cf17-1ce7-7487982bf092,698360004,Diabetes self management plan,15777000,Prediabetes
1ab6a52b-b68e-ff7b-b459-139f7fdf60fb,1977-07-22,,9bfdd45b-ab6c-71d4-e124-b19681aa6ac2,3121c128-231e-eac2-6b00-db324f8ace35,443402002,Lifestyle education regarding hypertension,59621000,Essential hypertension (disorder)
99d9a1c8-69a5-df2c-cd1e-e856ca5b3e9e,2010-02-21,,9bfdd45b-ab6c-71d4-e124-b19681aa6ac2,61d624a6-629d-79be-f44a-42983adc86ea,736285004,Hyperlipidemia clinical management plan,55822004,Hyperlipidemia
0409718c-f6c8-7ac7-888c-47232cbb31ed,2014-08-03,2015-03-06,9bfdd45b-ab6c-71d4-e124-b19681aa6ac2,9052dd10-f1d8-b9cd-4b4e-b91ea8568ef9,53950000,Respiratory therapy,,
979a426b-3ee4-53ba-cd8a-ea09233c3acf,2019-01-05,2019-02-20,9bfdd45b-ab6c-71d4-e124-b19681aa6ac2,a7b51de4-a341-5f11-fa22-40dc89d46fec,385691007,Fracture care,58150001,Fracture of clavicle
77949a96-197f-5ca7-a7c9-08318bd3ed11,2020-04-03,,9bfdd45b-ab6c-71d4-e124-b19681aa6ac2,a16e246a-77ec-24b6-608e-af8a1e26e73c,386257007,Dementia management,26929004,Alzheimer's disease (disorder)
dbbde1ce-46e3-53ff-d5a2-566c69c10fdc,2016-02-28,2016-03-16,0232ad22-8193-783f-ab58-ffabcc735f11,3cd4446d-bfff-da83-1873-f63f9199ecce,225358003,Wound care,284549007,Laceration of hand
4138c2f8-1c0c-3e17-c6f7-933c0956b9c4,2018-03-16,2018-04-14,0232ad22-8193-783f-ab58-ffabcc735f11,0630df87-3be6-91a8-ac12-18204723591f,133901003,Burn care,403191005,Second degree burn
ea1571a7-4c5e-969e-c086-c949f438b30b,2018-11-06,2019-11-26,0232ad22-8193-783f-ab58-ffabcc735f11,7840edbe-ffab-742d-8505-5326f3dea862,53950000,Respiratory therapy,,
78796de7-d2a4-d9ef-1ed6-86579c0a57ce,2022-03-31,2022-08-22,c4f8f583-ea36-ea64-4678-72d3faca7254,eae4feb1-49c0-fc96-02a8-e7c3c1b5946f,53950000,Respiratory therapy,,
5c42d26c-e00d-554e-490d-1a1e5254400f,2024-06-14,,c4f8f583-ea36-ea64-4678-72d3faca7254,30145f8f-8b0f-13e5-27f1-c37e9c790b24,53950000,Respiratory therapy,,
ee145ebb-ccce-ab55-3d0b-c0e3929d2433,1966-02-12,,cce50dae-e2ea-c5d8-32d6-b3affaf4610e,9a655962-a1c3-e18c-8fe5-edbd439c04cc,698360004,Diabetes self management plan,15777000,Prediabetes
f821d63e-be83-6a56-449c-a57ed680ba77,1982-04-17,,cce50dae-e2ea-c5d8-32d6-b3affaf4610e,b56fbea5-7e30-f293-5e31-efd632df2649,736285004,Hyperlipidemia clinical management plan,55822004,Hyperlipidemia
7d43a26e-56be-7f91-88cc-329451688cf7,1993-05-29,,cce50dae-e2ea-c5d8-32d6-b3affaf4610e,4f7b269c-71b2-fc9e-4402-2a304e96d985,443402002,Lifestyle education regarding hypertension,59621000,Essential hypertension (disorder)
2845b715-7513-e05e-6536-8139301ab965,2017-07-06,2017-10-14,cce50dae-e2ea-c5d8-32d6-b3affaf4610e,cd395ce8-b376-0f2c-c41a-d4ed50367c6c,53950000,Respiratory therapy,,
291cb2dc-7b27-c0bb-0eb0-df49bfa5cc1d,1989-02-02,,a60c61b7-cfe7-1ce2-1130-172b8ee1237d,f31dfaaa-5777-9f2d-3d3c-bbe9a00f7e34,698360004,Diabetes self management plan,15777000,Prediabetes
15d19ad9-5361-d074-35dc-3d1a66adb5c0,2012-12-20,,a60c61b7-cfe7-1ce2-1130-172b8ee1237d,f71835c1-4c7a-89e6-5afd-1791fe548cc0,443402002,Lifestyle education regarding hypertension,59621000,Essential hypertension (disorder)
77ced095-3560-a618-98c9-99fddacd7a0e,2005-01-19,,b937a4b9-698a-4a94-4ff8-03e34b8c9451,219d619e-0ea5-dadf-df7c-d56dfb8ee95a,698360004,Diabetes self management plan,15777000,Prediabetes
959b0edc-b080-6f89-586f-336859ea855b,2014-11-26,2015-02-18,b937a4b9-698a-4a94-4ff8-03e34b8c9451,dc256327-27e9-4478-824e-b01f5efcf81b,53950000,Respiratory therapy,,
55c1ea5b-d63c-1243-7ae7-f13c5bbe1eb6,2019-07-30,2019-09-04,b937a4b9-698a-4a94-4ff8-03e34b8c9451,6dc9a269-1503-ad25-08f6-b3961715ad4b,408869004,Musculoskeletal care,,
8e7a6074-0b95-6c85-dc2b-763b73780f3b,2022-03-30,,b937a4b9-698a-4a94-4ff8-03e34b8c9451,f21f7149-183f-090d-8b39-d6d16661b1fb,443402002,Lifestyle education regarding hypertension,59621000,Essential hypertension (disorder)
4eec28f1-1a0f-4e15-cafb-1bbcdec238f8,2022-06-13,2023-04-05,b937a4b9-698a-4a94-4ff8-03e34b8c9451,456918f9-8b98-1387-58f2-b21640e53a68,53950000,Respiratory therapy,,
92b3e2ab-e6fc-0097-8688-9bf0b8ca51a7,1982-11-05,,11c391fc-1bf9-e1ad-a257-f6fff746ef33,826d837b-01d9-f932-aa05-d5d77accf906,384758001,Self-care interventions (procedure),,
318575c2-b037-e4b9-9932-cb49a731fe0d,1993-11-07,,11c391fc-1bf9-e1ad-a257-f6fff746ef33,0293ec93-f4ae-9088-502a-8bb93957d47e,718361005,Weight management program,,
f53e3fc9-7660-04c1-ceb1-b859b3597ed3,2003-12-21,,11c391fc-1bf9-e1ad-a257-f6fff746ef33,ac290320-ee2d-09a2-cfdf-b3fa8e47cf4f,698360004,Diabetes self management plan,15777000,Prediabetes
5c413bc4-40d2-a209-3ceb-31b976be4581,2015-03-22,2015-05-11,11c391fc-1bf9-e1ad-a257-f6fff746ef33,c5c41034-2d9b-8f2c-d4d1-b434a90b09de,133901003,Burn care,403190006,Epidermal burn of skin (disorder)
fc78c77a-eb78-ded0-b73d-227086274800,2019-07-29,2019-08-16,11c391fc-1bf9-e1ad-a257-f6fff746ef33,439cfb5f-01a1-aa75-6c7f-27ccb04693a0,225358003,Wound care,283385000,Laceration of thigh
e3233b55-33e1-3ce6-2c12-2ed99a33dcaf,2020-03-04,2020-03-17,11c391fc-1bf9-e1ad-a257-f6fff746ef33,1505d71c-96d5-4636-31ac-2033289dda13,53950000,Respiratory therapy,,
5a529810-9837-c1c6-5fa8-dd8808d53ab6,2020-08-30,2020-08-30,11c391fc-1bf9-e1ad-a257-f6fff746ef33,a6856c2f-0516-ff0f-7480-e6dd8050bb9d,736376001,Infectious disease care plan (record artifact),,
d779f871-14c1-39f6-e948-3e42a2dadddc,2020-08-30,2020-09-23,11c391fc-1bf9-e1ad-a257-f6fff746ef33,a6856c2f-0516-ff0f-7480-e6dd8050bb9d,736376001,Infectious disease care plan (record artifact),,
702ed7c5-5a97-90ee-1e59-9de95aa5732e,2021-03-28,,11c391fc-1bf9-e1ad-a257-f6fff746ef33,bbc7eb38-618e-9b10-7e93-b34555c8231a,443402002,Lifestyle education regarding hypertension,59621000,Essential hypertension (disorder)
d7514133-a0a3-67b5-c34a-1f04fa980d38,2005-12-13,,e1a68dfa-92cf-e1d5-84dc-e4e22dcfeefd,6b327947-25c5-8cde-ae65-f236f81fbf81,734163000,Care plan (record artifact),,
378cd083-3276-67b6-fa4e-ed24ffb23ab2,2016-05-11,2016-05-18,e1a68dfa-92cf-e1d5-84dc-e4e22dcfeefd,617cf1ea-bae4-57e8-e008-514462e2923e,53950000,Respiratory therapy,,
a8eca01c-05d6-ad85-8864-578fa5e72da7,2021-03-05,2021-04-21,e1a68dfa-92cf-e1d5-84dc-e4e22dcfeefd,5dbc0a6e-25dd-846a-fdb7-99ffbd856d8b,47387005,Head injury rehabilitation,62106007,Concussion with no loss of consciousness
55f296f4-0069-67fb-f6a5-a78bcc646f4d,2013-12-17,,dda23397-4129-b633-35c7-6004bbbf7f63,c3823a4a-5efd-d39a-8581-ebd0934545d2,698360004,Diabetes self management plan,15777000,Prediabetes
fda6378d-1b1e-0b57-60dc-5c709bb355d9,2020-04-28,2020-04-28,dda23397-4129-b633-35c7-6004bbbf7f63,139a8a24-af49-3ba0-2591-a0803ab42dc0,736376001,Infectious disease care plan (record artifact),,
f1c779b8-9c5f-7bd7-c7bc-45bd216778ef,2022-08-30,2023-04-04,dda23397-4129-b633-35c7-6004bbbf7f63,6db2bbc7-c80e-8689-1f7f-69ce00c7247b,134435003,Routine antenatal care,,
8079b13b-6545-61a3-1f86-feeed426ae0c,2023-12-09,,dda23397-4129-b633-35c7-6004bbbf7f63,bf76836e-8a76-674b-c770-1ec190406624,443402002,Lifestyle education regarding hypertension,59621000,Essential hypertension (disorder)
7ca51f77-eeee-c299-069d-f02c64fd2915,1995-04-29,,d6ad9096-0f9c-78df-ce48-261df3a7d3b3,c8028b00-1288-366c-d82b-a487bef42e99,698360004,Diabetes self management plan,15777000,Prediabetes
fa72a479-06c0-e0ac-7701-0e9d01f62c37,2015-02-14,2015-09-26,d6ad9096-0f9c-78df-ce48-261df3a7d3b3,a339ff92-67c3-bf27-c207-fa5127f89ea9,134435003,Routine antenatal care,,
4e3c9469-4396-ba61-d65e-27ede471b1a2,2021-12-03,2022-02-15,d6ad9096-0f9c-78df-ce48-261df3a7d3b3,ba41fbab-c3be-b93c-47bf-d5fbe76f4b2f,47387005,Head injury rehabilitation,62106007,Concussion with no loss of consciousness
accb99cc-b8dd-0110-4364-24b788b4e17a,2023-05-07,,d6ad9096-0f9c-78df-ce48-261df3a7d3b3,e406d277-52f5-b592-de1e-ba9b2160c66b,735984001,Heart failure self management plan,88805009,Chronic congestive heart failure (disorder)
bd347470-5eaa-bcc4-73be-7d379673c67d,2017-03-28,,65c14519-8976-3074-3fd9-72e137b3898f,0f3d3e0d-3494-6c5d-5a8f-c9b1257396eb,698360004,Diabetes self management plan,15777000,Prediabetes
3edd563e-0ecd-4003-932f-5d662a3fa708,2016-03-05,2016-07-27,1382ee28-1a30-684a-f247-1518b99be18f,965605c3-b6f0-4287-b43e-3cf3d7ece19f,53950000,Respiratory therapy,,
99fb5e53-e4c5-00e9-4e7f-90923f4cb2ca,2023-05-21,2023-07-18,1382ee28-1a30-684a-f247-1518b99be18f,6665ce17-1078-f840-c512-0fda7a767451,385691007,Fracture care,33737001,Fracture of rib
494e0bcd-7a1b-3eb1-b554-4b0d8102c803,1994-04-23,,b3c6f466-2f99-d94f-0df0-3291fc16fffd,dc717b54-8727-1e30-9eae-a631fd990fad,698360004,Diabetes self management plan,44054006,Diabetes mellitus type 2 (disorder)
9b6eba24-53e6-41d1-bf8b-1beb4b18d1a4,2012-06-21,,bd5f0d59-123d-593a-7ac2-9e28922b54d7,a1ea43a0-b9a8-b94e-5ebe-62b2d6254989,134435003,Routine antenatal care,,
7633e8e4-dcda-1317-7115-62625b5b52c6,2018-03-19,2019-12-26,bd5f0d59-123d-593a-7ac2-9e28922b54d7,0920edf8-e3e9-a28d-08f5-77c496a75d6f,53950000,Respiratory therapy,,
b796211c-37a8-16ec-fbc7-58d5449abf91,2018-03-19,2018-04-05,bd5f0d59-123d-593a-7ac2-9e28922b54d7,3afa91a7-9163-0322-d621-f735b97ce984,737471002,Minor surgery care management (procedure),,
5c39e1af-21c2-7769-8b31-dfd7078eda0c,2021-03-01,2021-03-01,2bd7eb48-2c1f-7522-e847-5fb195aa33a9,29c175e7-863f-c364-781f-f6134e167fdf,736376001,Infectious disease care plan (record artifact),,
863fb972-9190-5a35-8822-ea2d3202225b,2021-03-01,2021-04-05,2bd7eb48-2c1f-7522-e847-5fb195aa33a9,29c175e7-863f-c364-781f-f6134e167fdf,736376001,Infectious disease care plan (record artifact),,
bf596aa1-a879-69a3-4cd0-9233dac961e9,2017-11-29,2017-12-18,60088ffd-79f4-cfc7-ae95-e1b58412059e,232dec15-40a5-81a9-c4f9-17e7be88e608,225358003,Wound care,370247008,Facial laceration
f4ee8c6d-978a-1f57-9dc1-63ba5cc74edb,2020-01-11,2020-02-23,60088ffd-79f4-cfc7-ae95-e1b58412059e,b20aed08-11ff-32e4-1eb2-80207efad346,385691007,Fracture care,65966004,Fracture of forearm
ebd8cbd4-3068-b2f2-d81d-39164887c377,2008-11-09,,942ad56c-8742-e370-8641-7ad6044f73c9,8bc422fb-7f05-84d1-3a8d-6ca458d5e18c,699728000,Asthma self management,233678006,Childhood asthma
39ee7191-125d-7327-120e-95185a8e1794,2014-08-19,2014-10-21,942ad56c-8742-e370-8641-7ad6044f73c9,a1243ade-1094-de9e-7cb4-bd8f72ae1539,47387005,Head injury rehabilitation,62106007,Concussion with no loss of consciousness
5d0a1073-d8fc-e3fc-6385-1ab5ce0e29be,1988-12-26,,811e513a-d067-57ad-6eaa-f797c76faaaf,fea376f1-3cde-ef41-81d1-db32727e19af,711282006,Skin condition care,24079001,Atopic dermatitis
bd29e9bd-18c0-ffb7-5f37-3b64a4a4f5af,1989-01-07,,811e513a-d067-57ad-6eaa-f797c76faaaf,cf8cbc70-0f71-e81c-370f-9292c01bc303,384758001,Self-care interventions (procedure),,
b0f62f29-6b5f-5376-5024-a3456f158687,1999-12-15,,811e513a-d067-57ad-6eaa-f797c76faaaf,48817462-c39e-48e0-e1dd-85bbd5e3ef15,718361005,Weight management program,,
34fab200-cda6-0799-d8e6-459e13c12cd2,2014-02-05,,811e513a-d067-57ad-6eaa-f797c76faaaf,4ea7ad04-0072-74f4-c653-9bf4a426e8fd,443402002,Lifestyle education regarding hypertension,59621000,Essential hypertension (disorder)
8b89e86c-a8dc-1a5f-d637-16f055403438,2016-08-31,2017-04-05,811e513a-d067-57ad-6eaa-f797c76faaaf,07af1bd0-4896-1e95-9b5c-12a6e85341a3,134435003,Routine antenatal care,,
44400ec4-3736-a8fa-a0f2-307c5ea190dc,2021-03-17,,811e513a-d067-57ad-6eaa-f797c76faaaf,5143b76d-7835-bf2d-650c-ecb9d6c31af4,698360004,Diabetes self management plan,15777000,Prediabetes
ca36682d-35a7-8358-dfa4-e28123c41e6e,2024-02-22,,8ffb0ee3-0990-ae11-639e-f8839c3bd59d,4bc8c843-0d11-710c-e6ad-3dfb70965bcc,53950000,Respiratory therapy,,
4b45405a-dec5-a71c-c96d-559c07fcadb3,2023-01-11,2023-09-13,811e513a-d067-57ad-6eaa-f797c76faaaf,28b13e0e-21a4-fa78-3202-bc142eb6f79a,134435003,Routine antenatal care,,
81ce55b9-672c-0d31-de4a-929ba2916c74,2024-08-21,,811e513a-d067-57ad-6eaa-f797c76faaaf,4d9d832e-666e-9682-f44b-fcff0084037a,134435003,Routine antenatal care,,
66eaa8a5-3542-5ba8-758b-09fd27e1471e,2021-06-05,,0cf6c286-ea60-44a0-2510-2fd0bb1fba20,9d82e4dd-7b24-e300-e0e6-e6a5d15aa2e0,443402002,Lifestyle education regarding hypertension,59621000,Essential hypertension (disorder)
ec0a444d-2d2b-6dc1-b8cc-b21de9f7b7a6,2015-10-29,2015-11-25,c6908dd7-07bb-6019-e6a0-19334e1222e3,82227164-37ee-7922-570c-f5e873a91b5b,225358003,Wound care,283371005,Laceration of forearm
ca1c378d-0438-4ae9-e7df-a39bec4e0744,2016-11-13,2017-02-06,c6908dd7-07bb-6019-e6a0-19334e1222e3,a4c1f052-d84b-165c-f529-c9fd67657d39,385691007,Fracture care,16114001,Fracture of ankle
9c7c31ea-1a3a-6e41-a284-fd98c24cf1be,2019-01-07,,c6908dd7-07bb-6019-e6a0-19334e1222e3,326a25f0-bd36-fb22-f2b1-6be747e930b8,386522008,Overactivity/inattention behavior management,,
a36fe1dc-76fe-c277-f68d-fe9416514e4f,2020-02-03,2020-02-13,c6908dd7-07bb-6019-e6a0-19334e1222e3,7e69423f-b941-0b0e-d5c7-fc430e99ce0d,53950000,Respiratory therapy,,
47a3e0ef-a849-440b-0b2c-c0ad65d02530,2023-02-13,2023-03-03,c6908dd7-07bb-6019-e6a0-19334e1222e3,529c39e8-b6db-9a0e-a102-32c05ad5fb57,225358003,Wound care,283385000,Laceration of thigh
ebcf5573-5497-a69f-bf60-d49ce9826148,1972-03-14,,a98021e4-9067-3c5a-9d66-2214f43758b1,029b7029-1bf2-f97c-60bb-3a5e1871510b,698360004,Diabetes self management plan,15777000,Prediabetes
ea6ba260-2006-6fe7-27dc-b83e2ed01153,1986-10-07,,a98021e4-9067-3c5a-9d66-2214f43758b1,ac57e4a3-0629-a1c3-3d5c-586e57947e68,443402002,Lifestyle education regarding hypertension,59621000,Essential hypertension (disorder)
697f69f2-48dd-b261-2c5a-2b54f09cfd9b,1989-02-02,,a98021e4-9067-3c5a-9d66-2214f43758b1,e703f7de-1b39-3ff2-268d-63b59f28997e,408869004,Musculoskeletal care,239873007,Osteoarthritis of knee
25379812-768a-d6b4-7763-8dac2b84001d,2013-09-27,,a98021e4-9067-3c5a-9d66-2214f43758b1,498084d3-7dff-9118-a07d-0774a8a51307,736690008,Dialysis care plan (record artifact),,
ea7980a0-841e-357b-b980-3828900ac646,2014-09-16,2014-10-03,a98021e4-9067-3c5a-9d66-2214f43758b1,2fbf51ec-6fc7-f9da-ea50-8fdcbbdedf7b,225358003,Wound care,283371005,Laceration of forearm
bf6dd8fa-7ead-812a-9f5d-424f4a2e6deb,2019-01-01,,a98021e4-9067-3c5a-9d66-2214f43758b1,cb2a78cf-d203-d9ae-1fb8-acef5bad988c,734163000,Care plan (record artifact),,
315dc153-6141-9805-8442-9c9022596276,2024-04-13,,a98021e4-9067-3c5a-9d66-2214f43758b1,67ae486d-8317-615e-96eb-88ebb211f606,395082007,Cancer care plan,109838007,Overlapping malignant neoplasm of colon
b19fbf9d-0f70-c407-69e0-8092b55ea99c,2024-04-23,2024-05-03,a98021e4-9067-3c5a-9d66-2214f43758b1,cd3948e4-344e-3314-f53b-adec17bface7,737567002,Major surgery care management (procedure),109838007,Overlapping malignant neoplasm of colon
ffffcdd1-eb31-397d-13d1-59eaadc14b08,2024-06-05,,a98021e4-9067-3c5a-9d66-2214f43758b1,90bc8257-c8c0-a920-0d1b-87c35bc33387,385691007,Fracture care,58150001,Fracture of clavicle
e0eff8bb-91d2-930c-38ac-3a08f1382b96,2006-09-20,,264c09d5-3ad7-c7f7-ece4-f76a96332ba8,27b645c6-f231-4ddb-2c48-1ebf4c0ef24b,698360004,Diabetes self management plan,44054006,Diabetes mellitus type 2 (disorder)
e49f6150-dca0-b633-d8a7-ec8c5014cb04,2021-06-08,2021-09-29,264c09d5-3ad7-c7f7-ece4-f76a96332ba8,dfddbdd0-1792-84fc-bbf8-c1f430b93da9,408869004,Musculoskeletal care,,
86ea686c-8d63-248e-91a4-c8d89499133a,1953-07-28,,fdcbc876-a67f-fbc6-93e9-07b88412c92b,c2d1ae62-bcf4-f13c-ce53-48bfde945505,384758001,Self-care interventions (procedure),,
c8eca9bd-4e04-86b0-d8b3-fdbfa3ff5d4d,1984-03-09,,fdcbc876-a67f-fbc6-93e9-07b88412c92b,365840ae-95f1-1cfb-a7b5-9b5841f258cc,698360004,Diabetes self management plan,15777000,Prediabetes
6310bf06-b787-05b2-716a-5e281527d089,2022-06-15,2023-02-08,264c09d5-3ad7-c7f7-ece4-f76a96332ba8,0a722583-299b-b6f4-548d-6b517ae53398,134435003,Routine antenatal care,,
63364573-01e0-359b-8fa4-5357e790959e,2015-03-22,,fdcbc876-a67f-fbc6-93e9-07b88412c92b,32d6074c-cf85-399f-c0e0-cc1bdff47567,736285004,Hyperlipidemia clinical management plan,55822004,Hyperlipidemia
8f570659-51cd-c69b-8c0d-72f9a1582c5f,2018-08-18,2018-10-08,fdcbc876-a67f-fbc6-93e9-07b88412c92b,558ec1f4-849a-8717-3fc5-0a82f759b431,47387005,Head injury rehabilitation,62106007,Concussion with no loss of consciousness
33152dbb-2c40-cb97-5859-fec187fee1ed,2022-01-14,2022-04-15,fdcbc876-a67f-fbc6-93e9-07b88412c92b,ca65e398-cf69-806a-3d28-766ea83ddae3,53950000,Respiratory therapy,,
d479e658-994a-2e91-b331-ea329416cfa0,2021-04-01,2021-04-23,1b0b7cf6-29bb-04c3-801f-1f0a2d78e0fd,b620e8b1-2dac-ea4a-6f4a-77280bc29b51,225358003,Wound care,370247008,Facial laceration
bfda531a-d51e-7615-6b9c-86bcd3cc061f,2021-04-09,,1b0b7cf6-29bb-04c3-801f-1f0a2d78e0fd,87ddced4-3004-304b-3b19-c4044a2277db,276239002,Therapy (regime/therapy),,
e71bfafc-3c6f-9d2d-93d7-4954c7ac5b08,2021-12-15,2022-01-01,1b0b7cf6-29bb-04c3-801f-1f0a2d78e0fd,8b5212b2-d544-9eaf-47c9-662ad4c20e42,53950000,Respiratory therapy,,
c368ac75-8e36-5972-7da9-866f0b6e3d8f,2021-01-24,2021-05-02,0045ec4f-61e1-f794-674a-4dfb5217271c,ecb66506-9416-357d-e5a4-a2c92dada18c,53950000,Respiratory therapy,,
48eeaffa-c320-6354-8a01-5db35306594f,2024-06-19,2024-07-29,0045ec4f-61e1-f794-674a-4dfb5217271c,34de6b80-c44b-3488-22ef-08efaae3a68f,773513001,Physiotherapy care plan (record artifact),70704007,Sprain of wrist
beebde4a-7d11-7b2d-47df-894431fce087,2018-02-16,,0dc5fc4d-f7ae-34cb-0c98-7fd935465919,bdf46fe1-8428-f7a5-e36e-b5c8c947860e,443402002,Lifestyle education regarding hypertension,59621000,Essential hypertension (disorder)
ff75eaf3-31d0-92fb-938c-1e7a263d267e,2020-08-02,2020-08-02,0dc5fc4d-f7ae-34cb-0c98-7fd935465919,45502e12-8ca2-d2b0-ac98-6985afd7ee13,736376001,Infectious disease care plan (record artifact),,
a1518eb3-1724-35ea-69f3-98fdd35cd7dc,2020-08-02,2020-09-04,0dc5fc4d-f7ae-34cb-0c98-7fd935465919,45502e12-8ca2-d2b0-ac98-6985afd7ee13,736376001,Infectious disease care plan (record artifact),,
82ac3e1a-e352-191e-8111-e0323c4443e0,2020-08-28,2020-10-20,f2bab3b1-e54c-e8bc-875f-b915a782c029,21e00055-d808-df66-421d-4a5edf55e170,385691007,Fracture care,58150001,Fracture of clavicle
71c43dd9-847f-036f-c083-29417e365ca0,2023-01-24,2023-05-30,f2bab3b1-e54c-e8bc-875f-b915a782c029,7a7f7ccf-580a-3be2-f135-f30b4f47a17e,53950000,Respiratory therapy,,
a0ececb9-608a-0e91-208c-8008085a8aa5,1980-10-28,,4b06c4d2-dc49-4932-902c-9f396dcb1fbe,a0faaed8-a172-727c-220f-c017068d554b,698360004,Diabetes self management plan,15777000,Prediabetes
bf582374-ed09-c42d-59a1-549960e5c7c3,2010-09-17,,4b06c4d2-dc49-4932-902c-9f396dcb1fbe,a7d6703d-2c2b-d94d-a231-62a80a22d20b,736690008,Dialysis care plan (record artifact),,
045fbb1c-19b4-4b55-4f58-48fe998c9d50,2011-05-15,2011-06-04,4b06c4d2-dc49-4932-902c-9f396dcb1fbe,32495269-6199-96a1-69a6-7e3dc51ee5b9,53950000,Respiratory therapy,,
0640c510-421a-84d7-9a3b-0e8b12cab70b,2016-02-09,,4b06c4d2-dc49-4932-902c-9f396dcb1fbe,e18e4cb3-ab00-0fe1-553b-74b0098c6ed8,734163000,Care plan (record artifact),,
91299965-3f1b-e792-14d3-5e2b04c99c73,2018-04-11,2020-06-17,968f3379-d262-117e-a52d-ee861b8cbdaf,ccd08468-c609-9264-db99-22f54829008a,53950000,Respiratory therapy,,
4f8ed875-e2dc-2144-bbc0-f63ca8af8b84,2020-06-17,,968f3379-d262-117e-a52d-ee861b8cbdaf,a4b80349-0a77-2b4b-0e05-0ff03ac11d11,443402002,Lifestyle education regarding hypertension,59621000,Essential hypertension (disorder)
16db8ba4-2540-4607-0cc4-77eabe6fea9f,2000-07-08,2017-09-06,5e24373b-282e-13b4-f612-a3010603c7d9,bd9ed926-2b3f-935d-bb88-09b73760eca8,711282006,Skin condition care,24079001,Atopic dermatitis
99a2aa97-e5b2-dffc-32a9-0ce02dc14f7a,2001-05-09,,5e24373b-282e-13b4-f612-a3010603c7d9,2c860b4b-adf7-22db-f5ea-2229a9e1476c,384758001,Self-care interventions (procedure),,
65b157af-92bb-79b2-3418-da4fcb1a13f4,2002-12-29,,5e24373b-282e-13b4-f612-a3010603c7d9,64765523-b5ee-cd9b-4587-a9b5efa00649,699728000,Asthma self management,233678006,Childhood asthma
fbc1ea19-44d1-43c1-f4b8-89ed7f84406f,2022-04-09,2022-04-24,5e24373b-282e-13b4-f612-a3010603c7d9,4e73ee0c-85a4-aa80-63ff-b1a4eb727794,53950000,Respiratory therapy,,
930cfec7-fd86-6ac1-3d00-736663e45a9b,2023-10-02,2024-05-06,5e24373b-282e-13b4-f612-a3010603c7d9,0737c9b7-c877-3d81-6be9-6062f7419551,134435003,Routine antenatal care,,
4c1ef8ff-cc6e-1f82-605b-36f4311419c8,2006-10-28,,8ec93784-f5da-3df1-3334-31faee380937,7ff1f420-6f25-960a-d418-ece55ce8d7e6,698360004,Diabetes self management plan,15777000,Prediabetes
676f71ec-735d-5ac3-38c9-3943bc78c9b7,2016-10-29,2017-06-17,8ec93784-f5da-3df1-3334-31faee380937,8b7b3705-9c49-560d-848f-8d885af9e256,134435003,Routine antenatal care,,
df54abec-c9ab-2376-d4c1-1cf5975de867,2019-07-13,2020-02-15,8ec93784-f5da-3df1-3334-31faee380937,f37e19d8-c621-b826-dfbc-a03781eb203a,134435003,Routine antenatal care,,
99a515b6-d75f-c522-70e5-77f307b9fd71,2020-04-23,2020-05-11,8ec93784-f5da-3df1-3334-31faee380937,1f1e8ae8-219c-a213-a6f1-828f93ca40c2,737471002,Minor surgery care management (procedure),,
28a5e372-7908-d1f2-bc51-03333b1bae0e,2023-05-05,2023-05-24,8ec93784-f5da-3df1-3334-31faee380937,48fce38a-7c67-9b20-48e9-eb7d7976229d,133901003,Burn care,403191005,Second degree burn
4d416da9-ddf5-84ae-26cb-6e0a1c64bc69,2023-09-09,,8ec93784-f5da-3df1-3334-31faee380937,d0e928ca-a475-2bb1-bfc0-07bd90cbdfa3,443402002,Lifestyle education regarding hypertension,59621000,Essential hypertension (disorder)
99192daf-8bf5-d1ca-6ac8-cfcd3690377d,2023-10-14,,8ec93784-f5da-3df1-3334-31faee380937,3b9053ea-d07b-4694-80b0-c74745af08d7,734163000,Care plan (record artifact),78275009,Obstructive sleep apnea syndrome (disorder)
b63a9114-5961-cd9b-53fa-2c909c7166c2,2001-01-14,,1d6e92f4-c1f4-ed52-8675-f322d9126c82,24297fb0-2eac-ac2d-f36e-57078843edd8,443402002,Lifestyle education regarding hypertension,59621000,Essential hypertension (disorder)
376dab02-1332-0372-d30b-f7e4fd4c7971,2014-03-30,,1d6e92f4-c1f4-ed52-8675-f322d9126c82,f90bea6c-02c8-fd38-ea25-34eef89c8d1d,698360004,Diabetes self management plan,15777000,Prediabetes
dda9ff5a-3cf4-2e4b-3ec8-ecfc11595249,2021-01-11,2021-01-23,1d6e92f4-c1f4-ed52-8675-f322d9126c82,957a2be0-b6ea-ca48-0309-61dcdf006f67,736376001,Infectious disease care plan (record artifact),,
5026a087-62a0-9913-1097-3f1faf20bf50,2022-11-11,,1d6e92f4-c1f4-ed52-8675-f322d9126c82,ad266b97-9159-2d51-47e5-9664f2306481,734163000,Care plan (record artifact),78275009,Obstructive sleep apnea syndrome (disorder)
1cdccc2e-ef86-a5c5-16f1-27268126d4a5,2012-06-17,,e15b8ca5-42d9-ecd0-552b-590ebb8b5b00,5c25cce1-f08f-1439-8a0f-9e81eacbe166,718361005,Weight management program,,
fc0702c6-ef79-84b6-0ab9-70581430fd65,2015-07-15,2016-07-10,e15b8ca5-42d9-ecd0-552b-590ebb8b5b00,eb79d960-c7b4-bf32-52cc-fd048f364d57,53950000,Respiratory therapy,,
68e9dc02-796c-c227-d566-0b381d1deba2,2020-07-19,,e15b8ca5-42d9-ecd0-552b-590ebb8b5b00,523381ab-36d8-87df-eb64-6ba101f704cd,443402002,Lifestyle education regarding hypertension,59621000,Essential hypertension (disorder)
37d46de9-a608-e515-c713-c2268378a124,1964-07-02,,740606cb-5d1f-dbdb-b022-b2f1d70d34a7,244ec74d-ca5f-9b8d-a97f-ed13d030ecd3,384758001,Self-care interventions (procedure),,
778653c2-6245-bf58-ffc8-9f82d96ffc30,1992-03-03,,740606cb-5d1f-dbdb-b022-b2f1d70d34a7,08ce3b29-2b99-bedd-6572-6eef6dbb2bfe,443402002,Lifestyle education regarding hypertension,59621000,Essential hypertension (disorder)
63a5f3ec-48fa-f392-4c31-c350f654b976,2012-05-29,,740606cb-5d1f-dbdb-b022-b2f1d70d34a7,2e0826e3-92a3-8c6d-22aa-9f2cff7cdc83,698360004,Diabetes self management plan,15777000,Prediabetes
d461a8f3-0918-919f-8fe5-4ca14ca4a940,2015-04-10,,740606cb-5d1f-dbdb-b022-b2f1d70d34a7,1499896d-9ba7-a536-fe55-e720c0ec7c11,736690008,Dialysis care plan (record artifact),,
500fa2b3-a69e-33d2-88d9-b49c401e674c,1983-11-01,,91a0655b-8615-10bb-d07d-5a9dee09dfe0,f9a50fff-9154-e15b-39e0-2fb42525d518,443402002,Lifestyle education regarding hypertension,59621000,Essential hypertension (disorder)
b80985d0-2684-0516-1293-c818c9d5c54b,1999-10-13,,5311c183-0388-15ae-f8d9-026b78be9a9e,b8044ae4-6446-c889-9984-6a730324ef65,443402002,Lifestyle education regarding hypertension,59621000,Essential hypertension (disorder)
cf4640f6-e524-7ff4-ec8f-bde0e903727b,2014-07-30,2015-02-11,5311c183-0388-15ae-f8d9-026b78be9a9e,ff19b46c-2a7b-6200-bfec-61bbf3827681,134435003,Routine antenatal care,,
da043257-6bc3-5a6e-dd24-f9d512e3cdb5,2016-05-31,2016-10-11,91a0655b-8615-10bb-d07d-5a9dee09dfe0,42e92853-e4a7-fe0e-3add-ed21c04aad45,53950000,Respiratory therapy,,
ab6d8dc1-cd2b-7069-622b-48b2bf843854,2015-02-21,,5311c183-0388-15ae-f8d9-026b78be9a9e,e5847db6-f8be-1a8e-a6c4-b25c9c546325,736690008,Dialysis care plan (record artifact),,
c33aa3ae-cb04-fc9d-b361-45a21bf97494,2018-12-23,,740606cb-5d1f-dbdb-b022-b2f1d70d34a7,26a88673-52ff-2505-2b67-ae221d0eb7d0,408869004,Musculoskeletal care,239873007,Osteoarthritis of knee
00152e81-4f67-2692-ccf7-86341a2bf4a0,2024-04-21,,91a0655b-8615-10bb-d07d-5a9dee09dfe0,7c4b1a1c-c1e6-6a63-882f-dc5e73e70777,395082007,Cancer care plan,363406005,Malignant tumor of colon
117fa826-dbbd-8ab3-736c-c4a826c5515d,2024-05-28,2024-06-11,91a0655b-8615-10bb-d07d-5a9dee09dfe0,54ba56d1-6f9d-b7d4-2a84-251cfae2c866,737567002,Major surgery care management (procedure),363406005,Malignant tumor of colon
86705443-b177-0eb4-ae4b-a878d4520dc7,2020-07-28,,740606cb-5d1f-dbdb-b022-b2f1d70d34a7,c345d2c0-c4e2-a55e-dce0-ef2de5733690,734163000,Care plan (record artifact),,
f9690305-cf64-0ed8-af22-91c01420a861,2020-06-10,,5311c183-0388-15ae-f8d9-026b78be9a9e,623a39e0-dc0e-6782-ddba-b7988fa7272d,734163000,Care plan (record artifact),,
50f79dd7-eba6-04b9-4537-180293fa5552,2020-10-12,2020-10-12,5311c183-0388-15ae-f8d9-026b78be9a9e,e4d3d979-4f99-e385-331f-d89167a4e1a3,736376001,Infectious disease care plan (record artifact),,
bbcb0d88-61ae-ff48-0b82-596343b45ec4,2020-10-12,2020-10-26,5311c183-0388-15ae-f8d9-026b78be9a9e,e4d3d979-4f99-e385-331f-d89167a4e1a3,736376001,Infectious disease care plan (record artifact),,
8a71f28a-3e1f-de4e-9b4d-ca8fc2f02ab9,2021-06-16,2022-02-16,5311c183-0388-15ae-f8d9-026b78be9a9e,57e740ac-437b-d27d-9e38-2330c2a113d1,53950000,Respiratory therapy,,
9c6977d4-0505-7848-46d6-df09078685b5,2019-12-10,2020-01-10,904bc70f-aa8f-0285-c0d3-2abc9cecfe4d,5604dd83-f5dd-286c-f28c-1ef35a536fb1,773513001,Physiotherapy care plan (record artifact),44465007,Sprain of ankle
c154cda7-f277-7dd1-7c73-247f52e9979a,2020-05-11,2020-05-11,904bc70f-aa8f-0285-c0d3-2abc9cecfe4d,d70b0fdd-2ff1-8092-5742-6dd535b23c00,736376001,Infectious disease care plan (record artifact),,
2a606b19-bd36-a644-d00b-89a8c6ddfc44,2020-05-11,2020-06-10,904bc70f-aa8f-0285-c0d3-2abc9cecfe4d,d70b0fdd-2ff1-8092-5742-6dd535b23c00,736376001,Infectious disease care plan (record artifact),,
0c867039-adcb-3014-f5d3-fdd746b97751,2003-06-28,,1ec27358-ec9e-6e71-6126-4bbaf4572be3,d914ec3a-5855-d0fc-e035-7fac5fddee76,698360004,Diabetes self management plan,15777000,Prediabetes
0f2b40c7-32d6-56f7-ab9c-e69a49228562,2006-04-09,,1ec27358-ec9e-6e71-6126-4bbaf4572be3,e7213cba-5327-e684-7a30-82e80c5b79a2,443402002,Lifestyle education regarding hypertension,59621000,Essential hypertension (disorder)
449d1ca0-8329-5bac-b161-6258eaf8e94a,2014-08-09,2014-10-19,1ec27358-ec9e-6e71-6126-4bbaf4572be3,cf2b7fb2-5167-ed02-3de0-dc7e38dcadfe,385691007,Fracture care,16114001,Fracture of ankle
abdc0083-cb50-8e23-8871-6b70bc9f901e,1991-03-05,,ed657ac9-d83b-b2a9-ea30-f50b583a6c62,0ca7dc05-3967-7ba9-c647-ed6645c8d14a,698360004,Diabetes self management plan,15777000,Prediabetes
e2004a7e-0b4d-c392-1d74-2fffe67ad880,2006-03-21,,ed657ac9-d83b-b2a9-ea30-f50b583a6c62,66ac742d-79a8-c2fd-5127-a2851725d1db,734163000,Care Plan,,
5f8e50e5-526d-34b8-909b-15172024fed4,2013-01-15,,ed657ac9-d83b-b2a9-ea30-f50b583a6c62,4f6eeff3-941d-61a2-349a-8b1568aae310,443402002,Lifestyle education regarding hypertension,59621000,Essential hypertension (disorder)
34157a76-5fbb-296a-8a99-2d1ee86f44bd,2017-08-04,2018-06-23,1ec27358-ec9e-6e71-6126-4bbaf4572be3,bd0e0f8a-6ab2-01b2-f9de-4abd12a4b944,53950000,Respiratory therapy,,
21c89dd6-da3c-63da-8080-850a74982b0a,2020-11-23,2020-11-23,1ec27358-ec9e-6e71-6126-4bbaf4572be3,cb90327b-40c3-c3e1-e964-0c9797ce9170,736376001,Infectious disease care plan (record artifact),,
cdfc3e99-7504-49df-3ac0-0bbc53e0ac90,2020-11-23,2020-12-12,1ec27358-ec9e-6e71-6126-4bbaf4572be3,cb90327b-40c3-c3e1-e964-0c9797ce9170,736376001,Infectious disease care plan (record artifact),,
ee387ba6-b33f-890b-f501-c126a6c828bc,1991-12-28,,d8a7a3af-bce8-5290-f714-cb234ac61fc8,2ea7fc65-0359-53f6-c921-1f1414c03469,698360004,Diabetes self management plan,15777000,Prediabetes
0accf0bc-80ef-b8d0-6f71-8132f910c89f,2020-11-06,2020-11-26,d8a7a3af-bce8-5290-f714-cb234ac61fc8,db0b6091-19ee-2c9f-1190-1e484cf5350e,225358003,Wound care,284551006,Laceration of foot
c89bf3b7-0233-b8ee-8282-982660a8e58c,2013-03-06,2016-01-31,1b593f17-9bbe-87a6-b5d5-a5a382795bb0,dc56a595-23f0-8fae-cfa7-cff072a77147,53950000,Respiratory therapy,,
5ebea977-91cd-07aa-ee6c-3cd46c550f9b,2022-02-06,,1b593f17-9bbe-87a6-b5d5-a5a382795bb0,097da80f-52b1-924f-74e6-938d5ee34aa8,443402002,Lifestyle education regarding hypertension,59621000,Essential hypertension (disorder)
e597176b-697b-8bfa-74d0-695420dc19f6,2022-02-06,,1b593f17-9bbe-87a6-b5d5-a5a382795bb0,097da80f-52b1-924f-74e6-938d5ee34aa8,698360004,Diabetes self management plan,15777000,Prediabetes
90ea1380-2686-e2a1-3792-989fe9f50bde,2000-01-29,,566d3f0d-1d4a-438b-4329-a7241ced0dd4,8c151ef9-70a9-06af-fc87-69b96ddc7153,443402002,Lifestyle education regarding hypertension,59621000,Essential hypertension (disorder)
075da2d0-604e-d3b0-0ab1-614eb0a0a2e5,2013-04-13,,566d3f0d-1d4a-438b-4329-a7241ced0dd4,72bec746-a93f-d257-3710-9da2316b4925,698360004,Diabetes self management plan,15777000,Prediabetes
fff9263a-8a7b-7143-5788-621f8bdd39e2,2016-10-15,2017-05-06,566d3f0d-1d4a-438b-4329-a7241ced0dd4,8fe1f27e-c186-d915-2ec8-5451af8e1e49,53950000,Respiratory therapy,,
0e1409ba-273d-ecca-5986-5f8cb2677bf0,2009-04-27,,096315fe-611e-3494-bb73-e08e1d9c5eea,63846855-5f72-9ac7-282a-d63437bb4e9f,443402002,Lifestyle education regarding hypertension,59621000,Essential hypertension (disorder)
a845b563-4f78-40e3-f63d-3d84b49628f1,2014-04-01,,096315fe-611e-3494-bb73-e08e1d9c5eea,96c6b4e8-4e41-2565-606d-3becb0e7f73b,276239002,Therapy (regime/therapy),,
f99a4c5c-307b-59e1-ef0d-11fbd4d83662,2022-12-05,,096315fe-611e-3494-bb73-e08e1d9c5eea,5468c16c-f917-662a-c6b8-fe5deb3aebb7,698360004,Diabetes self management plan,15777000,Prediabetes
