Id,BIRTHDATE,DEATHDATE,SSN,DRIVERS,PASSPORT,PREFIX,FIRST,MIDDLE,LAST,SUFFIX,MAIDEN,MARITAL,RACE,ETHNICITY,GENDER,BIRTHPLACE,ADDRESS,CITY,STATE,COUNTY,FIPS,ZIP,LAT,LON,HEALTHCARE_EXPENSES,HEALTHCARE_COVERAGE,INCOME
ea4bb562-7f8e-8b21-2305-757f684fe219,1945-11-22,,999-72-2771,S99979649,X3574466X,Mr.,Clint766,Richard937,Borer986,,,M,white,nonhispanic,M,Malden  Massachusetts  US,892 Murazik Station Unit 36,Boston,Massachusetts,Suffolk County,25025,02122,42.329683980024534,-71.04220836431072,263653.70,144401.45,101722
6f7e4324-a184-6458-26d6-58f3eecec804,1981-04-02,,999-59-9483,S99964240,X49710690X,Mr.,Kelly223,Keenan632,Kiehn525,,,M,white,nonhispanic,M,Brookline  Massachusetts  US,413 Flatley Rest,Holyoke,Massachusetts,Hampden County,25013,01040,42.233435613867115,-72.67336265835036,98370.86,1716.79,99294
fc0f5945-4edb-82f0-dc16-e1641d977d7f,2004-05-13,,999-72-6452,S99915832,X81454536X,Ms.,Sheilah526,,Hyatt152,,,,white,nonhispanic,F,Brockton  Massachusetts  US,858 Stracke Mill Suite 69,Boston,Massachusetts,Suffolk County,25025,02111,42.38656321716183,-71.06754671523005,120448.56,584058.33,122411
5aead6fe-0b94-7b42-b9f3-8fd8e6ad950f,1953-12-05,,999-77-2857,S99987126,X43964647X,Mrs.,Loreta61,Leigh689,Ebert178,,Nikolaus26,M,white,nonhispanic,F,Frankfurt  Hesse  DE,812 Leannon Wall Suite 19,Medford,Massachusetts,Middlesex County,25017,02155,42.37058419286385,-71.13166796207538,860374.68,183521.82,40263
3ca25cbf-7a4e-b62f-0439-94ac590ef1e4,1991-09-25,,999-39-1856,S99981338,X51651763X,Mrs.,Lisabeth458,Tinisha932,Howell947,,Watsica258,M,black,nonhispanic,F,Worcester  Massachusetts  US,999 Eichmann Pathway Suite 96,Dracut,Massachusetts,Middlesex County,,00000,42.653958614248225,-71.3111206852937,279611.33,1283184.99,62503
5b84359b-faef-b698-1240-6431b6e362b2,1948-02-26,,999-39-2372,S99970383,X59454408X,Mr.,Florencio463,,Reichert620,,,D,white,nonhispanic,M,Salem  Massachusetts  US,1053 Dare Branch,Needham,Massachusetts,Norfolk County,25021,02494,42.2808431855536,-71.28994838261873,21295.66,400675.99,11930
beebf7ac-419d-cabd-ab73-0f3b7ddc630a,1998-07-18,,999-14-5163,S99975095,X28349366X,Mr.,Wesley533,Trenton748,Berge125,,,,white,nonhispanic,M,North Attleborough  Massachusetts  US,818 Shanahan Stravenue Unit 33,Plainfield,Massachusetts,Hampshire County,,00000,42.56073585151269,-72.87570127112151,5216.96,112006.41,10252
72e8ce47-34a0-f451-e797-e826ddf013b6,1945-07-07,1990-05-25,999-57-8448,S99967683,X30507191X,Mrs.,Katy259,Shoshana283,Johns824,,Jones311,D,white,nonhispanic,F,Boston  Massachusetts  US,166 Hansen Pathway,Provincetown,Massachusetts,Barnstable County,25001,02657,42.00925203771437,-70.18104362314268,1028761.81,438691.60,35670
22261190-4995-ce31-4c51-458e95bdebb2,1946-04-03,2021-11-25,999-43-4478,S99966993,X55793756X,Mrs.,Voncile324,Kathrin605,Hermiston71,,Herman763,M,white,nonhispanic,F,Everett  Massachusetts  US,282 Armstrong Track,Wilbraham,Massachusetts,Hampden County,25013,01095,42.14632830015846,-72.44547525068603,301125.63,716395.60,29557
da5c32e0-96b2-a6eb-8612-eafb5255f3ea,1981-09-15,2024-06-30,999-38-2600,S99925450,X13179768X,Mrs.,Mistie167,,Dicki44,,Barton704,M,black,nonhispanic,F,Boston  Massachusetts  US,509 Hartmann Walk,Boston,Massachusetts,Suffolk County,25025,02128,42.33950063808436,-71.07571168311391,29009.72,578887.10,14507
4f1afed0-8c6e-e86c-2f26-f96a2c54b0ce,1945-07-07,2019-09-10,999-35-4334,S99920122,X34016658X,Ms.,Providencia986,Sherill945,Senger904,,,S,white,nonhispanic,F,North Pembroke  Massachusetts  US,298 Kuvalis Esplanade Suite 85,Provincetown,Massachusetts,Barnstable County,25001,02657,42.059219142195495,-70.20470298328188,522448.17,279945.19,35670
753ce793-e3ab-c1dc-89c5-02a09fead67d,1981-09-15,,999-40-4908,S99972425,X86000136X,Mrs.,Magali989,Melania287,Labadie908,,Crooks415,M,black,nonhispanic,F,Boston  Massachusetts  US,1071 Lebsack Divide Apt 43,Boston,Massachusetts,Suffolk County,25025,02210,42.382333394747775,-71.17259933572132,10123.75,704202.48,14507
418fec78-af12-cc09-aa55-8d39540b1002,1946-04-03,,999-24-8946,S99929115,X42128258X,Mrs.,Xenia801,Nery414,Bins636,,Cremin516,M,white,nonhispanic,F,Tisbury  Massachusetts  US,456 Bins Wall Unit 97,Wilbraham,Massachusetts,Hampden County,25013,01095,42.095226111839324,-72.38077469390205,226468.12,361465.75,29557
92342e9d-701d-53b4-1945-69a45fca80d9,1945-07-07,1960-11-17,999-96-6078,,,,Taina903,Mendy939,Walsh511,,,,white,nonhispanic,F,Newton  Massachusetts  US,936 Kutch Tunnel,Provincetown,Massachusetts,Barnstable County,25001,02657,42.06710674872828,-70.18168728199798,40318.63,22209.94,35670
2a7ec6e1-c81f-ea32-ec33-52cee86737ea,2013-06-27,,999-55-5396,,,,Stephan15,Ken316,Greenfelder433,,,,black,nonhispanic,M,Holden  Massachusetts  US,399 Lindgren Parade,Westfield,Massachusetts,Hampden County,25013,01086,42.11476122335661,-72.76302606839326,11182.21,47694.20,133233
ed18b347-bf01-d006-65f4-0f158c97d99e,1969-03-28,,999-36-3177,S99925741,X16864137X,Mrs.,Reina25,Shaunna800,Lind531,,Kassulke119,M,white,nonhispanic,F,Boston  Massachusetts  US,578 Oberbrunner Vale Apt 98,Sturbridge,Massachusetts,Worcester County,25027,01507,42.10334185244276,-72.00589899497605,743945.16,509877.74,108480
a047c3a7-c5f4-1dc6-a166-fb58af2cf155,1995-04-18,,999-86-6075,S99941944,X61346212X,Mrs.,Jaime666,Lorilee250,Graham902,,Gorczany269,M,white,nonhispanic,F,Lawrence  Massachusetts  US,196 DuBuque Street,Springfield,Massachusetts,Hampden County,25013,01199,42.08023553723048,-72.6251972847966,6638.89,454596.63,21354
30afaa34-affe-8ba2-59b6-fc94670b1520,1976-10-02,,999-72-7392,S99996324,X34120902X,Mr.,Gregorio366,Jame231,Reilly981,,,M,asian,nonhispanic,M,Rockland  Massachusetts  US,767 O'Keefe Ferry Unit 61,Whitinsville,Massachusetts,Worcester County,25027,01588,42.11098553164008,-71.69345407676045,146772.74,1930.03,88677
49afb35a-f360-5da6-e032-1949faafe851,2003-08-08,,999-91-5689,S99999827,X12282443X,Mr.,Garfield38,Brain142,Ondricka197,,,,white,nonhispanic,M,West Boylston  Massachusetts  US,267 Boyer Ville Unit 71,Boston,Massachusetts,Suffolk County,25025,02113,42.42612768521115,-71.09642146251485,94250.09,498278.04,149662
dec67e94-1aa7-4819-332d-ff7dcb645091,1979-10-16,,999-50-1678,S99925007,X53982778X,Mr.,Rocco842,Irwin931,Borer986,,,M,white,nonhispanic,M,Hudson  Massachusetts  US,434 Hettinger Byway Unit 20,Bourne,Massachusetts,Barnstable County,25001,02532,41.758946902623315,-70.58978420599911,10185.33,117227.71,6218
ec31f695-1fd3-c91f-af66-e4272a845edd,1980-02-26,,999-43-8548,S99927109,X87560748X,Mrs.,Lorna458,Yun266,West559,,Dicki44,M,asian,nonhispanic,F,Waltham  Massachusetts  US,159 Schmidt Extension,Reading,Massachusetts,Middlesex County,25017,01867,42.53621177798277,-71.13533702771235,609967.99,407383.05,120025
004a67d1-626a-07ee-b441-21eb752cb2a6,1944-12-06,,999-67-8112,S99959670,X3322232X,Mrs.,Effie9,,Kuhn96,,Von197,M,white,nonhispanic,F,Beverly  Massachusetts  US,1053 Morissette Trace Unit 7,Fitchburg,Massachusetts,Worcester County,25027,01420,42.62792819861564,-71.79355614339,1205562.12,996953.74,74033
2d4c98c8-1cf6-431c-a946-2c24be60ace8,1961-06-25,,999-69-8250,S99918719,X21649429X,Mr.,Reggie481,Reggie481,Botsford977,,,D,black,nonhispanic,M,Worcester  Massachusetts  US,801 Berge Glen Suite 31,Southborough,Massachusetts,Worcester County,,00000,42.31561971886975,-71.54508363986739,157614.26,84598.78,171484
b7885550-e3fb-b6ef-5c5c-dfcc3cff0047,1957-03-08,,999-89-1644,S99920701,X73951853X,Mrs.,Terrie907,,Williamson769,,Tillman293,D,white,nonhispanic,F,East Dennis  Massachusetts  US,537 Hilll Well Apt 82,Hudson,Massachusetts,Middlesex County,25017,01749,42.438546257084944,-71.58887295376795,399526.00,685135.52,146299
16568bc5-d93d-4d48-d7c2-bae068c4e281,1960-09-01,,999-80-7974,S99920424,X14162442X,Mr.,Wm806,Mervin111,Collier206,,,S,white,nonhispanic,M,Holyoke  Massachusetts  US,844 Kutch Well,Cambridge,Massachusetts,Middlesex County,25017,02472,42.35882282275369,-71.15269108189943,100005.76,86211.75,93347
019cf093-a459-1f9e-784e-33ff72ebb843,1945-09-08,,999-57-6999,S99984147,X4548201X,Mr.,Lionel365,Dexter530,Effertz744,,,M,white,nonhispanic,M,Ware  Massachusetts  US,981 Walter Divide Unit 54,Lynn,Massachusetts,Essex County,25009,01902,42.57387818485956,-71.05727530837217,15865.52,282573.58,14338
a7a12678-2d29-4fff-7bc4-5684d9313cec,1969-06-08,,999-65-4177,S99922197,X25817572X,Mrs.,Salome647,Ming325,Haley279,,Schuppe920,D,white,nonhispanic,F,Walpole  Massachusetts  US,360 Cronin Estate,Greenfield,Massachusetts,Franklin County,25011,01301,42.59159542980092,-72.62056720659135,377263.53,146225.38,78227
60e02a8a-cc57-6ccc-b58b-19600af483cb,2000-03-16,,999-89-4606,S99986416,X10957463X,Mr.,Christian753,Fidel864,Sanford861,,,,white,nonhispanic,M,Brockton  Massachusetts  US,146 Larson Neck,Marshfield,Massachusetts,Plymouth County,25023,02050,42.11856310829763,-70.69876142110796,49248.64,33235.86,38249
beb5e0ca-0628-6160-2dc6-8534d99c6603,1945-07-07,2001-02-17,999-84-6724,S99930317,X29599336X,Mrs.,Numbers230,Elena945,Gislason620,,Denesik803,M,white,nonhispanic,F,Wilmington  Massachusetts  US,834 Mohr Branch Suite 81,Provincetown,Massachusetts,Barnstable County,25001,02657,42.036051070558074,-70.16716057277694,1835000.68,2613851.83,35670
44079eb6-b000-dcb2-ef1a-bdf0bddf5c06,1980-01-24,,999-83-1427,S99997031,X2370131X,Mrs.,Caron739,Gary33,Corwin846,,Welch179,M,hawaiian,nonhispanic,F,Lynnfield  Massachusetts  US,376 Zieme Highlands,Dudley,Massachusetts,Worcester County,,00000,42.09882802376309,-71.94766557457214,414064.05,468883.29,80945
6bf6aabc-a1a0-c10f-8f7b-760c8dd28b9d,1987-06-23,2024-08-20,999-14-6317,S99979299,X58531036X,Mr.,Reynaldo722,David908,Hahn503,,,M,white,nonhispanic,M,Brockton  Massachusetts  US,577 Dach Corner,Waltham,Massachusetts,Middlesex County,25017,02451,42.40504744481611,-71.28130470794865,189844.64,0.00,79610
fb21ca24-66a5-5fc4-ff49-8a7b9ccc9815,1991-02-11,,999-64-2165,S99935904,X47197883X,Mr.,Connie24,Sonny285,Berge125,,,M,black,nonhispanic,M,Pinehurst  Massachusetts  US,451 Crist Light Suite 53,Worcester,Massachusetts,Worcester County,25027,01545,42.36878495582342,-71.79063515256253,6278.23,114537.50,12436
fe9c4103-644e-d642-3e7f-7c05b1fd39e1,1987-06-23,,999-73-8629,S99921397,X51241623X,Mr.,Jacob959,Son314,Weimann465,,,M,white,nonhispanic,M,Amherst  Massachusetts  US,498 Reynolds Well,Waltham,Massachusetts,Middlesex County,25017,02453,42.32100763946294,-71.20418214028618,74776.78,17391.77,79610
b05986d8-6942-430e-28fa-8d453d8edce7,2015-11-27,,999-97-2159,,,,Venus149,Dede50,Jerde200,,,,white,nonhispanic,F,New Bedford  Massachusetts  US,617 Brekke Brook,Bourne,Massachusetts,Barnstable County,25001,02532,41.79252712870667,-70.6079327603723,2592.58,15928.93,10646
6e19053b-1b14-8f4d-ee88-727780f29e1f,1980-11-05,,999-86-7136,S99954100,X46514802X,Mrs.,Gwenda518,Shavonne800,Bruen238,,Blanda868,M,white,nonhispanic,F,Easton  Massachusetts  US,310 Rau Divide,Lynn,Massachusetts,Essex County,25009,01905,42.471093262979956,-70.98111394998747,260329.92,28558.26,71856
758fa31d-0252-efe9-e87a-7e8d9761924f,2001-08-09,,999-92-2717,S99929893,X72163958X,Ms.,Shantay950,Contessa946,Zboncak558,,,,white,nonhispanic,F,Waltham  Massachusetts  US,795 Schroeder Skyway Unit 44,Middleton,Massachusetts,Essex County,,00000,42.65215165819499,-71.04958870314012,147900.63,188796.31,122905
dc6f2498-f02b-5b81-c0bf-759514986944,1945-07-07,,999-11-6039,S99992804,X81748142X,Mrs.,Delila667,Marilu588,D'Amore443,,Mante251,M,white,nonhispanic,F,Dennis  Massachusetts  US,820 Russel Heights,Provincetown,Massachusetts,Barnstable County,25001,02657,42.10180836140254,-70.16478477101444,371116.32,357516.45,35670
657e8bc7-d7e4-23f7-6222-0c62187f2ae8,1945-11-23,,999-50-1753,S99936074,X59173096X,Mr.,Arnoldo445,Denny560,Kozey370,,,M,white,nonhispanic,M,Palmer  Massachusetts  US,345 Hayes Approach Suite 46,Carver,Massachusetts,Plymouth County,,00000,41.882563395499766,-70.74626563322825,206865.33,868678.05,934725
bfc645a2-2ac5-c170-d4e7-9308d29c771d,1945-04-29,,999-33-4824,S99965254,X50185298X,Ms.,Marlene554,Sherell789,Pollich983,,,S,white,nonhispanic,F,Longmeadow  Massachusetts  US,644 West Trace,Springfield,Massachusetts,Hampden County,25013,01118,42.0827433817528,-72.48892826054586,17519.34,812219.12,3033
6831c980-18a1-500c-618d-ca145f802d81,1995-03-07,,999-14-5680,S99970594,X66806646X,Mr.,Keenan632,,Hamill307,,,M,black,nonhispanic,M,Ashburnham  Massachusetts  US,1032 Bayer Manor Unit 13,Boston,Massachusetts,Suffolk County,25025,02132,42.400941945409194,-70.98473220744569,139270.09,624262.11,76888
17dcbeac-f347-b739-2355-2beefd337284,1983-05-24,,999-58-8551,S99999753,X11639253X,Mr.,Willard975,Man114,Braun514,,,S,white,nonhispanic,M,Fall River  Massachusetts  US,304 Hudson Boulevard,White Island Shores,Massachusetts,Plymouth County,,00000,41.783723718544664,-70.6320545342887,168287.48,34774.72,154368
5650a23d-d874-1fe8-4fc7-37897025aee4,1988-07-31,,999-76-5790,S99997424,X74508863X,Mrs.,Kori635,India495,Schumm995,,Cartwright189,M,white,nonhispanic,F,Malden  Massachusetts  US,353 Leannon Loaf Suite 28,Worcester,Massachusetts,Worcester County,25027,01609,42.239610634785834,-71.78389951009696,238233.69,395765.22,43737
2d558ee9-e763-dfa3-5559-94fb49e8de0f,1966-04-16,,999-17-1030,S99918636,X16054743X,Mrs.,Francisca486,Felisa186,O'Hara248,,Steuber698,W,white,nonhispanic,F,Lynn  Massachusetts  US,382 Gulgowski Esplanade Suite 95,Norfolk,Massachusetts,Norfolk County,,00000,42.14984314670423,-71.36523763733308,1030847.50,316725.00,74016
46a1e0dc-2c6c-6630-bac2-46b218e8ad04,2021-11-05,,999-29-5100,,,,Sheldon401,Sylvester827,Williamson769,,,,white,nonhispanic,M,Lawrence  Massachusetts  US,282 Barton Spur Unit 83,Mansfield,Massachusetts,Bristol County,,00000,42.032562445418485,-71.20174259613944,758.35,5054.56,26823
5acd414d-c3b2-0c03-3238-22d33f814a5e,1956-07-25,,999-43-3161,S99992928,X7956939X,Mrs.,Altagracia629,Jennette837,Thompson596,,Reichel38,M,white,nonhispanic,F,Somerville  Massachusetts  US,474 Keeling Underpass Suite 56,Amherst,Massachusetts,Hampshire County,,00000,42.40305062613568,-72.53149992186763,21179.34,1345933.32,17582
2dddc3be-d7b7-51e3-ebaa-035bc112e376,1988-11-26,,999-87-2872,S99950780,X7820853X,Mr.,Ted955,Raphael767,Lemke654,,,D,white,nonhispanic,M,Boston  Massachusetts  US,652 Boyle Arcade Suite 17,Everett,Massachusetts,Middlesex County,25017,02148,42.4714828404453,-71.05882249570541,113716.79,0.00,54485
6e00cfb3-c955-bc8c-58b8-bf9a045a6f8d,1970-05-20,,999-53-4325,S99983266,X9801626X,Mr.,Alfred550,,Hessel84,,,W,white,nonhispanic,M,Boston  Massachusetts  US,172 Fritsch Manor Suite 22,Wenham,Massachusetts,Essex County,,00000,42.579171241436335,-70.9004329607673,162115.09,543052.32,172861
6e11b63e-ca97-b488-5c36-53a570ec40c8,1987-01-28,,999-85-5947,S99917112,X15464182X,Mrs.,Yoko498,,Herman763,,Rippin620,D,white,nonhispanic,F,Boston  Massachusetts  US,614 Cummerata Flat Apt 18,Brookline,Massachusetts,Norfolk County,25017,02467,42.33930822717557,-71.05633865240887,503402.59,690550.45,53550
852c935f-a749-c3ef-d33a-dd4c10949eae,1992-05-25,,999-97-9721,S99926472,X45145964X,Mrs.,Claudette391,,Leannon79,,O'Keefe54,M,white,nonhispanic,F,Middleborough Center  Massachusetts  US,158 Turner Ranch,Dracut,Massachusetts,Middlesex County,,00000,42.63528519205074,-71.34260762338357,291607.69,1045787.48,94049
2843971f-db87-7e8a-e7a3-8c6ee7a509d8,1949-06-09,,999-32-9648,S99990068,X9846432X,Mrs.,Alida395,Lois157,Fahey393,,Corwin846,W,white,nonhispanic,F,South Hadley  Massachusetts  US,752 Leffler Fork Unit 85,Chicopee,Massachusetts,Hampden County,25013,01022,42.18159591887979,-72.64481603215872,150786.35,1504095.80,71525
320dae98-e9b4-c759-9c91-9bbd264ddbb8,2015-10-15,,999-97-6542,,,,Randall756,Dillon740,Toy286,,,,asian,nonhispanic,M,Beijing  Beijing Municipality  CN,561 Mitchell Wynd Apt 55,Medford,Massachusetts,Middlesex County,25017,02155,42.39764088862757,-71.11504461002026,30452.10,14928.49,135277
d2dc70ec-793d-dd94-f004-7fc37a7f1f9f,1987-10-16,,999-70-2070,S99917856,X85703150X,Mr.,Thurman577,Justin359,McKenzie376,,,M,white,nonhispanic,M,Bourne  Massachusetts  US,563 Bins Branch Apt 96,Sharon,Massachusetts,Norfolk County,25021,02067,42.118667914931535,-71.23037508768023,110731.58,16812.30,127354
e2e036d8-35b3-38cb-bd3a-f7038b9b975f,2013-03-01,,999-34-6753,,,,Thanh759,Rudolph554,Grant908,,,,white,nonhispanic,M,Wareham  Massachusetts  US,1082 Block Center,Mattapoisett Center,Massachusetts,Plymouth County,,00000,41.65691896479994,-70.77209240837709,1915.61,33039.94,19804
5fb13308-7cb9-fafe-b5d8-0eb2a621f55b,1958-10-16,,999-74-5865,S99990867,X82826886X,Mr.,Renaldo199,,Blanda868,,,M,white,nonhispanic,M,Lynn  Massachusetts  US,441 Zulauf Skyway,Southampton,Massachusetts,Hampshire County,,00000,42.2506810663135,-72.74320402172556,121351.05,120846.66,77343
ce71c9a1-a0b4-3826-9f99-c3db080ee9c3,2021-04-07,,999-73-3385,,,,Soledad678,Josefina523,Schoen8,,,,white,nonhispanic,F,Boston  Massachusetts  US,302 Fahey Bridge Apt 84,Fitchburg,Massachusetts,Worcester County,25027,01420,42.613108228848546,-71.85202020247213,11249.15,350.73,44221
72c06d06-5c6e-54df-6e12-e751938327a4,1965-09-30,,999-94-7698,S99946729,X78392202X,Ms.,Annie941,,Willms744,,,S,white,nonhispanic,F,Lynn  Massachusetts  US,885 Harris Extension,Dover,Massachusetts,Norfolk County,25021,02030,42.217794535477395,-71.25899282340082,266046.93,682367.82,154947
51b7099c-78e7-fd4a-4f92-8dc4ad5d0271,2018-12-17,,999-15-6472,,,,Dana512,Melinda114,Robel940,,,,white,nonhispanic,F,Ashland  Massachusetts  US,470 Muller Divide,Leicester,Massachusetts,Worcester County,,00000,42.20936482188043,-71.91687345091546,15966.36,1226.86,150346
7979fc75-36a6-ba7b-fc7b-c6ee4eebb6fb,1977-06-20,,999-86-6954,S99963327,X65294470X,Mrs.,Tora746,Mabel261,Koss676,,Wehner319,M,white,hispanic,F,Westport  Massachusetts  US,1024 Koss Bridge Suite 34,Boston,Massachusetts,Suffolk County,25025,02110,42.37041155011705,-71.06489761805051,294338.20,921997.18,32160
94e6e8f5-8cdf-3a98-9a25-e3d6e7835b42,1984-07-07,,999-88-1317,S99927841,X30829658X,Mrs.,Cortney940,,Green467,,Gislason620,M,white,nonhispanic,F,Cambridge  Massachusetts  US,768 Zemlak Gate Unit 71,Templeton,Massachusetts,Worcester County,,00000,42.56442778374555,-72.04773681105763,601196.39,1485.76,113204
9bfdd45b-ab6c-71d4-e124-b19681aa6ac2,1946-05-10,,999-34-2072,S99969729,X26886626X,Mrs.,Goldie436,Claudia969,Jast432,,Batz141,M,white,nonhispanic,F,Dartmouth  Massachusetts  US,347 Kihn Glen,South Yarmouth,Massachusetts,Barnstable County,25001,02664,41.67653523461964,-70.17964589756555,329253.26,1386623.89,33133
0232ad22-8193-783f-ab58-ffabcc735f11,1982-09-07,,999-62-1573,S99964150,X33236447X,Mr.,Ernest565,Lucio648,Senger904,,,M,white,nonhispanic,M,Bedford  Massachusetts  US,391 Wisozk Byway Unit 26,Worcester,Massachusetts,Worcester County,25027,01605,42.234122606743114,-71.79543630205752,126457.91,13700.52,53802
c4f8f583-ea36-ea64-4678-72d3faca7254,2018-09-17,,999-88-2550,,,,Darnell564,Isidro558,Dare640,,,,white,nonhispanic,M,Boston  Massachusetts  US,515 Ledner Light Suite 6,Lakeville,Massachusetts,Plymouth County,,00000,41.81612686146646,-70.94684158125278,8449.32,4425.22,105715
cce50dae-e2ea-c5d8-32d6-b3affaf4610e,1922-01-28,,999-69-5700,S99951853,X58432031X,Mrs.,Dennis979,Mirtha993,Padberg411,,Johnson679,D,white,nonhispanic,F,Dedham  Massachusetts  US,220 Schuster Glen,Harwich,Massachusetts,Barnstable County,,00000,41.72833701044443,-70.04765829561613,24885.30,1531904.82,6145
a60c61b7-cfe7-1ce2-1130-172b8ee1237d,1970-12-10,,999-85-5848,S99959044,X70211426X,Mrs.,Deb577,Pauletta164,Gibson10,,Schowalter414,M,white,nonhispanic,F,Brockton  Massachusetts  US,981 Farrell Viaduct Suite 13,Marshfield,Massachusetts,Plymouth County,25023,02050,42.10683787367627,-70.75027329666008,722994.90,290031.47,73406
b937a4b9-698a-4a94-4ff8-03e34b8c9451,1970-05-27,,999-67-3243,S99927185,X15056631X,Mr.,Derek111,Virgil85,Kuhn96,,,S,white,nonhispanic,M,Quincy  Massachusetts  US,180 Gislason Mill,Quincy,Massachusetts,Norfolk County,25021,02186,42.304547254578665,-71.04097479870394,187183.26,9473.42,38105
11c391fc-1bf9-e1ad-a257-f6fff746ef33,1981-10-18,,999-41-7137,S99912778,X4138421X,Mr.,Kelly223,Chung121,Kulas532,,,M,white,nonhispanic,M,South Yarmouth  Massachusetts  US,504 Erdman Hollow,Boston,Massachusetts,Suffolk County,25025,02131,42.340028497941795,-71.01882007080302,162693.35,19447.84,51270
e1a68dfa-92cf-e1d5-84dc-e4e22dcfeefd,1988-01-08,,999-86-8637,S99983220,X17572174X,Mr.,Cyril535,Lance203,Schoen8,,,M,white,nonhispanic,M,New Bedford  Massachusetts  US,364 Dach Estate Apt 51,Revere,Massachusetts,Suffolk County,25025,02151,42.44430207523735,-71.01783890479027,12541.61,155251.62,15774
dda23397-4129-b633-35c7-6004bbbf7f63,1973-12-11,,999-57-1414,S99960699,X11372554X,Mrs.,Camila223,,Hettinger594,,Streich926,M,white,nonhispanic,F,Littleton Common  Massachusetts  US,643 Lind Crossroad Suite 19,Douglas,Massachusetts,Worcester County,,00000,42.03771743520193,-71.75304560968006,843809.39,300074.42,68146
d6ad9096-0f9c-78df-ce48-261df3a7d3b3,1967-02-18,,999-38-6545,S99914656,X21479037X,Ms.,Theressa101,Kathlene786,Kihn564,,,S,white,nonhispanic,F,North Plymouth  Massachusetts  US,366 Bednar Promenade,Pittsfield,Massachusetts,Berkshire County,25003,01201,42.41199618203274,-73.23131485659952,19148.25,1008920.65,20868
b3d3ecc2-155e-3bf5-74c7-31c444882476,2024-08-07,,999-22-7057,,,,Romaine793,,Wolf938,,,,white,nonhispanic,F,Woburn  Massachusetts  US,1028 Ziemann Ferry Apt 18,Mashpee,Massachusetts,Barnstable County,,00000,41.663818438552084,-70.46360101113223,347.38,0.00,42238
65c14519-8976-3074-3fd9-72e137b3898f,1992-01-21,,999-81-4131,S99944250,X60500506X,Mr.,Jamar151,Gilberto712,Fay398,,,M,white,nonhispanic,M,Fall River  Massachusetts  US,963 Lesch Ramp,Chelsea,Massachusetts,Suffolk County,25025,02150,42.43917718864219,-71.07757058242984,73862.94,11961.70,89667
1382ee28-1a30-684a-f247-1518b99be18f,2008-07-30,,999-98-3335,S99978490,,,Thaddeus38,Elroy493,Stoltenberg489,,,,white,nonhispanic,M,North Attleborough  Massachusetts  US,224 Hane Parade,Uxbridge,Massachusetts,Worcester County,,00000,42.0178688253885,-71.66445762733946,34796.23,37207.80,26764
b3c6f466-2f99-d94f-0df0-3291fc16fffd,1976-02-28,,999-78-1818,S99931172,X63009093X,Mr.,Cliff504,Freddy176,Rolfson709,,,M,white,nonhispanic,M,Spencer  Massachusetts  US,111 Raynor Rapid,Paxton,Massachusetts,Worcester County,,00000,42.34673304173307,-71.9305188954171,75340.35,58708.45,648721
bd5f0d59-123d-593a-7ac2-9e28922b54d7,1982-10-07,,999-32-1896,S99963398,X65382353X,Mrs.,Sherill945,Jesica465,Rath779,,Ziemann98,M,white,nonhispanic,F,Northampton  Massachusetts  US,171 Smitham Meadow,Beverly,Massachusetts,Essex County,25009,01915,42.5985882132868,-70.83983583327769,189643.97,339451.92,33707
2bd7eb48-2c1f-7522-e847-5fb195aa33a9,2020-03-18,,999-88-6587,,,,Rochelle550,Samantha681,Mohr916,,,,asian,nonhispanic,F,Dracut  Massachusetts  US,269 Nolan Well,East Longmeadow,Massachusetts,Hampden County,,00000,42.02247758004099,-72.46987254335139,11761.33,0.00,155792
60088ffd-79f4-cfc7-ae95-e1b58412059e,2000-03-21,,999-35-4841,S99943125,X55820727X,Ms.,Cherlyn665,,Schneider199,,,,hawaiian,nonhispanic,F,North Falmouth  Massachusetts  US,248 Adams Dam Apt 24,Wilbraham,Massachusetts,Hampden County,25013,01095,42.0920703094695,-72.43263258379663,38030.82,34126.40,111227
942ad56c-8742-e370-8641-7ad6044f73c9,2004-06-08,,999-62-1399,S99954646,X54160923X,Mr.,Edmundo94,Nicholas495,Turcotte120,,,,white,nonhispanic,M,Bridgewater  Massachusetts  US,416 Bauch Trail,Falmouth,Massachusetts,Barnstable County,25001,02540,41.54609100832901,-70.64817567813806,100729.52,0.00,73849
811e513a-d067-57ad-6eaa-f797c76faaaf,1988-11-30,,999-44-4898,S99910813,X25097748X,Mrs.,Estefana715,Tameka381,Mertz280,,Rohan584,D,white,nonhispanic,F,Arlington  Massachusetts  US,737 Grady Trail Suite 28,Stoughton,Massachusetts,Norfolk County,,00000,42.08757842719404,-71.05656746875877,121753.74,515128.89,69066
8ffb0ee3-0990-ae11-639e-f8839c3bd59d,1977-01-15,,999-94-5149,S99962576,X79991644X,Mr.,Darren774,Ryan260,Block661,,,M,white,nonhispanic,M,Randolph  Massachusetts  US,178 Zemlak Rue Apt 71,Boston,Massachusetts,Suffolk County,25025,02121,42.32865003180446,-71.01028109274965,104898.47,7380.45,145610
0cf6c286-ea60-44a0-2510-2fd0bb1fba20,1993-03-27,,999-59-4680,S99967470,X62924925X,Mr.,Johnson679,Bryce11,Dooley940,,,M,black,nonhispanic,M,Worcester  Massachusetts  US,533 Leuschke Route Suite 38,Medford,Massachusetts,Middlesex County,25017,02145,42.39014023638596,-71.1564052229757,6076.35,89876.31,19129
c6908dd7-07bb-6019-e6a0-19334e1222e3,2008-10-30,,999-26-5262,,,,Ellen406,Fredda152,Cartwright189,,,,white,nonhispanic,F,Wakefield  Massachusetts  US,975 VonRueden Meadow Suite 77,Wakefield,Massachusetts,Middlesex County,25017,01880,42.509639617725426,-71.06720369421139,53734.79,0.00,101539
a98021e4-9067-3c5a-9d66-2214f43758b1,1953-01-13,,999-63-8832,S99950861,X71998660X,Mrs.,Billye739,Jalisa590,Lueilwitz711,,Lueilwitz711,D,white,nonhispanic,F,Templeton  Massachusetts  US,722 Walter Well,Stow,Massachusetts,Middlesex County,,00000,42.413841001349574,-71.52687719284816,282764.83,1712691.44,4468
264c09d5-3ad7-c7f7-ece4-f76a96332ba8,1975-07-02,,999-64-3525,S99923823,X61816105X,Mrs.,Andrew29,Elisabeth967,Hauck852,MD,Bauch723,M,white,nonhispanic,F,Pittsfield  Massachusetts  US,151 Walker Passage Suite 91,Boston,Massachusetts,Suffolk County,25025,02109,42.375629923432285,-71.09562706109784,173072.93,790741.41,187583
fdcbc876-a67f-fbc6-93e9-07b88412c92b,1952-12-26,,999-30-3963,S99976264,X47608535X,Mr.,Kristofer887,Weldon459,Kling921,,,M,white,nonhispanic,M,Lawrence  Massachusetts  US,420 Lakin Landing Apt 41,Dennis,Massachusetts,Barnstable County,25001,02638,41.74874052378956,-70.20750116862864,156957.33,157873.41,68109
1b0b7cf6-29bb-04c3-801f-1f0a2d78e0fd,2003-01-06,,999-23-2966,S99966190,X63353935X,Ms.,Hattie299,Sommer719,Feeney44,,,,white,nonhispanic,F,Lowell  Massachusetts  US,499 Hilll Dale,West Boylston,Massachusetts,Worcester County,,00000,42.40751801325165,-71.75158473800886,72576.34,23730.00,116913
0045ec4f-61e1-f794-674a-4dfb5217271c,2011-04-24,,999-64-3927,,,,Audrea654,,Lebsack687,,,,white,nonhispanic,F,Holyoke  Massachusetts  US,896 Lindgren Trafficway Unit 4,Boston,Massachusetts,Suffolk County,25025,02122,42.29637703960055,-71.10119606511402,29633.29,0.00,39529
14cd4849-62c3-c87f-fc16-d3a14602747b,2024-06-12,,999-53-7340,,,,Camie739,Tameka381,Gottlieb798,,,,white,nonhispanic,F,Medfield  Massachusetts  US,696 Eichmann Park,Rowley,Massachusetts,Essex County,25009,01969,42.72595165330307,-70.8484284009397,100.00,1271.76,14982
0dc5fc4d-f7ae-34cb-0c98-7fd935465919,1980-11-28,,999-73-5061,S99987797,X31812397X,Mr.,Efren426,Teodoro374,Hessel84,,,S,other,nonhispanic,M,Chicopee  Massachusetts  US,684 Bernier Wall,Mansfield,Massachusetts,Bristol County,,00000,41.982389270998674,-71.22351920887712,148259.59,3060.43,59730
b0543133-dd6c-10e4-1fa0-351bb80c4885,2012-10-20,,999-97-5216,,,,Jeramy610,Jess275,Hagenes547,,,,white,nonhispanic,M,Somerville  Massachusetts  US,393 Jacobi Rapid,Boston,Massachusetts,Suffolk County,25025,02203,42.39026972702661,-71.09350736137414,24890.64,3262.52,49937
f2bab3b1-e54c-e8bc-875f-b915a782c029,2005-04-05,,999-71-3989,S99972438,,Mr.,Kenton313,Byron202,Swaniawski813,,,,black,nonhispanic,M,Tewksbury  Massachusetts  US,842 McKenzie Mall Apt 20,Framingham,Massachusetts,Middlesex County,25017,01701,42.32858189954253,-71.43769440824927,36793.49,8112.44,28763
4b06c4d2-dc49-4932-902c-9f396dcb1fbe,1955-08-23,2020-01-28,999-18-4467,S99939257,X49620634X,Mrs.,Oretha285,Charity776,McKenzie376,,Schulist381,M,white,nonhispanic,F,Beverly  Massachusetts  US,743 Gleason Estate Suite 7,Greenfield,Massachusetts,Franklin County,25011,01301,42.64601669939999,-72.56279128499166,714499.93,747804.49,65119
968f3379-d262-117e-a52d-ee861b8cbdaf,1998-04-15,,999-83-5905,S99915032,X81476482X,Ms.,Shiloh191,Audrie782,Beahan375,,,,white,nonhispanic,F,Bellingham  Massachusetts  US,170 Carter Pathway Apt 79,Millis-Clicquot,Massachusetts,Norfolk County,,00000,42.18440279410585,-71.30975149022662,6553.46,105799.73,17496
5e24373b-282e-13b4-f612-a3010603c7d9,2000-06-26,,999-36-7185,S99961978,X306844X,Ms.,Ethelyn789,,Hayes766,,,,black,nonhispanic,F,Merrimac  Massachusetts  US,682 Orn Path,Randolph,Massachusetts,Norfolk County,25021,02368,42.18597961587321,-71.02569421106975,56465.15,217138.56,90931
0e0dacb9-597d-eb01-319c-2f9fdbd8c1c8,1980-09-13,,999-15-8501,S99982816,X59075705X,Mrs.,Cathi439,Amalia471,Hammes673,,Tremblay80,M,white,nonhispanic,F,Auburn  Massachusetts  US,211 Stanton Estate,Otis,Massachusetts,Berkshire County,,00000,42.22987815054052,-73.1274259432938,125413.37,26232.65,53191
8ec93784-f5da-3df1-3334-31faee380937,1984-08-25,,999-34-1659,S99968251,X82981117X,Mrs.,Caryn49,Cassondra930,Nader710,,Bruen238,D,white,nonhispanic,F,Ware  Massachusetts  US,953 Goodwin Ville,Franklin,Massachusetts,Norfolk County,25021,02038,42.08532470070757,-71.39217281318085,165689.20,340242.37,116177
1d6e92f4-c1f4-ed52-8675-f322d9126c82,1975-11-09,,999-35-6785,S99921917,X42969249X,Mr.,Monte325,Woodrow571,Kerluke267,,,S,white,nonhispanic,M,Methuen  Massachusetts  US,1098 Altenwerth Lodge,Worcester,Massachusetts,Worcester County,25027,01606,42.28296987982106,-71.76426468005917,10868.57,185659.47,1615
e15b8ca5-42d9-ecd0-552b-590ebb8b5b00,1998-05-17,,999-52-4561,S99947585,X78325482X,Mr.,Pierre431,Bruce167,Anderson154,,,,other,nonhispanic,M,Boston  Massachusetts  US,625 Larson Passage Suite 81,Somerville,Massachusetts,Middlesex County,25017,02138,42.409790458200355,-71.14087920621495,76293.95,39494.84,48927
d1bcae4c-e45f-9ef0-1ac4-d34b7bb47d3d,2008-01-14,,999-36-2909,S99983164,,,Raymon366,,Roob72,,,,white,nonhispanic,M,Somerville  Massachusetts  US,1081 Ullrich Meadow,Peabody,Massachusetts,Essex County,25009,01960,42.56707688341765,-71.05807210638713,2256.89,37403.19,16057
740606cb-5d1f-dbdb-b022-b2f1d70d34a7,1963-12-24,,999-46-8650,S99957599,X2641509X,Mrs.,Deanne837,,Schmeler639,,Mueller846,D,white,nonhispanic,F,Braintree  Massachusetts  US,607 Schaden Promenade Suite 6,Spencer,Massachusetts,Worcester County,25027,01562,42.24814678797376,-72.02414219976298,500825.57,2015633.85,1775
91a0655b-8615-10bb-d07d-5a9dee09dfe0,1955-08-23,,999-24-2899,S99978395,X72590668X,Ms.,Elidia194,Sheri207,Volkman526,,,S,white,nonhispanic,F,Chelsea  Massachusetts  US,774 Casper Mews Suite 53,Greenfield,Massachusetts,Franklin County,25011,01301,42.61853651785059,-72.62952244546149,1023063.16,616890.91,65119
5311c183-0388-15ae-f8d9-026b78be9a9e,1974-08-07,,999-41-3538,S99990025,X8968614X,Mrs.,Royce974,,Kilback373,,Kertzmann286,M,white,nonhispanic,F,Grafton  Massachusetts  US,684 Beatty Ville,Boston,Massachusetts,Suffolk County,25025,02135,42.37197120663564,-70.97351327704813,597051.25,1234757.84,39846
904bc70f-aa8f-0285-c0d3-2abc9cecfe4d,2006-10-28,,999-42-1911,S99952233,,,Meri607,Yulanda554,Schuster709,,,,white,nonhispanic,F,Medford  Massachusetts  US,632 Roob Extension,Brockton,Massachusetts,Plymouth County,25023,02302,42.10120807786434,-70.9546903704303,3000.00,45454.18,24889
1ec27358-ec9e-6e71-6126-4bbaf4572be3,1966-04-09,,999-52-1779,S99950058,X2297808X,Mrs.,Muriel394,Nevada145,Koss676,,Herman763,M,white,nonhispanic,F,Hamilton  Massachusetts  US,513 Jacobi Union Apt 61,Dracut,Massachusetts,Middlesex County,,00000,42.642117081057705,-71.32329276641441,16934.88,914856.59,14325
ed657ac9-d83b-b2a9-ea30-f50b583a6c62,1968-12-31,,999-30-1939,S99990557,X39050076X,Mr.,Dewitt635,Hershel911,Weissnat378,,,M,white,nonhispanic,M,Chelmsford  Massachusetts  US,373 Treutel Village Apt 38,Ashland,Massachusetts,Middlesex County,,00000,42.26105152066972,-71.46333664500841,195841.31,0.00,118863
d8a7a3af-bce8-5290-f714-cb234ac61fc8,1969-10-25,,999-14-7082,S99914295,X53759339X,Mrs.,Indira327,Jennine355,Haag279,,Ryan260,M,white,nonhispanic,F,Sturbridge  Massachusetts  US,216 Pfannerstill Branch,Franklin,Massachusetts,Norfolk County,25021,02038,42.1211893118088,-71.37981325008788,10166.96,350587.95,22739
1b593f17-9bbe-87a6-b5d5-a5a382795bb0,1993-11-28,,999-14-5476,S99957704,X37585023X,Mrs.,Jackqueline794,Karine844,Runolfsson901,,Hirthe744,M,black,nonhispanic,F,Plymouth  Massachusetts  US,170 Beatty Mill Suite 41,Quincy,Massachusetts,Norfolk County,25021,02186,42.251684886555005,-71.07084372236008,128675.14,0.00,99911
566d3f0d-1d4a-438b-4329-a7241ced0dd4,1974-11-09,,999-58-5681,S99921861,X71487796X,Mr.,Anibal473,Marlon619,Langworth352,,,S,white,nonhispanic,M,Westford  Massachusetts  US,381 Cruickshank Grove,Hull,Massachusetts,Plymouth County,25023,02045,42.24603579049424,-70.95072694280164,178529.28,70457.89,194639
096315fe-611e-3494-bb73-e08e1d9c5eea,1972-02-07,,999-41-6548,S99960713,X21553228X,Mr.,Jason347,Delmar187,Howe413,,,M,white,nonhispanic,M,Lynn  Massachusetts  US,199 Heller Well,Hingham,Massachusetts,Plymouth County,25023,02043,42.24356746306341,-70.90530196842415,140863.05,31903.29,164134
