Id,NAME,OWNERSHIP,ADDRESS,CITY,STATE_HEADQUARTERED,ZIP,PHONE,AMOUNT_COVERED,AMOUNT_UNCOVERED,REVENUE,COVERED_ENCOUNTERS,UNCOVERED_ENCOUNTERS,COVERED_MEDICATIONS,UNCOVERED_MEDICATIONS,COVERED_PROCEDURES,UNCOVERED_PROCEDURES,COVERED_IMMUNIZATIONS,UNCOVERED_IMMUNIZATIONS,UNIQUE_CUSTOMERS,QOLS_AVG,MEMBER_MONTHS
a735bf55-83e9-331a-899d-a82a60b9f60c,Medicare,GOVERNMENT,,,,,,6506515.92,255678.21,811206.90,2226,0,2589,0,5825,0,518,0,36,0.812422516788594,4932
df166300-5a78-3502-a46a-832842197811,Medicaid,GOVERNMENT,,,,,,16342693.64,373311.94,134410.00,4686,0,2127,0,10429,0,1419,0,55,0.9202588138123888,13572
d18ef2e6-ef40-324c-be54-34a5ee865625,Dual Eligible,GOVERNMENT,,,,,,2304577.09,25726.98,12870.00,559,0,579,0,1523,0,132,0,15,0.8282259630547121,1332
26aab0cd-6aba-3e1b-ac5b-05c8867e762c,Humana,PRIVATE,,,,,,4219720.34,2309958.19,2236338.00,1777,0,718,0,3874,0,717,0,20,0.9431008307067608,6624
b046940f-1664-3047-bca7-dfa76be352a4,Blue Cross Blue Shield,PRIVATE,,,,,,2750380.68,805766.44,1965972.00,1242,0,894,0,2089,0,332,0,37,0.3583298170105161,7188
d31fccc3-1767-390d-966a-22a5156f4219,UnitedHealthcare,PRIVATE,,,,,,1955233.01,409099.77,815363.00,574,0,186,0,1357,0,171,0,9,0.904942740870769,1656
0133f751-9229-3cfd-815f-b6d4979bdd6a,Aetna,PRIVATE,,,,,,1530525.45,1106510.08,316937.12,961,0,628,0,2073,0,244,0,23,0.8939988731263879,2628
8fa6c185-e44e-3e34-8bd8-39be8694f4ce,Cigna Health,PRIVATE,,,,,,1972935.88,1024219.06,429184.28,746,0,432,0,1981,0,260,0,19,0.9402381540391114,2784
734afbd6-4794-363b-9bc0-6a3981533ed5,Anthem,PRIVATE,,,,,,1860878.67,343219.57,290436.16,1427,0,1142,0,2119,0,136,0,17,0.781920796381587,1248
e03e23c9-4df1-3eb6-a62d-f70f02301496,NO_INSURANCE,NO_INSURANCE,,,,,,0.00,17007938.41,0.00,0,5262,0,2200,0,12280,0,1918,55,0.9777493389659594,18252
