Id,ORGANIZATION,NAME,GENDER,SPECIALITY,ADDRESS,CITY,STATE,ZIP,LAT,LON,ENCOUNTERS,PROCEDURES
fb0c67ec-02ea-35a4-8f53-63f7f6c7cca6,74ab949d-17ac-3309-83a0-13b4405c66aa,Ted955 Reilly981,M,GENERAL PRACTICE,881 Main Street,Fitchburg,MA,01420,42.586487,-71.80521,113,0
3cfc2eb1-38fd-31e9-bbea-6f845cb589f5,324b4137-57a0-3ae0-89db-1c33f57ae0c1,Marquis364 Satterfield305,M,GENERAL PRACTICE,134 NORTH ST,NORTH READING,MA,018641315,42.5892341,-71.10546522083789,3,0
a85f2137-0af9-3ebe-b0ce-c003e552a287,e09d4c49-c2ef-3b0f-9a46-3719d9219306,Jules135 Emard19,M,GENERAL PRACTICE,60 HOSPITAL RD,LEOMINSTER,MA,014533290,42.54031915,-71.76312990486304,330,0
554b311e-3f47-378b-ad57-88e5edac56ec,ab701a70-a658-340e-8f69-ee196a7d40c6,Jolie499 Parisian75,F,GENERAL PRACTICE,484 RTE 134,WORCESTER,MA,016071728,42.2625621,-71.8018877,19,0
79c72895-af25-3af7-a917-c38d5e9f6ea0,11ba6a26-59b4-3728-a268-6dc9929962b4,Archie818 McCullough561,M,GENERAL PRACTICE,200 GOVERNORS AVENUE,MEDFORD,MA,021551644,42.42711615,-71.1121606632448,2,0
cd77dc7b-14a3-376c-a5af-106bb75697af,f736c0f5-6d39-3e26-8ac1-39e1fc60dfbe,Laura391 Armendáriz135,F,GENERAL PRACTICE,11 QUARRY HILL ROAD,LEE,MA,012389645,42.2816564,-73.25307843923315,36,0
6a4a51a7-a1a6-334e-8912-d1b6d4e94306,71472d9b-aa5c-3b49-a5c3-d0eee8859015,Cuc113 Kutch271,F,GENERAL PRACTICE,118 WATERHOUSE RD STE C,BOURNE,MA,025328305,41.7281115,-70.5861571324252,60,0
84b3abad-b15f-3f0a-8150-1893de26cdc3,52ecddd8-42f6-35cc-88a5-cf474c02fb49,Cecil300 Fahey393,M,GENERAL PRACTICE,94 OBERY STREET,PLYMOUTH,MA,023602130,41.93725,-70.65503160208334,11,0
532032cb-8f6e-37f7-9fad-5ad163333f54,4846e68f-845b-38e6-aa40-48196bf9ff0e,Carylon722 Corwin846,F,GENERAL PRACTICE,130 COLRAIN RD,GREENFIELD,MA,013019625,42.59140995,-72.62336230812821,3,0
27b80c8e-0d14-3f10-8d58-c17199f21cc5,667b46fe-0afa-3f70-a311-bbe3d52db050,Mickey576 Borer986,F,GENERAL PRACTICE,757 BOSTON POST RD,WORCESTER,MA,016071728,42.231371,-72.165386,46,0
dee9bda8-4b37-39ca-a301-44f0703e2ca8,fe675917-7b09-3afd-a6e6-128cc4de4734,Rod343 Kohler843,M,GENERAL PRACTICE,319A ALLSTON STREET,BRIGHTON,MA,021357652,42.345093,-71.139804,4,0
77ea51d6-2f40-3bc9-8541-0498412de22a,bdc3ee76-9cf3-316d-b202-a8da1ea3fa20,Harland508 Rippin620,M,GENERAL PRACTICE,130 RUMFORD AVENUE  SUITE 211,AUBURNDALE,MA,024661370,42.35853505,-71.24125521214887,1,0
2afe9fd5-6c5e-3ba8-988c-f323df0a02ff,5fcff9db-16e4-3e56-aa78-abbc16338097,Marcus77 Schamberger479,M,GENERAL PRACTICE,295 VARNUM AVE,WESTFORD,MA,018863513,42.5792583,-71.4378411,132,0
4faf6052-1499-384e-9045-d61af9f86b71,fa09396a-2926-3b21-ad0c-9f6cabbce0eb,Moshe758 Bartoletti50,M,GENERAL PRACTICE,1210 BOSTON PROVIDENCE TPKE,NORWOOD,MA,020625061,42.1714075,-71.1951186,3,0
53fe44ae-c69b-3632-974b-d916654a0c44,4cb90b5f-734d-322f-a2f2-776824e1ce35,Lesha323 Emard19,F,GENERAL PRACTICE,770 CONVERSE STREET,LONGMEADOW,MA,011061719,42.0639853,-72.5521444,1,0
01c7b3f8-2dcf-3011-956c-db644d2adf89,233b0cce-d2eb-3d4e-bbfb-539cb9dccf4c,Berta524 Valle770,F,GENERAL PRACTICE,100 LOCKE DR,MARLBOROUGH,MA,017527235,42.34926605,-71.580845441892,1,0
1ca6805f-3db3-393f-a70f-4e031e2b574e,2e1eaaf1-ebb0-332c-8921-f48e15b91879,Tambra47 Nolan344,F,GENERAL PRACTICE,2 SEAPORT DRIVE,QUINCY,MA,021711599,42.29287335,-71.03019020136307,6,0
3ddc5c0f-66ec-3517-a1ac-fc19613fc81d,c272e12f-e154-3fee-b05d-b7c0cab2657d,Trinidad33 King743,M,GENERAL PRACTICE,800 WASHINGTON ST,NORWOOD,MA,020623487,42.1886973,-71.2005241,35,0
93908825-137a-308f-8c27-e84cc9df77f7,b66db758-a205-3227-9cfb-bf19d2c1962d,Noreen211 Stroman228,F,GENERAL PRACTICE,121 HARVARD AVENUE  2ND FL,ALLSTON,MA,021342702,42.35241825,-71.13220132573996,10,0
e2f3b823-0a78-391b-bcbf-d0a000170301,f6a306cf-7bd6-35f4-a6b7-2d07d273914c,Conchita9 Tirado305,F,GENERAL PRACTICE,63 FOUNTAIN ST STE 402,FRAMINGHAM,MA,017026280,42.27595495,-71.42631150114194,28,0
2dbf603d-a170-38cd-8f44-62ec504570a2,bb3d48eb-0c30-34f4-8950-790fc984741b,Alane21 Frami345,F,GENERAL PRACTICE,1601 WASHINGTON STREET,BOSTON,MA,021181951,42.3381394,-71.0748562,44,0
19f63fef-258e-33ad-af8a-a47b4b448b9a,4ffa4412-1493-3beb-b8f0-6614dde953a4,Sulema841 Ryan260,F,GENERAL PRACTICE,363 HIGHLAND AVENUE,WAREHAM,MA,025715011,41.745636,-70.658192,151,0
b7c39042-1b87-3ad2-bf01-972e778377c2,ede4a423-6258-3ef5-b5ba-0fa6bb579563,Olinda137 Paucek755,F,GENERAL PRACTICE,326 NICHOLS ROAD,FITCHBURG,MA,014205478,42.5974358,-71.80761197366103,69,0
a4d8dab6-18de-3eba-87c0-2ae012b8800f,a14e698d-a9ba-3eae-9c8b-682ec726433d,Karla801 Cummerata161,F,GENERAL PRACTICE,776 WESTERN AVE,LYNN,MA,019052408,42.466763,-70.9494939,62,0
054f0265-da31-305e-9ba0-8d034eb2d784,69eae27b-7445-3652-bd34-b535abe0b011,Hong136 Schneider199,F,GENERAL PRACTICE,9 BICKNELL ST,QUINCY,MA,021696003,42.252227399999995,-70.96584679278924,54,0
a833a4cc-1b77-368e-9809-bd41f794ce51,4c1a8ea6-b690-3c28-a02e-ebd82190ee65,Hui924 Cronin387,F,GENERAL PRACTICE,885 WASHINGTON ST,BOSTON,MA,021111415,42.3479909,-71.064924,22,0
13a3b12c-b1f0-34a2-8722-8603688191d9,5ba6765a-f335-36b0-9c6a-6bb494c5330d,Sasha806 Schamberger479,F,GENERAL PRACTICE,31 OLD ROUTE 7,WESTWOOD,MA,020902333,42.2139873,-71.2244987,22,0
187e0e26-d0ad-3045-a688-2c993ec59d74,b6eeaaf7-1683-3bcb-b6ee-81ce304636ef,Nicolás801 Nieves278,M,GENERAL PRACTICE,170 GOVERNORS AVE,MELROSE,MA,021763225,42.4564323,-71.064182,177,0
5a1d130b-721e-3d3b-897b-bc44f83df3e6,1c42af32-f17e-32ec-b007-4ff8e2de493e,Sherman440 Wunsch504,M,GENERAL PRACTICE,235 NORTH PEARL STREET,STOUGHTON,MA,020723396,42.1004556,-71.0668392,5,0
f7d4b2ae-0fb8-367b-bf64-dff9548e57a3,d613e441-68e8-3502-8adb-3f770a1276bf,Emmaline88 Witting912,F,GENERAL PRACTICE,114 WATER ST,MILFORD,MA,017573007,42.13661855,-71.53474614336832,24,0
2de05fcc-9c99-3041-b147-a99e5f178e28,d3085315-9893-34c7-8889-3a31dc17c2b0,Ethyl508 Rau926,F,GENERAL PRACTICE,1428 MAIN ST STE 7,WALPOLE,MA,020811729,42.1325911,-71.2618886,139,0
418cdfd7-04b1-3b5c-bcff-187aba99ecda,ace1ac31-036a-38fd-b451-b3b87157c717,Salvador46 Ortiz186,M,GENERAL PRACTICE,170 MORTON ST,BOSTON,MA,021303735,42.299067750000006,-71.10124351911541,22,0
1bda5e04-f2cd-3f0c-b73c-ccca0374f769,18061fd5-fda8-3e2d-87f0-0f3c87211bcc,Margarite168 Koepp521,F,GENERAL PRACTICE,1493 CAMBRIDGE ST,SOMERVILLE,MA,021431408,42.3875968,-71.0994968,13,0
cf85c1ff-7b0f-3f9a-b39a-0c73922fc570,1faab3d1-2ae5-3110-8e5f-c65b92ca906d,Theodore876 Ankunding277,M,GENERAL PRACTICE,29 LEWIS AVE,GREAT BARRINGTON,MA,012301713,42.19093125,-73.3715000043024,41,0
1c888fd7-25d9-3820-95cf-63e75c9290ed,7e97f720-f99d-3402-98a4-a144aaa5bd01,Raquel318 Valles311,F,GENERAL PRACTICE,210 JONES RD,FALMOUTH,MA,025402974,41.5614958,-70.6117407224321,29,0
6e08c0a4-a9d6-34d4-b9c0-80c067acc65f,a36dcb53-a762-38d4-ae84-40f46195a6dd,Virgina372 Reilly981,F,GENERAL PRACTICE,260 EASTHAMPTON ROAD,HOLYOKE,MA,010401213,42.226424,-72.646798,1,0
2cecc3b5-30aa-3199-b148-7a93cae5801b,45ce6eff-535b-37e2-bed3-1946200aa03f,Sang383 Blanda868,M,GENERAL PRACTICE,309 BELMONT STREET,WORCESTER,MA,016041059,42.280233499999994,-71.7694812367883,57,0
227b504a-9022-3c80-9940-a5ae1f3f1674,044e0760-ec11-3452-a46e-8af2bbeec083,Melonie209 Towne435,F,GENERAL PRACTICE,90 WEST STREET,WILMINGTON,MA,018873039,42.54038775,-71.13933791916014,1,0
447b5aef-1b9e-3585-9c46-89d04caa2131,1e11392b-1278-3e70-93cd-f396cbd0c265,Gino587 Block661,M,GENERAL PRACTICE,115 LINCOLN ST,NATICK,MA,017607700,42.2843753,-71.3441395,196,0
387bd23e-3413-34a8-8eb5-6132c151ef88,fe30f2b4-9bc8-346e-afba-4455d1766545,Germán350 Zapata667,M,GENERAL PRACTICE,17 LAFAYETTE AVENUE,CHELSEA,MA,021502010,42.40019115,-71.03050082480353,2,0
ff5d9626-f015-302e-a8f1-ae45b959296d,6cf8a214-8d57-3267-85e5-7719e15cd63e,Michel472 Zulauf375,M,GENERAL PRACTICE,170 MORTON STREET,JAMAICA PLAIN,MA,021303735,42.299067750000006,-71.10124351911541,10,0
03cd428f-8dbf-34cf-a571-dbd679afa542,0fedae9f-701f-3317-9b2f-69aea2202cdc,Sharron285 Batz141,F,GENERAL PRACTICE,88 EAST NEWTON STREET,WINTHROP,MA,021522715,42.3750976,-70.982827,971,0
15366851-9c09-3394-b541-015da6f499c9,981338c4-287c-3621-bc45-8b0b9f1b8922,Esteban536 Caraballo427,M,GENERAL PRACTICE,640 BOLTON ST,MARLBOROUGH,MA,017523999,42.3658183,-71.55914630258509,127,0
965b4633-55d6-330f-a4b5-cfbe9b74cead,7a3b8310-02eb-3c47-aa1b-3f55b3ed9de9,Lauretta754 Dare640,F,GENERAL PRACTICE,6 HATFIELD ST,NORTHAMPTON,MA,010602545,42.333172950000005,-72.6566355591273,5,0
794f0369-ddcf-3f66-a8a7-03d1affce01f,84de2bcf-1b1a-3ce2-9f6d-9e0cb34991f6,Margery365 Rippin620,F,GENERAL PRACTICE,45 DAN RD,WELLESLEY,MA,024813503,42.2964859,-71.2925571,66,0
fa94f4d2-3833-3ffd-824f-a290f6f299cb,440fa4b8-c731-3cf5-81d9-aa3f30a37b95,Bennie663 Abbott774,M,GENERAL PRACTICE,41 & 45 MALL ROAD,PEABODY,MA,019602901,42.5278731,-70.9286609,103,0
bde6d6f4-a101-36e9-bcde-fdf4ae8a16b8,0fab3c4e-a028-39a6-b15a-be5a88b6aa2a,Miyoko154 Paucek755,F,GENERAL PRACTICE,222 STATE STREET,LUDLOW,MA,010563437,42.15547415,-72.47222226666076,416,0
541bb22f-d397-3f2f-bf19-480b9d67559f,3b021cb6-4745-3d9d-8436-230055f770bd,Eleni953 Franecki195,F,GENERAL PRACTICE,148 CHESTNUT ST,NEEDHAM,MA,024943238,42.27728075,-71.23665362814043,367,0
73cd8b3b-b5d4-376f-aedd-0db2d5286fe7,83f59b06-c094-345b-afae-856f22c1ac2c,Justin359 Gutmann970,M,GENERAL PRACTICE,255 Park Ave Suite # 900,Worcester,MA,01609,42.265556,-71.818665,640,0
dac64dc5-dd64-3778-a18f-f9485e63f54f,ab074997-79db-3114-b6ac-5c21cda8ee3a,Todd315 Abernathy524,M,GENERAL PRACTICE,111 HEADWATERS DR,HARWICH,MA,026451028,41.705945549999996,-70.08904355,1,0
9dbeb7c0-3af8-35d0-a3e0-28efb723a736,e9a24be5-b0a3-3fd2-a606-dd13498024ea,Darwin703 O'Hara248,M,GENERAL PRACTICE,85 E MAIN ST STE A,NORTON,MA,027662307,41.971697,-71.17689334021827,40,0
afefd21e-af95-3d03-aa88-1e1d15a91273,2befa435-3070-3350-a15c-e43ac1e84b24,Teressa589 Schuster709,F,GENERAL PRACTICE,575 BEECH STREET,HOLYOKE,MA,010406604,42.20105435,-72.628169560868,9,0
63701449-79eb-3246-a475-5de00d1e975b,ad82d624-72eb-3c7d-a76d-79f2668d1390,Mathew182 Howe413,M,GENERAL PRACTICE,3 WOODLAND RD,STONEHAM,MA,021801711,42.452443099999996,-71.08939988105112,60,0
67e23546-dbfc-3e68-a26e-bcdf7fabdae3,b8421363-9807-3b16-a146-95336eea5cfb,Cleveland582 Kuphal363,M,GENERAL PRACTICE,30 LOCUST ST,NORTHAMPTON,MA,010602052,42.33032115,-72.65330802608176,264,0
f5b941b9-6bb9-3901-9e76-97220f30f9fa,7567027f-af4e-3cd6-b1bf-e764ca3a5866,Rusty501 Rodriguez71,M,GENERAL PRACTICE,215 BICENTENNIAL HWY,SPRINGFIELD,MA,011181962,42.095480800000004,-72.50509214731676,1,0
eb8f703c-70cd-347f-95b9-3d1ad21e8ec3,fbd4ccdf-2fdb-3652-9bbe-1ccff886bd34,Jermaine675 Collins926,M,GENERAL PRACTICE,320 CENTRAL STREET  UNIT A2,SAUGUS,MA,019062372,42.4632069,-71.0093761,12,0
980466f6-b1ad-31ec-9aa6-77a4bbd94b0f,901c2d40-1ca3-3879-9a20-c663b8adc0a9,Emory494 Schuster709,M,GENERAL PRACTICE,800 WASHINGTON STREET,STONEHAM,MA,021802445,42.4863168,-71.0928919,97,0
0c8bc4d2-c961-3f8a-96c2-aba865c7b1ba,e6cc6043-299a-3581-8f6b-b3b5d62c46ae,Fritz267 Farrell962,M,GENERAL PRACTICE,532 SUMNER AVE,SPRINGFIELD,MA,011082458,42.08631583333334,-72.55792579166666,177,0
539ca5f1-8ddd-35bf-97bf-90d3f84d9185,b9e35b8a-9831-32d8-a6dc-d7a546c126b0,Gerardo48 Montez99,M,GENERAL PRACTICE,111 HUNTOON MEMORIAL HIGHWAY  1ST FLOOR,SPRINGFIELD,MA,011092550,42.1018764,-72.5886727,56,0
a3fcd155-0636-3f39-bd27-6e499bd48829,7a75decf-7d3f-3b0d-8c2b-3abf0a8c7f58,Afton574 Kulas532,F,GENERAL PRACTICE,169 LIBERTY ST,MIDDLETON,MA,019491003,42.615226050000004,-71.0144865346162,29,0
2c363780-a9d4-35ce-a997-e8b7bf1c46d5,38508743-50d1-3429-8fe2-37e42ddaf20e,Erick204 Mayer370,M,GENERAL PRACTICE,164 HIGH ST,GREENFIELD,MA,013012778,42.595268700000005,-72.59288632376354,1147,0
e2eb1f1f-843e-3bd7-ba4c-f3a5f0fc55ef,2f735290-1603-31b5-b561-7c8e0d413170,Jolynn62 Adams676,F,GENERAL PRACTICE,100 FOXBOROUGH BLVD STE 230,FOXBOROUGH,MA,020352878,42.041851949999995,-71.23486657070565,10,0
04f628e1-b27c-3990-948f-66cd02e73bb2,e1818b21-4458-3b9c-b2b8-7ed6f57ae078,Tamisha203 Wilderman619,F,GENERAL PRACTICE,2399 BOSTON ROAD,WILBRAHAM,MA,010951185,42.14668485,-72.45048427046072,30,0
b163b29f-a25e-356a-9556-1dd882187ff4,328f813e-4de8-3ec2-a113-43f3ddfb0b2a,Eldridge510 Roob72,M,GENERAL PRACTICE,30-40 WESTPARK STREET,BROCKTON,MA,023015241,42.0834335,-71.0183787,26,0
116c41f6-4d55-370d-8741-eb20a8cda3b5,200746fc-5d0f-3ec7-a2a9-3d9a219ee139,Latrisha74 Rippin620,F,GENERAL PRACTICE,800 CUMMINGS PARK  SUITE 3100,WOBURN,MA,018016355,42.4977745,-71.1237712,11,0
c01eca78-72de-37ea-b5b8-6be060b72f99,655f2a4f-419c-39d3-8ed6-6c4117eb7e32,Gerardo48 Herzog843,M,GENERAL PRACTICE,21 MAIN ST,NORTH READING,MA,018641326,42.566971949999996,-71.10799861135133,93,0
25a28094-2267-3e41-bfdb-02bb548d8d26,5018c664-e283-30eb-932a-529d9a19b3b5,Rochell365 Stehr398,F,GENERAL PRACTICE,300 SOUTH ST,WOBURN,MA,018014979,42.473347,-71.144086,135,0
341f98da-ed3b-37d6-996d-40690d356f53,1cff30ba-b91f-3ea2-b80b-770d67856358,Roberto515 Rodríquez611,M,GENERAL PRACTICE,359 JONES RD,FALMOUTH,MA,025403341,41.5591273,-70.60352436630029,3,0
e6e3b1fd-4711-3904-9096-359111a32833,d4e48a16-0a60-3e90-81e5-c35b22ffe6af,Elmer371 Kutch271,F,GENERAL PRACTICE,856 STATE RD,NORTH ADAMS,MA,012473027,42.69967208677275,-73.16330754755236,2,0
27238b62-9b96-3a60-9d8b-39f7bc404e24,bccd7d67-203c-3d93-b6b0-bff5a146cd1d,Paulene52 Kihn564,F,GENERAL PRACTICE,286 WASHINGTON ST,STOUGHTON,MA,020721763,42.1384306,-71.1022598,10,0
4d379bb9-77ff-30b7-8fa2-5e5b1cd95747,07baae96-3d74-3c69-a845-dad7b792eb52,Clemente531 Flores439,M,GENERAL PRACTICE,42 ASBURY ST,SOUTH HAMILTON,MA,019821808,42.61322825,-70.87300675048934,35,0
3f1a9ca4-d72c-3000-a32c-f5491914ff8b,63cb4d95-04a9-3a35-b5d9-f89e0377a48d,Thanh759 Weber641,M,GENERAL PRACTICE,211 PARK ST,ATTLEBORO,MA,027033143,41.9419187,-71.2752081695297,47,0
b5659bfa-6937-319c-a00c-72971eb8b936,a2a41caf-758f-3962-8e5f-e6e603f93d17,Carla633 Briseño329,F,GENERAL PRACTICE,111 HUNTOON MEMORIAL HWY,ROCHDALE,MA,015421305,42.2020225,-71.89891616754682,1129,0
7f3bce31-3636-3c05-aa80-fc51ab042e4d,ca62a361-9c79-32d1-92cc-ffc0d5d19679,Sallie654 Barrows492,F,GENERAL PRACTICE,19 HENRY ST,SHARON,MA,020671714,42.109147300000004,-71.20768205338297,33,0
da07a640-02ba-3410-94e0-8f671e661cef,0d24cc89-3256-330c-b36d-d8de8babef84,Delicia67 Bernhard322,F,GENERAL PRACTICE,1030 FALMOUTH RD,SOUTH YARMOUTH,MA,026641218,41.6667779,-70.1847414,78,0
ba590c2c-e5cc-3df2-8edb-c701183ede95,db28cc9a-fdfb-35a6-aef7-ab9b933ef244,Judy192 Gleason633,F,GENERAL PRACTICE,8 DANA STREET,CAMBRIDGE,MA,021385402,42.3694992,-71.11011030010101,14,0
7aa4abe1-7429-31b0-bbe8-dacb3c02ee9e,19a65317-5d32-355e-8f82-88933d48366d,Wes853 King743,M,GENERAL PRACTICE,5 PRECINCT ST,LAKEVILLE,MA,023471468,41.8455651,-70.95195924208448,14,0
874e5bde-789c-33bf-9c00-72c1042d0d38,bfb9ab7d-7b8a-36c9-ac27-d210a6f6f412,Neal874 Bechtelar572,M,GENERAL PRACTICE,8 LEWIS POINT ROAD,BUZZARDS BAY,MA,025325613,41.745383,-70.618087,1,0
137e71d9-1aba-311b-a535-0dd976f06ee7,a6fb79e7-4abb-3a68-b62d-e501427fdca4,Barb55 Renner328,F,GENERAL PRACTICE,489 WASHINGTON ST STE 202,AUBURN,MA,015015709,42.187836,-71.83104,78,0
589ab5e3-46a1-3e09-9509-eb61b30a2c84,5117bb89-3a9f-3740-a0f1-c3a1a8d7851e,Cecily421 Predovic534,F,GENERAL PRACTICE,20 ELM ST,PITTSFIELD,MA,012016502,42.4458896,-73.2448206979669,47,0
0362a8eb-743c-37ed-a33f-1c3145fce5a6,9d0e702d-50a0-3f4c-9126-0951d560fd4b,Hellen346 Roberts511,F,GENERAL PRACTICE,189 MAY ST,WORCESTER,MA,016024339,42.25986305,-71.83597786023279,49,0
926d6b84-5070-36d6-b4fb-9124dce3923b,c7542447-e06e-32cb-b6db-243c23a0dbc2,Carson894 Krajcik437,M,GENERAL PRACTICE,30 WARREN ST,BOSTON,MA,021353602,42.3501483,-71.14393324457691,72,0
b785d3b4-d5d6-3f1e-bba7-15478b742ee4,d9fe2c9c-135e-3da3-8de8-1a0ff165d886,Bettina657 Marquardt819,F,GENERAL PRACTICE,1430 MAIN ST,WORCESTER,MA,016091121,42.2492003,-71.92931780325071,76,0
080f2893-ed43-39c9-9373-14688f7b0d6c,46375470-1e20-3ddc-8dc5-010ba53826b6,Clara183 Reynolds644,F,GENERAL PRACTICE,40 WRIGHT ST,PALMER,MA,010691138,42.16934095,-72.34120457065711,105,0
ff5d4363-5cee-3a14-913b-fc791dcf107a,72f50aa0-d8c9-34dc-ac58-c428323f3bcd,Lourdes258 Agosto501,F,GENERAL PRACTICE,55 FRUIT ST,BOSTON,MA,021142696,42.36286045,-71.06875296664998,43,0
ae56e6a8-0275-3488-b643-db703d6f5a8e,9203d0d2-ca7d-3421-9361-974402ffb561,Shelby741 Shields502,M,GENERAL PRACTICE,58 OLD NORTH RD,WORTHINGTON,MA,010989708,42.414246,-72.93841842197347,30,0
ce5e2609-03cd-373e-8585-abe1b6454e56,ca8a919a-05f9-3687-bfb6-42800a70031e,Clair921 Flatley871,F,GENERAL PRACTICE,6111 OAK TREE BLVD STE 301,FRAMINGHAM,MA,017014613,42.3095704,-71.4413097,28,0
9ae848cf-34fd-3bee-bb07-78640614ed71,eee00932-ca82-36bc-b7e8-e3fff6dbaeaa,Leif534 Hane680,M,GENERAL PRACTICE,450 BROOKLINE AVE,WEYMOUTH,MA,021893141,42.2212188,-70.9391625,156,0
1de364ab-562e-3e96-b89a-a6853f0b0de5,be509ccb-bfb7-3b87-8945-8426b689ef9d,Chong355 Balistreri607,F,GENERAL PRACTICE,2049 DORCHESTER AVENUE,BOSTON,MA,021244742,42.3554334,-71.060511,8,0
905ce985-a08b-3bbb-a847-d8eda8d83255,52476935-b9e6-3dbc-a44d-47db68ee9977,Paul232 Daugherty69,M,GENERAL PRACTICE,56 LIBERTY STREET,DANVERS,MA,019233361,42.563351999999995,-70.9210216494721,1,0
35fa979c-3d98-3f5e-b8a6-33d827d3cb48,065eba51-cef7-3976-8654-ba8e7df887ce,Traci329 Block661,F,GENERAL PRACTICE,1165 NORTH PLEASANT STREET,AMHERST,MA,01002,42.40927615,-72.52971238527101,9,0
031d9baa-4e42-3e1b-b9cd-d694f18126ab,6c7fe370-02c4-3537-8f5e-373b2168b933,Enrique929 Caraballo427,M,GENERAL PRACTICE,60 HOSPITAL ROAD,LEOMINSTER,MA,014533791,42.54031915,-71.76312990486304,1,0
c8e36288-b389-342c-bd8d-693734b57bcc,f8918a95-31e8-3ac4-8d12-29ca6080ebda,Domitila545 Vandervort697,F,GENERAL PRACTICE,199 REEDSDALE RD,MILTON,MA,021863926,42.251368299999996,-71.0768393856917,48,0
2484b13c-0fda-3c9c-8e4e-5edef641c4a7,bce5b907-584b-345d-bbcf-912cf56cb6c3,Monte325 Parisian75,M,GENERAL PRACTICE,11-15 SANDERSDALE ROAD,WORCESTER,MA,016032467,42.0667952,-72.0084995,65,0
8b35dd36-32b9-362b-9bc5-cf2c8ca1871f,8d5880eb-1dd8-31ea-b7c5-21709f3bb341,Nicholle822 Satterfield305,F,GENERAL PRACTICE,50 ROWE ST,MELROSE,MA,021763201,42.4592093,-71.06078096379728,73,0
c87954d6-76f4-3e4e-9eab-8df2797af331,fd650ebc-a642-3818-b073-692473cd31f1,Tobias236 Kris249,M,GENERAL PRACTICE,900 CUMMING CENTER,BEVERLY,MA,019156181,42.5584284,-70.8800491,44,0
aa70858d-b063-3070-892e-2ce7aee890be,3ff0f58b-7a1f-3334-9449-ff15f68b7d86,Crystle668 McCullough561,F,GENERAL PRACTICE,275 SANDWICH ST,PLYMOUTH,MA,023607761,41.94186605,-70.6455366462985,234,0
bddc64f0-750a-3096-935f-b3d91d21487c,70e3ad4f-b9ff-3f3e-9990-2cd7e23a9d1c,Zane918 Bosco882,M,GENERAL PRACTICE,1238 RIVERDALE ST,WEST SPRINGFIELD,MA,010894675,42.1373438,-72.62624707492338,6,0
5a940576-642b-3afc-9709-de60d40dd44d,75846b1f-d0ec-3255-9bdd-d09eb0a9dd0d,Ester635 Carrero892,F,GENERAL PRACTICE,575 BEECH ST,HOLYOKE,MA,010402296,42.20105435,-72.628169560868,64,0
d85e3845-0ffd-361c-9891-b17ecbfd662c,dd280187-8662-3732-af81-595d10572911,Clifton91 Lakin515,M,GENERAL PRACTICE,4499 ACUSHNET AVE,NEW BEDFORD,MA,027454707,41.74026055,-70.9450945705336,6,0
a13b196e-343f-3d86-8a85-4bb5de3ea9e1,a6964d47-8af0-3df2-b99d-d8414eb1cfa3,Adrienne302 Schiller186,F,GENERAL PRACTICE,200 MAY ST,SOUTH ATTLEBORO,MA,027035520,41.924394750000005,-71.36076410900014,92,0
7b1a9055-bcd6-3a3e-ba1e-8bd66dfca98b,dae3ee01-f383-366e-9ad6-dc92963064ea,Orville751 Will178,M,GENERAL PRACTICE,1233 MAIN ST,HOLYOKE,MA,010405381,42.16578055,-72.63389634691956,347,0
4adb670d-1d39-34d4-a230-35be6296552b,679a8e99-0f35-3eec-94ed-d8341e9fe33c,Maricruz991 Hahn503,F,GENERAL PRACTICE,140 WEBB STREET,WEYMOUTH,MA,021882736,42.22281125,-70.96226691624932,8,0
098b3b7c-4efb-30ed-a20a-1af4e04ea31f,87472bc2-7c23-37cc-8355-7f3e88614b6b,Leilani136 Kris249,F,GENERAL PRACTICE,305 MAPLE STREET,EAST LONGMEADOW,MA,010282765,42.059258494749486,-72.53388585052694,9,0
34367364-3aac-3dac-baeb-cb00a26eafc3,542185c1-943a-30f4-aba0-0efaa92488a4,Luetta803 Rau926,F,GENERAL PRACTICE,142 LAKE ST,ARLINGTON,MA,024764738,42.40328885,-71.15140830652837,67,0
51945085-eda3-3401-9dfa-a4ae1815820f,9f2f60a6-87a4-3f45-b753-b63b5b7e9993,Raul814 Considine820,M,GENERAL PRACTICE,332 HANOVER STREET,BOSTON,MA,021131901,42.3647421,-71.0536619,54,0
d77dd25d-8963-3adf-8e8a-c093b65704c3,5c896155-eb9a-383e-9162-a43ebb7f1cc5,Sammy219 Mayert710,M,GENERAL PRACTICE,400 LINDEN PONDS WAY,HINGHAM,MA,020433784,42.1972249,-70.91712645007524,3,0
dd7c58a0-dea6-314f-b630-03b143334e52,bebc1dac-6c42-3225-b0ba-23278cdf2a62,Antonia30 Hackett68,M,GENERAL PRACTICE,464 MAIN STREET,AGAWAM,MA,010011826,42.07695165,-72.62026217030348,4,0
b0e90af3-e178-3aef-8606-7495f2bee4d6,ce4d0501-49eb-396a-bc56-545fdfc624b0,Mauricio81 Daniel959,M,GENERAL PRACTICE,1 HOSPITAL RD,OAK BLUFFS,MA,025571406,41.46063105,-70.57989080295974,35,0
75d4afe0-08d5-3c18-9463-7960fee3e262,70e943de-a18b-3e03-a204-ecca2f01b6d1,Cristobal567 Jimínez732,M,GENERAL PRACTICE,76 NORTH MAIN STREET,WEST BOYLSTON,MA,015831130,42.393642299999996,-71.79207534741954,7,0
cbd66959-4ba1-3a2d-9e9e-27d1d52d8563,1ef8d603-bec1-35f5-a830-2a0b919cf47f,Thresa531 Kutch271,F,GENERAL PRACTICE,1801 TURNPIKE STREET,NORTH ANDOVER,MA,018456322,42.6355548,-71.0761760490546,9,0
371a4876-a920-3a8c-8bb0-5460c01b29a6,06cc2462-430f-3322-9c87-7e971125f510,Kai187 Mann644,F,GENERAL PRACTICE,133 OLD ROAD TO 9 ACRE COR,WESTFORD,MA,018863198,42.5792583,-71.4378411,17,0
85353e39-e550-3a07-b1d8-800de3c89be7,0c6e2aac-bd59-351f-a144-b2a6855c50f8,Jamila16 Conroy74,F,GENERAL PRACTICE,319 CONCORD ROAD,WESTON,MA,024931310,42.3828732,-71.3206139,1,0
1a14f8be-0add-3d58-9746-98a6d110e1b5,ee7fab6f-6438-394f-b1f2-3e452f8f055a,Trey250 Satterfield305,M,GENERAL PRACTICE,75 BRIMBAL AVENUE,BEVERLY,MA,019156009,42.570099299999995,-70.87108224250409,12,0
a85603e7-7fe7-3410-9042-406b59986f6f,907b1d2f-2bf8-31b5-abc2-14d6b75faa96,Ellis535 Ernser583,M,GENERAL PRACTICE,340 MAPLE ST,MARLBOROUGH,MA,017523200,42.3358161,-71.54106510218209,52,0
5de91aac-8350-3930-9477-774ecf6aeacf,922d1031-d968-39c2-b73c-d5a495c39068,Todd315 Steuber698,M,GENERAL PRACTICE,350 LINCOLN ST STE 1102,HINGHAM,MA,020432801,42.248735,-70.9209846,49,0
52e93188-0954-34b7-a659-838703c6abf6,880fad59-9c38-3a21-a39f-ccc801502ab3,Halina47 Pollich983,F,GENERAL PRACTICE,799 CONCORD AVENUE,CAMBRIDGE,MA,021381048,42.390849395521705,-71.1556550001627,7,0
012405bb-77fd-37e8-a957-b3b90857485e,352f2e3b-0708-3eb4-9f7e-e73a685bf379,Gregg522 Willms744,M,GENERAL PRACTICE,157 UNION ST,SOUTHBOROUGH,MA,017721215,42.3056501,-71.5245087,844,0
9ea42f1e-7889-3c57-926f-3bb800d011d7,e34d8448-8b98-3f91-9fe7-faeb8a78e1db,Jill895 Monahan736,F,GENERAL PRACTICE,NEW ENGLAND SINAI HOSPITAL,MILTON,MA,021862377,42.2501425,-71.065573,33,0
6f3f5f80-363b-36ee-ba75-984b748b6f2d,4fa643ae-1f58-3c2e-9f33-0ba56345ad10,Sharyl439 Williamson769,F,GENERAL PRACTICE,361 MAIN ST,WAREHAM,MA,025712153,41.761384899999996,-70.71911431737183,20,0
b140bf5c-e612-3dc7-89d2-7e593b6eb2f0,2b97893e-dc50-378b-a266-f089b8450329,Magdalena964 Torphy630,F,GENERAL PRACTICE,250 MOUNT VERNON ST,DORCHESTER,MA,021253120,42.3194571,-71.04610844302991,85,0
ae528d3c-5610-3323-bed5-41a08d210270,d0894f6b-78d7-338d-82ad-b63de4d40014,Lynsey2 Lemke654,F,GENERAL PRACTICE,330 MOUNT AUBURN STREET,WALTHAM,MA,02452,42.3756401,-71.2358004,6,0
c21ba790-5f5e-3118-8c65-ae3ea2bed511,3d5fbf38-c781-3e04-8c7e-5a402611b7d4,Enriqueta274 Barton704,F,GENERAL PRACTICE,260 ELM ST,SOMERVILLE,MA,021442951,42.3955992,-71.1227391,37,0
31526c79-b71e-334f-b5f1-b4a7cb3e12dd,f43f97f2-af04-3ed0-a42e-3681718cc9b2,Jacques50 Quigley282,M,GENERAL PRACTICE,725 NORTH ST,PITTSFIELD,MA,012014109,42.4600752,-73.2492795834909,84,0
e8e14268-09f1-383d-b974-28a21d2744e7,fd5342f0-10c0-3f48-9c7e-7100a64db139,September423 Abshire638,F,GENERAL PRACTICE,30 PRINCETON BOULEVARD,LOWELL,MA,018512405,42.6353691,-71.3322833,18,0
cd6460e7-ae5e-38a2-8108-1babeb8ff8d8,0d19a52f-6f9b-32aa-9aad-6b7027cc668e,Spencer878 Mills423,M,GENERAL PRACTICE,7 SANDISFIELD ROAD BOX 216,SANDISFIELD,MA,012559621,42.1131485,-73.1299243,5,0
a31677c5-e075-38a7-a5fe-da638f29bb17,88975fd9-b47e-3af6-af78-c58e1ecf0d5e,Barry322 Feil794,M,GENERAL PRACTICE,115 W SILVER ST,WESTFIELD,MA,010853628,42.1178811,-72.75935246865802,22,0
dbbe2377-8088-3e0e-9645-1db130c20398,19439108-9835-38fe-8ee2-1226a355cfba,Anderson154 Kunze215,M,GENERAL PRACTICE,694 WORCESTER RD,WELLESLEY,MA,024822837,42.2964859,-71.2925571,23,0
22c8588c-73a0-3cff-b062-9ed68f415d11,94ac48ba-e215-3ab9-ba88-a0b926d29cef,Barton704 Hahn503,M,GENERAL PRACTICE,300 WINTHROP STREET,MEDFORD,MA,021552311,42.421527,-71.11834,1,0
2ef22e22-8734-3016-ab89-e262571ce34b,069b90f9-309b-35e4-b990-d1dbacb962cc,Leo278 Strosin214,F,GENERAL PRACTICE,36 LOWER WESTFIELD ROAD,HOLYOKE,MA,010402749,42.16975305,-72.63488031242107,17,0
86e6b5ef-33b2-3222-a9c7-1b7e952d02ad,4ba48ef6-19f2-3177-bfaf-096daaebf26a,Gerald181 Wunsch504,M,GENERAL PRACTICE,275 TURNPIKE ST,BRAINTREE,MA,021845328,42.2064195,-71.005067,32,0
77d2f0ef-ebcf-3f67-8abd-fcb50051f816,8395b012-c9c6-3b96-a7f9-edd24c9a3006,Raymundo71 Crona259,M,GENERAL PRACTICE,123 SOUTH STREET,PLYMOUTH,MA,023602945,41.9432166,-70.6595797,1,0
f1ae70fd-55c0-3e14-b054-295cbbf368b1,936ceb96-2b12-371f-aa68-ee02a9c06f4c,Eddie505 Keeling57,F,GENERAL PRACTICE,225 BOSTON ST,LYNN,MA,019043124,42.470497449999996,-70.96003668151566,74,0
d091e1a4-2e42-39f0-9038-03da6d353f3e,5d0d1d11-dd8a-3d28-b029-93062b6798a5,Tamika537 Flatley871,F,GENERAL PRACTICE,378 PLANTATION STREET,WORCESTER,MA,016052324,42.27966095,-71.7626143755108,3,0
f03a42cf-6c18-3919-9738-9138efdd44bf,dfcd78f1-f67e-321d-84e3-f658c482c474,Elmo857 Wisoky380,M,GENERAL PRACTICE,64 WOODLANDS WAY,BREWSTER,MA,026312550,41.737807,-70.0036669,91,0
064a20c0-70b7-3f9e-a006-a69e774484f9,686dbc4c-72c6-37b9-a8a8-46839da327a2,Hope196 Mertz280,F,GENERAL PRACTICE,34 PEARLY LN,GREENFIELD,MA,01301,42.6097476,-72.5979752,1,0
1b557fbf-e78c-323b-9b58-3af1f90e1544,7b7ce654-a413-37d1-9d34-97240c0ac580,Liberty95 Kihn564,F,GENERAL PRACTICE,1 WRENTHAM ST,BELLINGHAM,MA,020192532,42.025037350000005,-71.48945118224057,21,0
91d400fb-cd32-3b1b-8013-829d1c49d36f,95b01a7c-e16a-37d4-b354-c404baa00203,Saturnina961 Gibson10,F,GENERAL PRACTICE,290 SOUTH STREET,PITTSFIELD,MA,012016824,42.440485002637104,-73.25677853480586,10,0
c3109801-7dc4-32cd-a194-75dcfc96d395,7b20d1c4-c56b-3647-801c-5e4e13679073,Riley817 Prohaska837,M,GENERAL PRACTICE,275 SANDWICH ST,PLYMOUTH,MA,023602183,41.94186605,-70.6455366462985,205,0
9d37b98c-d5fc-36a3-9a55-3c7cc71adb31,3e97ce4f-3ad7-3cea-883f-e2bb4ca89d83,Dan465 Swift555,F,GENERAL PRACTICE,30 NEW CROSSING RD,READING,MA,018673270,42.51809619399502,-71.0959083715027,2,0
bdcfbf70-a5bd-326c-81e6-0198a76b3464,c60fc3df-9dbd-3f31-a456-41c84490266f,Booker670 Johnson679,M,GENERAL PRACTICE,146 MAC ARTHUR BOULEVARD,BOURNE,MA,025323902,41.7412166,-70.5989196,4,0
3006521d-9fc7-38a0-a237-5c92fd828e47,4f59f709-8b84-3d27-a04b-c6b7b5544413,Jamison785 Davis923,M,GENERAL PRACTICE,70 BOLTWOOD WALK,AMHERST,MA,010022271,42.3768779,-72.51840280783739,64,0
89ea8ff6-fded-3021-a89f-a1e42d354933,c4e5b33c-17b8-3f51-a8ba-a327d54e642a,Alton320 Dibbert990,M,GENERAL PRACTICE,94 N ELM ST,WESTFIELD,MA,010852917,42.1322823,-72.7436679,20,0
2cf06f4e-5cac-3878-bb9e-1c859c7661a0,79d49935-bcc0-36ca-920b-45365c367438,Anita473 Valle770,F,GENERAL PRACTICE,409 W BROADWAY,SOUTH BOSTON,MA,021272245,42.336831,-71.047958,111,0
7b3e13ab-1450-34fa-af7e-6c62efb0b48a,0f2c58ec-5323-3c0f-9bdf-af0df7eb2a2b,Mana631 Boehm581,F,GENERAL PRACTICE,130 DORCHESTER STREET,SOUTH BOSTON,MA,021272642,42.3334312,-71.0494949,29,0
83bb7c0b-1dae-363d-b0a6-8d98f9aa5b77,680532c8-2661-3b39-875a-b6ec0746ccf5,Elsa29 Miramontes145,F,GENERAL PRACTICE,30 ATHOL ST,ALLSTON,MA,021341124,42.36075595,-71.13397379082869,60,0
4c16ef53-a42b-313f-89e8-864af01072dc,c6b019eb-28ec-36f6-abf3-bcc4d1d58966,Maren639 Aufderhar910,F,GENERAL PRACTICE,33 AVON ST,WAKEFIELD,MA,018802310,42.50403445,-71.07462951514611,24,0
f340cee6-91ce-3ecb-8d7e-68e5f8fb4a40,b5b380d2-df21-3389-abf0-08551c7e1f2d,Rueben647 Friesen796,M,GENERAL PRACTICE,85 PATTON RD,DEVENS,MA,014344401,42.5304204,-71.61505519305638,196,0
72ff7aa5-b1e4-3794-aeae-7da53480ab1c,2836d9ac-c6a6-39d1-8f13-fdf0fc8928f4,Alysha630 Koch169,F,GENERAL PRACTICE,365 EAST ST,TEWKSBURY,MA,018761950,42.6069472,-71.2180803,365,0
b408d0dc-2f86-321e-af9f-33920bd30c4c,a2f8d8fe-665e-390f-8b9b-efdc0b14a77c,Pearlene638 Towne435,F,GENERAL PRACTICE,161 JACKSON ST,LOWELL,MA,018522103,42.6425382,-71.3093946,53,0
07755cbd-7c52-394a-8c53-b5570c587de8,82c72223-f521-3a34-9b9b-4ff366365399,Margaret865 Reinger292,F,GENERAL PRACTICE,2100 DORCHESTER AVENUE,QUINCY,MA,021691870,42.2509914,-71.0037374,64,0
e12383f8-b9a8-3068-98b8-28a465a6f7ec,04b252db-4231-3cb5-963d-6f096fb4b97c,Lorie307 Grady603,F,GENERAL PRACTICE,1177 PROVIDENCE HIGHWAY,NORWOOD,MA,020625019,42.194543,-71.1994976,1,0
a9d30341-84f7-3988-8ee4-33501815b6f8,83579123-f29c-39b8-9f5f-8f79e91683c7,Reggie481 Kassulke119,M,GENERAL PRACTICE,100 CENTURY DR,WORCESTER,MA,016061244,42.3138278,-71.7707002,30,0
9b2cfbe0-faa5-3d7e-83b5-c47389504e2c,4fa8411f-42f8-3353-8947-bf15254c9dee,Jess275 Gutmann970,M,GENERAL PRACTICE,90 GREENWOOD STREET,WAKEFIELD,MA,018804039,42.476321150000004,-71.06922169005762,9,0
0bbc569b-bb38-3294-b2ff-8226c3984b8f,1de7e7d9-9a7a-3a3f-bf4c-b4de450711f2,Vince741 Morissette863,M,GENERAL PRACTICE,198 LITTLETON RD,WESTFORD,MA,018863429,42.564282,-71.42620615382347,10,0
baccb5e9-2c1d-36e3-a693-69041271d738,f52777bd-7313-3b27-8dd5-cd3f87bd3275,Shane235 Torphy630,M,GENERAL PRACTICE,9 HOPE AVE,WESTWOOD,MA,020902914,42.2139873,-71.2244987,57,0
9ee4b08f-a058-3a59-b564-db95fda32574,4705a8fd-19cd-32c1-8b3e-34bcfe84d0bd,Wynell591 Mayert710,F,GENERAL PRACTICE,55 N WASHINGTON ST,NORTH ATTLEBORO,MA,027601607,41.983529,-71.332241,35,0
0f608fef-a701-371b-b7f4-f93dfd930697,497f39dd-280e-3d58-af5b-c5e3a3a09b10,Randy380 Bergstrom287,F,GENERAL PRACTICE,27 PARK ST,HYANNIS,MA,026015230,41.65363635,-70.27352219234834,1336,0
bb2fadc1-36f7-3c41-9000-d8fe23a3b58b,eaaf102d-0188-3a69-a751-030645e2a7b0,Errol226 Kiehn525,M,GENERAL PRACTICE,605 MAIN STREET,WAREHAM,MA,025711031,41.76766153042966,-70.73096212925822,1,0
13cb3566-a096-3011-bed6-8ac7b4eca949,0d7fd824-1c7b-3f8b-a662-f6c2005e82e1,Arminda86 Trantow673,F,GENERAL PRACTICE,88 MASONIC HOME ROAD,CHARLTON,MA,015071394,42.1389039,-71.9782681,38,0
2bcb4b78-b428-314f-8358-a7b6f3920d66,a525d084-5a8f-3859-a048-2130a4092ec8,Linette249 Runte676,F,GENERAL PRACTICE,2 MOUNT ROYAL AVENUE  SUITE 350,MARLBOROUGH,MA,017521976,42.34042135,-71.57841367654626,2,0
828d5fdd-5b22-3316-b36a-1c10e1f174b4,accb8cdd-6560-3fef-b0a6-f12c3295026a,Gerardo48 Bergstrom287,M,GENERAL PRACTICE,969 PARK STREET,ATTLEBORO,MA,027035115,41.9266899,-71.2611303145582,3,0
8029b3ba-fc07-387d-8d14-6ebec9f064f6,a2df2aea-9c53-31f4-baea-02ea5ea1e553,Leon728 Lehner980,M,GENERAL PRACTICE,95 LAUREL STREET,GREENFIELD,MA,013013106,42.58163075,-72.61795013515538,33,0
ec510e05-2212-3e3f-b9fc-ff6f0106d7ec,390a2aa4-70b4-3a64-a12f-9bd777834c8d,Hunter736 Howe413,M,GENERAL PRACTICE,710 MAIN STREET,HARWICH PORT,MA,026461931,41.669654699920855,-70.06169919459835,9,0
9bcc58f0-e28a-3c98-8d18-8c2f1e7c2955,1ab2b5f9-cb95-3236-beec-9b9d4a407c61,Carroll471 Eichmann909,M,GENERAL PRACTICE,725 NORTH ST,PITTSFIELD,MA,012014109,42.4600752,-73.2492795834909,107,0
17d2ad35-111e-34da-882b-08f43df3ec7c,a43fd704-ddbc-3f63-b3a0-e97c5d42ab5e,Booker670 Bogan287,M,GENERAL PRACTICE,447 HILL ST,WHITINSVILLE,MA,015881016,42.1216837,-71.6715608,1,0
9bf68300-d234-3b6f-afc1-b269c15bdd14,41e2a44c-477c-3511-96f9-12c476aa3b6a,Latoyia537 Lindgren255,F,GENERAL PRACTICE,85 E NEWTON ST,BOSTON,MA,021183553,42.336277100000004,-71.07085295687423,343,0
6f755032-5e14-3227-9329-7b271203796d,4956f573-3dc2-3a67-9692-2f57451744e6,Kathe603 Davis923,F,GENERAL PRACTICE,400 BOLTON STREET,MARLBOROUGH,MA,017523912,42.35966285,-71.55290125539051,12,0
3ae633fa-f378-3376-b82e-3e6a5be48b65,c1986c0c-f756-3596-8f90-08adacf220fe,Dong972 Auer97,M,GENERAL PRACTICE,73 CHESTNUT STREET,SAUGUS,MA,019061605,42.4573919,-70.9918055,4,0
be489b6e-c66d-31b9-acaa-17a695ea2d62,d3335d07-2a2c-35d7-9b87-c022393b6793,Nancie476 Lubowitz58,F,GENERAL PRACTICE,137 NICHOLS STREET,NORWOOD,MA,020622009,42.1930792,-71.20868232395514,10,0
d134a5eb-18f8-3dac-8c0f-76c35227c489,0d1570ab-371c-3898-9397-95905d8c5166,Jose871 Dicki44,M,GENERAL PRACTICE,750 WASHINGTON ST,BOSTON,MA,021111552,42.3499038,-71.0631836,363,0
7ff36a75-0e4b-3ac1-8d42-b8b5d377c6c5,1853aeef-5897-326a-80d6-aa4b0459eb6d,Kendra609 Kassulke119,F,GENERAL PRACTICE,381 WICKENDEN ST,ATTLEBORO,MA,027032247,41.9438129,-71.2806515,1,0
4ee9651d-031a-38a4-84cc-36ce86871f5e,93552c27-f173-385f-8849-ee56c25f638b,Song837 Cummerata161,F,GENERAL PRACTICE,359 HIGH ST,GREENFIELD,MA,013012617,42.6033006,-72.58135309677492,2,0
8f4ecaba-d47f-3886-b73a-ce35768fdf2c,22fa6d28-92b6-3446-a388-f5aba50debaf,Clarence5 Robel940,F,GENERAL PRACTICE,123 CAPTAIN'S ROW,CHELSEA,MA,021504019,42.3917638,-71.0328284,9,0
f2f41dbd-2e77-3884-8b3a-8360cfc8f992,2ca615f3-87f7-3283-a447-d919a883b676,Isaias604 Dickinson688,M,GENERAL PRACTICE,1399 WASHINGTON ST,HANOVER,MA,023391653,42.1441354,-70.8440854,24,0
26cef141-563c-397b-b179-bd284a8bb4dc,c0a33465-d309-3d2a-932e-9d554a7cc19c,Vicente970 Gamboa193,M,GENERAL PRACTICE,100 CENTURY DR,WORCESTER,MA,016061244,42.3138278,-71.7707002,28,0
da1026eb-a1f6-3e51-846b-d856691cdeba,0583e4f7-f1c2-3100-8e0c-d0decc7ef261,Dusti191 Howe413,F,GENERAL PRACTICE,123 WATERHOUSE ROAD,BOURNE,MA,025323890,41.72840155,-70.58506829999999,51,0
221fb40f-3061-3215-8387-0269684ba6e0,ce81052f-7c77-3cd7-8c30-930339a79ceb,Mathew182 Cummings51,M,GENERAL PRACTICE,363 ALBANY ST,BOSTON,MA,021182503,42.342456,-71.062887,46,0
128f72c7-066b-355f-b4d4-a510fbff4f09,7f32dd7d-5c35-3ddb-839b-8fbbb930d412,Tyron580 Littel644,M,GENERAL PRACTICE,863 CENTRAL STREET,FRAMINGHAM,MA,017014813,42.30758060362541,-71.42846215724606,7,0
98b96020-6453-3a41-9e79-8a2c34b6dfd2,51d38e67-9350-39b8-bbb3-91cc879ae415,Millie392 Hoppe518,F,GENERAL PRACTICE,335 NICHOLS ROAD,FITCHBURG,MA,014201932,42.598254850000004,-71.80841914533654,24,0
0f62b7b8-fe91-31fd-a606-ff1fbf6f3228,80646050-1c76-3046-bbc8-fd5f0b7c34e6,Mayola305 Hauck852,F,GENERAL PRACTICE,140 ARNHOW FARM ROAD,FITCHBURG,MA,014201369,42.5903661,-71.8119837,11,0
4dbd4c97-b33c-3a51-8187-3fe43decb986,cac6f8b3-eafd-31b3-9fa3-8015752ccc2c,Celine582 Pagac496,F,GENERAL PRACTICE,123 SUMMER ST,WORCESTER,MA,016081216,42.26496835,-71.79655403681465,84,0
522d7f93-bafb-33d6-bc9e-291259435136,9c9d017c-0a4d-3e03-9802-4d310ea05c71,Isiah14 Schaefer657,M,GENERAL PRACTICE,70 FULTON ST,BOSTON,MA,021091402,42.362439499999994,-71.05377386223965,1,0
e438c46e-5814-31d8-81c3-5b75c6a414b8,8af3b144-0e1a-3c90-937d-81a4ed026080,Guillermo498 Fay398,M,GENERAL PRACTICE,800 WASHINGTON STREET,NORWOOD,MA,020623489,42.1886973,-71.2005241,8,0
fbe521c5-3ffc-340a-a3aa-e2cee71e2cef,b3b56527-d366-3353-bca9-266a12f23051,Gil594 Schroeder447,M,GENERAL PRACTICE,60 QUAKER HIGHWAY,UXBRIDGE,MA,015691628,42.06100105,-71.62352848737622,13,0
4879c41c-5adf-38b8-a0ff-00d439b3f1f7,f1664435-2eca-3eff-bd1a-13701e7ad1bd,Rosa195 Marks830,F,GENERAL PRACTICE,300 PASTEUR DRIVE,NEWTON,MA,024592058,42.3370414,-71.2092214,41,0
2f78b9d9-415e-386e-8ab7-3b48bc5f88d0,99a31e4a-04aa-334b-9e96-904f01483d93,Deloris888 Ward668,F,GENERAL PRACTICE,100 N BEACON ST,ALLSTON,MA,021341928,42.3536388,-71.1375978,1,0
498addc1-2cde-3cb6-a399-c5f4bfe3e147,b93ffa11-ffab-3fe0-8c28-657817801192,Flor713 Berge125,F,GENERAL PRACTICE,9 MAPLE ST,WILBRAHAM,MA,010951730,42.150018599999996,-72.42537320933242,1,0
f15253ad-8e8f-3a01-b3a8-ca0bf36087da,aad05540-c9cb-3805-b3c4-f9b9d9b42b2e,Arla414 Fritsch593,F,GENERAL PRACTICE,821 E MAIN ST STE 3,CHICOPEE,MA,010206306,42.155774795300516,-72.55672263289513,69,0
d507e09c-1db3-389f-ab17-4a781c06bee8,2987ddf5-7ff2-3e4a-9e25-d654a10313fd,Josefina523 O'Connell601,F,GENERAL PRACTICE,519 MAIN STREET,MEDFIELD,MA,020522522,42.186209649999995,-71.30745495273302,18,0
02878f6c-1771-3cca-ba20-f0f867e0809c,eea92149-820f-301f-911e-b170e8312842,Marcy588 Hamill307,F,GENERAL PRACTICE,123 SUMMER STREET,WORCESTER,MA,016102177,42.26496835,-71.79655403681465,46,0
4f0e16d1-661f-39a5-a2c1-f8ded3e7ffe4,0e9d0119-1157-35a0-8bb5-7e0aa3041928,Gino587 Trantow673,M,GENERAL PRACTICE,1049 MAIN STREET,SPRINGFIELD,MA,011032114,42.09977055,-72.58470990760483,38,0
6a0badee-15d8-3ad5-8c40-95fe22bfef94,76b7dbb5-0a02-32a4-9a01-3511f7e45016,Jerrold404 Satterfield305,M,GENERAL PRACTICE,59 COUNTRY WAY,SCITUATE,MA,020663746,42.1806871,-70.74862935148246,10,0
c0178271-b7bd-34e6-b45d-b856b50b42d5,b90ee64e-4559-32db-97d7-0341740a71f1,Angelika194 Cartwright189,F,GENERAL PRACTICE,123 SUMMER ST,WORCESTER,MA,016081216,42.26496835,-71.79655403681465,33,0
715ec949-beaa-3fc6-a93f-0335fe643789,eb9188f8-3f7a-3794-a349-94f88f7ff41c,Hattie299 Kuhlman484,F,GENERAL PRACTICE,119 PROVIDENCE STREET,WORCESTER,MA,016044429,42.25031935,-71.79212030621437,2,0
97758682-0845-3e1f-96fc-d94aae87961d,c9aabcbd-d4e0-391f-8980-d0be6934ea82,Lindsay928 Leffler128,M,GENERAL PRACTICE,340 PLEASANT ST,BROCKTON,MA,023013236,42.08764334999999,-71.03287346676532,40,0
cf73f607-6663-31cd-8cce-9b3d00454073,d9b71ccf-6649-3555-9e99-44eac0af257f,Darlene91 Collier206,F,GENERAL PRACTICE,655 DEDHAM ST,WRENTHAM,MA,020931135,42.084901,-71.30689224201797,11,0
7881c2f1-8f68-34bc-93c3-ac198003fb4b,e68de1a0-767e-3466-b9a6-43948ee073d3,Gene733 Ratke343,M,GENERAL PRACTICE,160 WELLS AVENUE,NEWTON,MA,024593302,42.29337605,-71.19806353028767,4,0
7fa7dd72-923d-3521-87c7-ecbb7ac28aaf,1cec4304-9757-3a10-ad4f-7e2090c56131,Theo630 Rohan584,M,GENERAL PRACTICE,55 LAKE AVE N,WORCESTER,MA,016550002,42.2774799,-71.76166994969458,53,0
af750c9a-a80f-30c5-ad61-f20b6a9f84ff,ec7e487e-7e78-3eac-a9ee-37f8de98a0f9,Ernesto186 Zepeda235,M,GENERAL PRACTICE,277 WASHINGTON STREET,ABINGTON,MA,023512489,42.10060947239023,-70.94967338146704,2,0
684084f1-d880-347d-ae44-5efd94513f77,ad482681-b4c4-3fce-ac59-78c83d31b0ba,Jeanie708 Turner526,F,GENERAL PRACTICE,130 CHESTNUT ST,FRANKLIN,MA,020383903,42.08345955,-71.38413379825735,1,0
c7285a54-d645-31c9-96e7-3036b49117fb,a8f1424c-00bc-3403-8db5-cd600978f3a4,Amos720 Bogan287,M,GENERAL PRACTICE,8 BURNHAM ST,TURNERS FALLS,MA,013761816,42.6042523,-72.5564777,56,0
eb63ed11-1e58-32d4-baf5-74a4be767d23,411f14a5-de79-3e08-81d6-301270cc2275,Fredrick998 Harvey63,M,GENERAL PRACTICE,64 CONCORD STREET,WILMINGTON,MA,018872179,42.55962465,-71.13772203658047,41,0
24729026-c372-306a-acb1-c8b684f9bdda,a5577e5c-b886-37a0-8eee-8ff6feb7ea6b,Leopoldo762 Keebler762,M,GENERAL PRACTICE,330 MOUNT AUBURN ST,CAMBRIDGE,MA,021385502,42.3741033,-71.13417575971958,324,0
7b46a2cb-2b2c-3ed3-8b3e-b0351d0a3bd9,20df65a4-7567-3066-b680-0f71b0c31d38,Kristina583 Bashirian201,F,GENERAL PRACTICE,242 GREEN ST,GARDNER,MA,014401336,42.58685735,-71.98748072431209,104,0
edd13a59-8d3a-3969-9896-475cf8e4568b,7dcab1ad-0e13-3700-9eb0-70767c5e2b55,Carlota980 Saucedo620,F,GENERAL PRACTICE,1515 ALLEN ST,SPRINGFIELD,MA,011181803,42.095299499999996,-72.50943136142334,2,0
50364aa3-7982-3223-9ec0-62b9d4d86723,9485907a-9f9c-3c19-a424-b402ee8f99c2,Tynisha348 Bogisich202,F,GENERAL PRACTICE,101 PLANTATION STREET,WORCESTER,MA,016043025,42.258026400000006,-71.78384882397785,11,0
cbe89bdb-334f-3399-8bce-d7a6bd48e9a9,e7722de2-0e62-3dc9-a163-a7003956673b,Charlena802 Lockman863,F,GENERAL PRACTICE,1 EDGEWATER DRIVE  SUITE 103,NORWOOD,MA,020624669,42.16153305,-71.20162617190071,4,0
b2ac6894-ecea-3efc-a14c-9ff1c344ba0b,62b55e5b-b58f-354d-8f2d-f2a330bc619e,Paz9 Gerlach374,F,GENERAL PRACTICE,201 HIGHLAND ST,CLINTON,MA,015101037,42.42738865,-71.69329092351188,38,0
f0e46b1d-4218-3f4b-b60e-68e98b94008e,966245ce-e84d-36b0-a838-2e0b5bb2e668,Pei116 Crooks415,F,GENERAL PRACTICE,1425 BLUE HILL AVENUE,MATTAPAN,MA,021262122,42.2754929,-71.09384131587021,1,0
a6094798-c499-3df2-b465-fe71ecf2d944,b5e54a54-ad38-39f3-a5d4-6e73e5d76d2d,Otelia900 Rempel203,F,GENERAL PRACTICE,44 FRONT ST FL 3,WORCESTER,MA,016081722,42.2625621,-71.8018877,35,0
94b59fe8-2e0f-3254-b325-93e30cafacb8,4eddfa13-f996-3048-9bbc-541b0a29038a,Vince741 Schmidt332,M,GENERAL PRACTICE,736 CAMBRIDGE ST,BRIGHTON,MA,021353601,42.348649949999995,-71.14799584850206,53,0
8356970d-757f-32a1-839b-fb7b82b3bba9,845fbd9b-2d1c-39a8-8261-28ae40e4fab2,Sam879 Rippin620,F,GENERAL PRACTICE,14 PROSPECT STREET,UPTON,MA,015681431,42.1700209025178,-71.59409308099494,188,0
551e4910-dc92-39fe-a61b-22874a631167,bac9dc0c-cb0f-3fa6-aa12-819dd0fb922a,Nicholas495 Greenfelder433,M,GENERAL PRACTICE,1493 CAMBRIDGE ST,SOMERVILLE,MA,021452935,42.3875968,-71.0994968,95,0
cc10e8a0-9b8a-38a1-a455-c5f78fec7859,84d5768f-3a21-3da9-aad2-bbf7a3ae2700,Gloria696 Deleón21,F,GENERAL PRACTICE,817 MERRIMACK ST,LOWELL,MA,018543548,42.650296999999995,-71.32263756223612,53,0
59b1f5f7-1988-3ebf-b3f3-491de1aae2e7,9ce6072b-d039-3cde-8eaf-950211b8ae88,Terrie907 Ratke343,F,GENERAL PRACTICE,147 S MAIN ST,MIDDLETON,MA,019492446,42.585787222720036,-71.00861442427218,8,0
69325a4a-3166-32cf-846d-8c7ae154d444,af8566eb-8918-3ec7-ba44-92b6a2cf8097,Trevor374 Walker122,M,GENERAL PRACTICE,81 HIGHLAND AVE,SALEM,MA,019702714,42.5112107,-70.90516241826194,145,0
9aa5141c-d09b-35a7-8fe9-025c95dcd2bc,d4a03501-69f6-3a89-ac27-ed25976fdb6f,Virgen207 Hyatt152,F,GENERAL PRACTICE,25 WOODLAND ROAD,STONEHAM,MA,021801705,42.450448800000004,-71.09076944938434,2,0
0fb1dca9-ce1c-3d32-b249-ffa83671c22d,d1d4d104-68cb-356b-9086-888de7d2826f,Ellyn26 Windler79,F,GENERAL PRACTICE,61 Lincoln Street  Suite 112,Framingham,MA,01702,42.28348,-71.41845,60,0
e5b1ee78-84e2-38b6-9d83-f67b486f006a,a036cdf2-bbc5-3ffd-987f-56e437fd8b74,Shayne60 Gutmann970,M,GENERAL PRACTICE,265 N MAIN ST,SOUTH YARMOUTH,MA,026642083,41.680980000000005,-70.18292625685085,28,0
84bdb409-ba3b-3564-b177-cf08516064be,480d55a0-ae0b-3c7d-a21e-fb0573e6a526,Long300 Boyle917,M,GENERAL PRACTICE,116 HOUGHTON STREET,WORCESTER,MA,016043997,42.24917045,-71.78554959333533,3,0
70207ab3-c8b6-3a32-b0d9-cf75b9cc5a60,4f5e8f16-a31b-3071-8556-d7188ede313d,Barrett790 Wolf938,M,GENERAL PRACTICE,575 BEECH ST,HOLYOKE,MA,010402223,42.20105435,-72.628169560868,78,0
79bc7c93-178a-3d55-aed0-ccb2539ae969,615416de-5217-3c11-9828-2d4bacd1d9cb,Brooks264 Williamson769,M,GENERAL PRACTICE,434 ROUTE 134,HYANNIS,MA,026011854,41.6753274,-70.309939,7,0
def7e581-b52d-37b1-987c-49e3242982a0,218e58e4-9642-3ebd-9b39-34d15f22c620,Jung484 Lowe577,F,GENERAL PRACTICE,977 MAIN ST,WALTHAM,MA,024517406,42.376452150000006,-71.25063779999999,40,0
1ef48f36-ed97-3519-af94-36cce6be24d0,8887c942-34a1-3087-a4b3-81dcd1bd9f36,Roderick835 Pollich983,M,GENERAL PRACTICE,1199 JOHN FITCH HWY,FITCHBURG,MA,014202026,42.59851915,-71.7934564896979,1,0
9db3fa41-1fb7-3fda-96ce-d4fc32d2e3c3,41f66e18-8eb7-32f2-9371-7df5bf2b8d21,Lonnie913 Mraz590,M,GENERAL PRACTICE,170 UNIVERSITY DRIVE,GREENFIELD,MA,013011238,42.6097476,-72.5979752,70,0
096b5c2a-a930-34e8-b45e-b0db2bfbfee5,a25107f7-f4f5-36fc-98e4-f3e1b5875c91,Yesenia104 Wilderman619,F,GENERAL PRACTICE,1285 BEACON ST,WOBURN,MA,018012157,42.4979478,-71.1684508,25,0
74d8a23f-79cc-333e-91cb-d33b60266bbd,0e6c3ad1-24c1-34cb-bb6d-e8438fa319e2,Vern731 Casper496,M,GENERAL PRACTICE,50 DODGE ST,SWAMPSCOTT,MA,019071300,42.4699241,-70.9171507,1,0
5a43681a-6fee-3ac4-b798-db9d80a4547c,b4ca31a9-9d34-3ea1-93c4-443941622304,Ellie521 Nicolas769,F,GENERAL PRACTICE,102 MAIN ST,GREENFIELD,MA,013013224,42.5879173,-72.6055828841603,119,0
db3f62f3-11bf-399a-8744-b63ad4b95d87,4f9dd195-07b8-3a81-8b7a-58852a0e6cdf,Tonja658 Goyette777,F,GENERAL PRACTICE,47 E MAIN ST,WEST BROOKFIELD,MA,015852906,42.2355113,-72.1381676,1,0
18ab1d9c-76a7-3722-b4c2-d0a192bf269a,43ee6bb5-8efa-3bfc-8ca8-1579a5267753,Shawanna357 Roob72,F,GENERAL PRACTICE,235 N PEARL ST,BROCKTON,MA,023011794,42.09805395,-71.0609587194362,114,0
cdca6491-1a2f-390a-a858-ede8812206ac,3695125c-c052-3ece-898a-2a6448987ae5,Rosanna866 DuBuque211,F,GENERAL PRACTICE,2040 BOSTON RD STE 5,WILBRAHAM,MA,010951380,42.150295650000004,-72.47288272264812,19,0
6a7a4ead-46ee-344e-8c7a-a49bf8118a87,ed43f171-1ac1-3f08-aef5-0f62c515cf4d,Shelli447 Schowalter414,F,GENERAL PRACTICE,184 TER HEUN DR,FALMOUTH,MA,025403160,41.56534135,-70.62534898297048,1,0
7ee997c1-f039-3856-8158-57305e358a2b,05fcf001-ab24-3d7d-85f7-f64942d82738,Nickolas58 Schumm995,M,GENERAL PRACTICE,250 POND STREET,FRAMINGHAM,MA,017014592,42.2838619,-71.4093719,93,0
56558099-20e6-37f2-8e59-5843d37b4489,7e6db51f-7c1b-3555-9e1c-6269ba6d704d,Jacque955 Streich926,F,GENERAL PRACTICE,120 STAFFORD STREET SUITE 206,WORCESTER,MA,016031461,42.239638,-71.8443785891577,3,0
375ebecf-253a-39fb-bf29-98d9ab9611e0,7e3760fd-328f-3082-8c56-68d6b96f6521,Clarita196 Jones311,F,GENERAL PRACTICE,305 WALPOLE ST,NORWOOD,MA,020623021,42.18411025,-71.21619509340385,2,0
d18dcabd-8d59-3b87-a07e-9013512041ee,62ccfb55-1f60-3450-a607-706bedc9ef4e,Gerda633 Greenholt190,F,GENERAL PRACTICE,120 MURRAY STREET,MEDFORD,MA,021551300,42.42974035,-71.08853906104483,1,0
f5877b4b-72ea-3937-becb-8eac59afe3df,28d71598-85eb-3a0e-90c1-22e0be1af57c,Jodie811 Hermann103,F,GENERAL PRACTICE,38 MULBERRY ST STE 204,NORTHAMPTON,MA,010602832,42.35436315,-72.70256804599192,55,0
554f7d98-b436-3a9a-a824-5bd15927c957,d24e558b-6659-3c62-bfa7-938aa245c8a8,Ronna740 Crooks415,F,GENERAL PRACTICE,4 COURTHOUSE LANE SUITE 1-3,CHELMSFORD,MA,018241737,42.62439345,-71.35881000636567,32,0
3b6d4245-2d13-3842-aa91-653071459d68,9adfae03-673d-365d-9052-f705098fa3e4,Daniel959 Wolff180,M,GENERAL PRACTICE,51 BLOSSOM ST,BOSTON,MA,021142699,42.36305545,-71.06643399281765,289,0
ecb8623b-1c38-3c4f-92d7-0179950abc0a,4acd5d4f-751d-317e-a0b9-e4cb10a2601d,Gavin481 Roberts511,M,GENERAL PRACTICE,SEASHORE POINTE REHAB CENTER LLC,PROVINCETOWN,MA,026571456,42.0525612,-70.1858639,7,0
4f2585ad-76cf-3c6d-b350-5f98802e4737,25431f9a-00e4-36d8-9810-4125328eec50,Kati243 Ruecker817,F,GENERAL PRACTICE,55 FRUIT ST,WALTHAM,MA,02451,42.3756401,-71.2358004,65,0
dc357410-f0de-3324-bd47-d5fe5054b4df,89171335-b9c0-3326-98d6-a837d432b9fd,Lorette239 Hauck852,F,GENERAL PRACTICE,150 FLANDERS ROAD,LYNN,MA,019042915,42.466763,-70.9494939,63,0
5b51c668-e409-3c09-80f2-2b8db370a183,01bde980-bf89-3138-8912-7360dff33247,Caroline183 Lang846,F,GENERAL PRACTICE,456 PARK AVE,WORCESTER,MA,016101254,42.25512735,-71.82580924803523,9,0
a9d85a13-ab07-3c77-814a-cc0fbf44ee75,4e56c7ec-99e5-3023-8e4f-95ad18a03f06,Duane703 Bosco882,M,GENERAL PRACTICE,28 RIVERSIDE DR STE 101,PEMBROKE,MA,023594947,42.11004715,-70.77534154695786,80,0
3f37447c-c91f-3701-b799-f5b46031f6d4,e2a8b444-9b8f-36ff-84c4-05ee98589482,Francisco472 Gusikowski974,F,GENERAL PRACTICE,8 SHIPWAY PL # C-8,CHARLESTOWN,MA,021294301,42.3778749,-71.0619957,79,0
a67bbbe7-a539-3f17-b875-0356ca61fc6e,fe8b229b-11c7-31c9-994a-98321748fd2e,Danille883 Witting912,F,GENERAL PRACTICE,HARRY KEMP WAY  P O BOX 613,PROVINCETOWN,MA,026571618,42.055812,-70.185696,291,0
cb3bb236-e7fe-3fe6-8794-f8d938e23224,3517aff1-b163-3cd5-8fff-19710fcdc1b7,Brendan864 Cremin516,M,GENERAL PRACTICE,400 HEMENWAY STREET,MARLBOROUGH,MA,017526762,42.36006255767826,-71.5077613040944,16,0
c7679793-c04b-3dd4-bb41-10e2186ae144,18d2c9c2-4b92-3664-9b8e-419aff3ce942,Aleshia311 Block661,F,GENERAL PRACTICE,175 GROVE STREET,BRAINTREE,MA,021847253,42.19127375,-70.99279579751581,5,0
033e6b0e-01e8-3483-96b3-67942737439d,121b0ad1-1beb-3caa-9271-3d3f726bb727,Cortez851 Price929,M,GENERAL PRACTICE,1030 MAIN STREET,WALTHAM,MA,024517447,42.375828,-71.2527956,3,0
86711794-2e09-3510-ab13-7fa4857c794d,43f37d29-0bcb-3d84-b9c0-9ee4f2485ff2,Maria750 Romaguera67,F,GENERAL PRACTICE,168 WALTON RD UNIT 19,ROWLEY,MA,019692014,42.7136977,-70.8818364,2,0
aa8466cf-1507-32dc-b539-8b15a140c92d,0a2252ba-33de-322f-8f0a-e5b0141f1780,Hue920 Block661,F,GENERAL PRACTICE,632 BLUE  HILL AVENUE,DORCHESTER,MA,021213213,42.2941088,-71.0885355,1,0
2b2c6cde-c630-3f97-868c-27e839ec23e5,67cade01-dcfe-37b7-8e2c-b712d9e6fbba,Terrence276 Wintheiser220,M,GENERAL PRACTICE,694 MAIN ST,HOLDEN,MA,015201862,42.3406819,-71.8390289,75,0
2afcc5cb-d078-3b9f-bbbc-8c643d0bfa2d,11a40a26-a5a3-331d-aef0-d06dd90e2b4e,Len277 Wintheiser220,M,GENERAL PRACTICE,10 OSTERVILLE WEST BARNSTABLE RD,YARMOUTH PORT,MA,026752000,41.7020544,-70.249465,61,0
d6605e5f-adaa-3258-b9ef-b3f0251cbabd,b954c464-11ea-312b-a3f8-1350775bfa54,Hortensia953 Walker122,F,GENERAL PRACTICE,123 CAPTAIN'S ROW,CHELSEA,MA,021504019,42.3917638,-71.0328284,1,0
b2156b99-6d22-3d6f-8d6b-7fafbe3d69c4,0dfa7ab2-4acc-360c-ab55-beb8e38a8c1d,Teresa94 Delatorre612,F,GENERAL PRACTICE,36 CORTADGE PARK,PLYMOUTH,MA,023607320,41.9426657,-70.7618592,68,0
e4a87601-3c5e-3550-9a11-a84d6e877044,4d3ec6c2-f6aa-3d7b-adcc-e7107dac8530,Débora815 Esquibel766,F,GENERAL PRACTICE,14 MASONIC CIRCLE,AUBURN,MA,015011341,42.181923125,-71.86839612499999,1,0
f9734ce7-fde4-3250-a8a2-e369c2b9c20e,95f6c328-96dd-3fb8-a56e-9aad566094b4,Milda157 Schoen8,F,GENERAL PRACTICE,4 STONY HILL ROAD,WILBRAHAM,MA,010951027,42.1552861,-72.48384800788648,21,0
f27f26aa-25cc-3fc7-8515-6687fe364a54,6d16a8e3-3569-38ab-afac-a2f8c1125085,Lynn917 Crona259,M,GENERAL PRACTICE,1010 WALTHAM STREET,LEXINGTON,MA,024218052,42.4139392,-71.22929265883278,4,0
fd4eb297-af91-3a5b-a311-08ecfac55413,53f086de-2fc7-3d35-92c2-aca4ed944e7f,Chang901 Kutch271,M,GENERAL PRACTICE,1 GENERAL ST,LAWRENCE,MA,018412961,42.7097143,-71.15007700778098,47,0
5c9da691-547d-3180-9bba-0f66f1cec843,20f63278-6709-3195-b767-782d2a10bd5c,Jamie386 Krajcik437,M,GENERAL PRACTICE,640 CONCORD AVENUE,CAMBRIDGE,MA,021381116,42.389222000000004,-71.14799280677965,3,0
6d815f48-e6ad-377d-a71d-6d2ef731307d,c05d73d0-b348-32ce-9fe5-13a720950f37,Abraham100 McDermott739,M,GENERAL PRACTICE,45 DRUM HILL RD,CHELMSFORD,MA,018241503,42.6255635,-71.3615131,8,0
a1595842-c188-3edf-b33e-3e93d3ee6bdb,0e061004-bcc0-3e99-a237-d700823e817b,Cesar434 Lehner980,M,GENERAL PRACTICE,570 BALDWINVILLE RD,BALDWINVILLE,MA,014361351,42.5953045,-72.07447782689232,42,0
0ad0c1a2-b505-3834-877c-78182a979792,e2d88cfd-5294-39cb-8580-4661141bfaa1,Deedee112 Ernser583,F,GENERAL PRACTICE,195 PLEASANT ST,ATTLEBORO,MA,027032419,41.9502721,-71.27325564751882,1,0
0262ee3e-4a2e-31cc-880a-4e6dba4a149e,de3cc142-803a-3ed4-8945-75ec88a84784,Brittni468 Trantow673,F,GENERAL PRACTICE,51 HOSPITAL ROAD,BALDWINVILLE,MA,014361215,42.6108483,-72.0608364,5,0
279e85a8-c1cb-35d4-bfcc-5d61faa45ad1,0592d4e5-a0fb-3143-83cd-8e5a6b066a96,Anderson154 Lemke654,M,GENERAL PRACTICE,20 EAST ST,HANOVER,MA,023391638,42.1278249,-70.82664947485381,109,0
c39f3462-605a-31b3-81db-410c9cc9646c,ba07b31b-bf14-39b8-be95-4c5ca5062daa,Kim439 Hyatt152,M,GENERAL PRACTICE,1575 CAMBRIDGE ST,CAMBRIDGE,MA,021384308,42.375209549999994,-71.10711344152975,166,0
959d37b5-b917-38b0-9850-1731c1d23529,6aae7a31-90df-3455-ad8d-81f8cf2d21e8,Houston994 Funk324,M,GENERAL PRACTICE,680 CENTRE ST,BROCKTON,MA,023023308,42.0872752,-70.9910738855076,15,0
2fb93203-6b8d-3238-a7c8-ff527f38aeaf,14036728-b721-3e4b-8755-8ee8ab6ed15e,Melodie819 Schmeler639,F,GENERAL PRACTICE,625 MOUNT AUBURN ST,CAMBRIDGE,MA,021384518,42.375351,-71.1468628,41,0
8654bb9e-71c4-33bb-aaf8-f2a24bd16562,104079d4-560e-3eb8-9a48-d495835a3997,Paris331 Schmeler639,M,GENERAL PRACTICE,68 CAMP ST,MASHPEE,MA,026493465,41.6484421,-70.4811383,1,0
