{
  "resourceType": "Bundle",
  "type": "transaction",
  "entry": [ {
    "fullUrl": "urn:uuid:14cd4849-62c3-c87f-fc16-d3a14602747b",
    "resource": {
      "resourceType": "Patient",
      "id": "14cd4849-62c3-c87f-fc16-d3a14602747b",
      "text": {
        "status": "generated",
        "div": "<div xmlns=\"http://www.w3.org/1999/xhtml\">Generated by <a href=\"https://github.com/synthetichealth/synthea\">Synthea</a>.Version identifier: master-branch-latest\n .   Person seed: -4344221659000736207  Population seed: 1724992504897</div>"
      },
      "extension": [ {
        "url": "http://hl7.org/fhir/StructureDefinition/us-core-race",
        "valueCodeableConcept": {
          "coding": [ {
            "system": "http://hl7.org/fhir/v3/Race",
            "code": "2106-3",
            "display": "White"
          } ],
          "text": "White"
        }
      }, {
        "url": "http://hl7.org/fhir/StructureDefinition/us-core-ethnicity",
        "valueCodeableConcept": {
          "coding": [ {
            "system": "http://hl7.org/fhir/v3/Ethnicity",
            "code": "2186-5",
            "display": "Not Hispanic or Latino"
          } ],
          "text": "Not Hispanic or Latino"
        }
      }, {
        "url": "http://hl7.org/fhir/StructureDefinition/patient-mothersMaidenName",
        "valueString": "Luanne915 Schmitt836"
      }, {
        "url": "http://hl7.org/fhir/us/core/StructureDefinition/us-core-birthsex",
        "valueCode": "F"
      }, {
        "url": "http://hl7.org/fhir/StructureDefinition/birthPlace",
        "valueAddress": {
          "city": "Medfield",
          "state": "Massachusetts",
          "country": "US"
        }
      }, {
        "url": "http://synthetichealth.github.io/synthea/disability-adjusted-life-years",
        "valueDecimal": 0.0
      }, {
        "url": "http://synthetichealth.github.io/synthea/quality-adjusted-life-years",
        "valueDecimal": 0.0
      } ],
      "identifier": [ {
        "system": "https://github.com/synthetichealth/synthea",
        "value": "14cd4849-62c3-c87f-fc16-d3a14602747b"
      }, {
        "type": {
          "coding": [ {
            "system": "http://hl7.org/fhir/v2/0203",
            "code": "MR"
          } ]
        },
        "system": "http://hospital.smarthealthit.org",
        "value": "14cd4849-62c3-c87f-fc16-d3a14602747b"
      }, {
        "type": {
          "coding": [ {
            "system": "http://hl7.org/fhir/identifier-type",
            "code": "SB"
          } ]
        },
        "system": "http://hl7.org/fhir/sid/us-ssn",
        "value": "999-53-7340"
      } ],
      "name": [ {
        "use": "official",
        "family": [ "Gottlieb798" ],
        "given": [ "Camie739", "Tameka381" ]
      } ],
      "telecom": [ {
        "system": "phone",
        "value": "555-892-6042",
        "use": "home"
      } ],
      "gender": "female",
      "birthDate": "2024-06-12",
      "address": [ {
        "extension": [ {
          "url": "http://hl7.org/fhir/StructureDefinition/geolocation",
          "extension": [ {
            "url": "latitude",
            "valueDecimal": 42.72595165330307
          }, {
            "url": "longitude",
            "valueDecimal": -70.8484284009397
          } ]
        } ],
        "line": [ "696 Eichmann Park" ],
        "city": "Rowley",
        "state": "Massachusetts",
        "postalCode": "01969",
        "country": "US"
      } ],
      "maritalStatus": {
        "coding": [ {
          "system": "http://hl7.org/fhir/v3/MaritalStatus",
          "code": "S"
        } ]
      },
      "multipleBirthBoolean": false,
      "communication": [ {
        "language": {
          "coding": [ {
            "system": "urn:ietf:bcp:47",
            "code": "en-US",
            "display": "English (United States)"
          } ],
          "text": "English (United States)"
        }
      } ]
    },
    "request": {
      "method": "POST",
      "url": "Patient"
    }
  }, {
    "fullUrl": "urn:uuid:cb4f2952-41d0-7cd2-4be9-d2f6b436c46b",
    "resource": {
      "resourceType": "Encounter",
      "id": "cb4f2952-41d0-7cd2-4be9-d2f6b436c46b",
      "status": "finished",
      "class": "ambulatory",
      "type": [ {
        "coding": [ {
          "system": "http://snomed.info/sct",
          "code": "410620009",
          "display": "Well child visit (procedure)"
        } ],
        "text": "Well child visit (procedure)"
      } ],
      "patient": {
        "reference": "urn:uuid:14cd4849-62c3-c87f-fc16-d3a14602747b"
      },
      "participant": [ {
        "individual": {
          "reference": "Practitioner?identifier=http://hl7.org/fhir/sid/us-npi|9999941294",
          "display": "Dr. Maria750 Romaguera67"
        }
      } ],
      "period": {
        "start": "2024-06-12T13:42:05+00:00",
        "end": "2024-06-12T13:57:05+00:00"
      },
      "serviceProvider": {
        "reference": "Organization?identifier=https://github.com/synthetichealth/synthea|43f37d29-0bcb-3d84-b9c0-9ee4f2485ff2",
        "display": "TAG VIRTUAL WELLNESS LLC"
      }
    },
    "request": {
      "method": "POST",
      "url": "Encounter"
    }
  }, {
    "fullUrl": "urn:uuid:7eed026b-e5eb-2be4-0df3-84fdd45ce33d",
    "resource": {
      "resourceType": "Condition",
      "id": "7eed026b-e5eb-2be4-0df3-84fdd45ce33d",
      "patient": {
        "reference": "urn:uuid:14cd4849-62c3-c87f-fc16-d3a14602747b"
      },
      "encounter": {
        "reference": "urn:uuid:cb4f2952-41d0-7cd2-4be9-d2f6b436c46b"
      },
      "dateRecorded": "2024-06-12",
      "code": {
        "coding": [ {
          "system": "http://snomed.info/sct",
          "code": "314529007",
          "display": "Medication review due (situation)"
        } ],
        "text": "Medication review due (situation)"
      },
      "category": {
        "coding": [ {
          "system": "http://hl7.org/fhir/condition-category",
          "code": "diagnosis"
        } ]
      },
      "clinicalStatus": "resolved",
      "verificationStatus": "confirmed",
      "onsetDateTime": "2024-06-12T13:42:05+00:00",
      "abatementDateTime": "2024-07-17T13:42:05+00:00"
    },
    "request": {
      "method": "POST",
      "url": "Condition"
    }
  }, {
    "fullUrl": "urn:uuid:62a42486-50fc-88c5-97fb-7c7bc39aaa51",
    "resource": {
      "resourceType": "Observation",
      "id": "62a42486-50fc-88c5-97fb-7c7bc39aaa51",
      "status": "final",
      "category": {
        "coding": [ {
          "system": "http://hl7.org/fhir/observation-category",
          "code": "vital-signs",
          "display": "vital-signs"
        } ],
        "text": "vital-signs"
      },
      "code": {
        "coding": [ {
          "system": "http://loinc.org",
          "code": "8302-2",
          "display": "Body Height"
        } ],
        "text": "Body Height"
      },
      "subject": {
        "reference": "urn:uuid:14cd4849-62c3-c87f-fc16-d3a14602747b"
      },
      "encounter": {
        "reference": "urn:uuid:cb4f2952-41d0-7cd2-4be9-d2f6b436c46b"
      },
      "effectiveDateTime": "2024-06-12T13:42:05+00:00",
      "issued": "2024-06-12T13:42:05.868+00:00",
      "valueQuantity": {
        "value": 53.100,
        "unit": "cm",
        "system": "http://unitsofmeasure.org",
        "code": "cm"
      }
    },
    "request": {
      "method": "POST",
      "url": "Observation"
    }
  }, {
    "fullUrl": "urn:uuid:8b01fba2-5eed-f7e3-17ff-6ef1fd9c47ad",
    "resource": {
      "resourceType": "Observation",
      "id": "8b01fba2-5eed-f7e3-17ff-6ef1fd9c47ad",
      "status": "final",
      "category": {
        "coding": [ {
          "system": "http://hl7.org/fhir/observation-category",
          "code": "vital-signs",
          "display": "vital-signs"
        } ],
        "text": "vital-signs"
      },
      "code": {
        "coding": [ {
          "system": "http://loinc.org",
          "code": "72514-3",
          "display": "Pain severity - 0-10 verbal numeric rating [Score] - Reported"
        } ],
        "text": "Pain severity - 0-10 verbal numeric rating [Score] - Reported"
      },
      "subject": {
        "reference": "urn:uuid:14cd4849-62c3-c87f-fc16-d3a14602747b"
      },
      "encounter": {
        "reference": "urn:uuid:cb4f2952-41d0-7cd2-4be9-d2f6b436c46b"
      },
      "effectiveDateTime": "2024-06-12T13:42:05+00:00",
      "issued": "2024-06-12T13:42:05.868+00:00",
      "valueQuantity": {
        "value": 3,
        "unit": "{score}",
        "system": "http://unitsofmeasure.org",
        "code": "{score}"
      }
    },
    "request": {
      "method": "POST",
      "url": "Observation"
    }
  }, {
    "fullUrl": "urn:uuid:24e08bdd-2bdf-a78b-8369-96c62837a4e1",
    "resource": {
      "resourceType": "Observation",
      "id": "24e08bdd-2bdf-a78b-8369-96c62837a4e1",
      "status": "final",
      "category": {
        "coding": [ {
          "system": "http://hl7.org/fhir/observation-category",
          "code": "vital-signs",
          "display": "vital-signs"
        } ],
        "text": "vital-signs"
      },
      "code": {
        "coding": [ {
          "system": "http://loinc.org",
          "code": "29463-7",
          "display": "Body Weight"
        } ],
        "text": "Body Weight"
      },
      "subject": {
        "reference": "urn:uuid:14cd4849-62c3-c87f-fc16-d3a14602747b"
      },
      "encounter": {
        "reference": "urn:uuid:cb4f2952-41d0-7cd2-4be9-d2f6b436c46b"
      },
      "effectiveDateTime": "2024-06-12T13:42:05+00:00",
      "issued": "2024-06-12T13:42:05.868+00:00",
      "valueQuantity": {
        "value": 4,
        "unit": "kg",
        "system": "http://unitsofmeasure.org",
        "code": "kg"
      }
    },
    "request": {
      "method": "POST",
      "url": "Observation"
    }
  }, {
    "fullUrl": "urn:uuid:b4ca22a7-6b2d-029a-cca6-777262d06000",
    "resource": {
      "resourceType": "Observation",
      "id": "b4ca22a7-6b2d-029a-cca6-777262d06000",
      "status": "final",
      "category": {
        "coding": [ {
          "system": "http://hl7.org/fhir/observation-category",
          "code": "vital-signs",
          "display": "vital-signs"
        } ],
        "text": "vital-signs"
      },
      "code": {
        "coding": [ {
          "system": "http://loinc.org",
          "code": "77606-2",
          "display": "Weight-for-length Per age and sex"
        } ],
        "text": "Weight-for-length Per age and sex"
      },
      "subject": {
        "reference": "urn:uuid:14cd4849-62c3-c87f-fc16-d3a14602747b"
      },
      "encounter": {
        "reference": "urn:uuid:cb4f2952-41d0-7cd2-4be9-d2f6b436c46b"
      },
      "effectiveDateTime": "2024-06-12T13:42:05+00:00",
      "issued": "2024-06-12T13:42:05.868+00:00",
      "valueQuantity": {
        "value": 29.952,
        "unit": "%",
        "system": "http://unitsofmeasure.org",
        "code": "%"
      }
    },
    "request": {
      "method": "POST",
      "url": "Observation"
    }
  }, {
    "fullUrl": "urn:uuid:7fbe3bec-a80c-e9c9-6d96-afcc5db97682",
    "resource": {
      "resourceType": "Observation",
      "id": "7fbe3bec-a80c-e9c9-6d96-afcc5db97682",
      "status": "final",
      "category": {
        "coding": [ {
          "system": "http://hl7.org/fhir/observation-category",
          "code": "vital-signs",
          "display": "vital-signs"
        } ],
        "text": "vital-signs"
      },
      "code": {
        "coding": [ {
          "system": "http://loinc.org",
          "code": "8289-1",
          "display": "Head Occipital-frontal circumference Percentile"
        } ],
        "text": "Head Occipital-frontal circumference Percentile"
      },
      "subject": {
        "reference": "urn:uuid:14cd4849-62c3-c87f-fc16-d3a14602747b"
      },
      "encounter": {
        "reference": "urn:uuid:cb4f2952-41d0-7cd2-4be9-d2f6b436c46b"
      },
      "effectiveDateTime": "2024-06-12T13:42:05+00:00",
      "issued": "2024-06-12T13:42:05.868+00:00",
      "valueQuantity": {
        "value": 73.940,
        "unit": "%",
        "system": "http://unitsofmeasure.org",
        "code": "%"
      }
    },
    "request": {
      "method": "POST",
      "url": "Observation"
    }
  }, {
    "fullUrl": "urn:uuid:601dc425-9755-77c5-a7ef-6371baf00be6",
    "resource": {
      "resourceType": "Observation",
      "id": "601dc425-9755-77c5-a7ef-6371baf00be6",
      "status": "final",
      "category": {
        "coding": [ {
          "system": "http://hl7.org/fhir/observation-category",
          "code": "vital-signs",
          "display": "vital-signs"
        } ],
        "text": "vital-signs"
      },
      "code": {
        "coding": [ {
          "system": "http://loinc.org",
          "code": "9843-4",
          "display": "Head Occipital-frontal circumference"
        } ],
        "text": "Head Occipital-frontal circumference"
      },
      "subject": {
        "reference": "urn:uuid:14cd4849-62c3-c87f-fc16-d3a14602747b"
      },
      "encounter": {
        "reference": "urn:uuid:cb4f2952-41d0-7cd2-4be9-d2f6b436c46b"
      },
      "effectiveDateTime": "2024-06-12T13:42:05+00:00",
      "issued": "2024-06-12T13:42:05.868+00:00",
      "valueQuantity": {
        "value": 35.790,
        "unit": "cm",
        "system": "http://unitsofmeasure.org",
        "code": "cm"
      }
    },
    "request": {
      "method": "POST",
      "url": "Observation"
    }
  }, {
    "fullUrl": "urn:uuid:4a8a51db-0037-261f-8b47-2f8fb76f24ff",
    "resource": {
      "resourceType": "Observation",
      "id": "4a8a51db-0037-261f-8b47-2f8fb76f24ff",
      "status": "final",
      "category": {
        "coding": [ {
          "system": "http://hl7.org/fhir/observation-category",
          "code": "vital-signs",
          "display": "vital-signs"
        } ],
        "text": "vital-signs"
      },
      "code": {
        "coding": [ {
          "system": "http://loinc.org",
          "code": "85354-9",
          "display": "Blood pressure panel with all children optional"
        } ],
        "text": "Blood pressure panel with all children optional"
      },
      "subject": {
        "reference": "urn:uuid:14cd4849-62c3-c87f-fc16-d3a14602747b"
      },
      "encounter": {
        "reference": "urn:uuid:cb4f2952-41d0-7cd2-4be9-d2f6b436c46b"
      },
      "effectiveDateTime": "2024-06-12T13:42:05+00:00",
      "issued": "2024-06-12T13:42:05.868+00:00",
      "component": [ {
        "code": {
          "coding": [ {
            "system": "http://loinc.org",
            "code": "8462-4",
            "display": "Diastolic Blood Pressure"
          } ],
          "text": "Diastolic Blood Pressure"
        },
        "valueQuantity": {
          "value": 83,
          "unit": "mm[Hg]",
          "system": "http://unitsofmeasure.org",
          "code": "mm[Hg]"
        }
      }, {
        "code": {
          "coding": [ {
            "system": "http://loinc.org",
            "code": "8480-6",
            "display": "Systolic Blood Pressure"
          } ],
          "text": "Systolic Blood Pressure"
        },
        "valueQuantity": {
          "value": 107,
          "unit": "mm[Hg]",
          "system": "http://unitsofmeasure.org",
          "code": "mm[Hg]"
        }
      } ]
    },
    "request": {
      "method": "POST",
      "url": "Observation"
    }
  }, {
    "fullUrl": "urn:uuid:fbfbbbae-4c48-5a49-3fe6-b5933a0b89d8",
    "resource": {
      "resourceType": "Observation",
      "id": "fbfbbbae-4c48-5a49-3fe6-b5933a0b89d8",
      "status": "final",
      "category": {
        "coding": [ {
          "system": "http://hl7.org/fhir/observation-category",
          "code": "vital-signs",
          "display": "vital-signs"
        } ],
        "text": "vital-signs"
      },
      "code": {
        "coding": [ {
          "system": "http://loinc.org",
          "code": "8867-4",
          "display": "Heart rate"
        } ],
        "text": "Heart rate"
      },
      "subject": {
        "reference": "urn:uuid:14cd4849-62c3-c87f-fc16-d3a14602747b"
      },
      "encounter": {
        "reference": "urn:uuid:cb4f2952-41d0-7cd2-4be9-d2f6b436c46b"
      },
      "effectiveDateTime": "2024-06-12T13:42:05+00:00",
      "issued": "2024-06-12T13:42:05.868+00:00",
      "valueQuantity": {
        "value": 89,
        "unit": "/min",
        "system": "http://unitsofmeasure.org",
        "code": "/min"
      }
    },
    "request": {
      "method": "POST",
      "url": "Observation"
    }
  }, {
    "fullUrl": "urn:uuid:0e458a3d-af90-a1a8-6671-f61f5b91151d",
    "resource": {
      "resourceType": "Observation",
      "id": "0e458a3d-af90-a1a8-6671-f61f5b91151d",
      "status": "final",
      "category": {
        "coding": [ {
          "system": "http://hl7.org/fhir/observation-category",
          "code": "vital-signs",
          "display": "vital-signs"
        } ],
        "text": "vital-signs"
      },
      "code": {
        "coding": [ {
          "system": "http://loinc.org",
          "code": "9279-1",
          "display": "Respiratory rate"
        } ],
        "text": "Respiratory rate"
      },
      "subject": {
        "reference": "urn:uuid:14cd4849-62c3-c87f-fc16-d3a14602747b"
      },
      "encounter": {
        "reference": "urn:uuid:cb4f2952-41d0-7cd2-4be9-d2f6b436c46b"
      },
      "effectiveDateTime": "2024-06-12T13:42:05+00:00",
      "issued": "2024-06-12T13:42:05.868+00:00",
      "valueQuantity": {
        "value": 13,
        "unit": "/min",
        "system": "http://unitsofmeasure.org",
        "code": "/min"
      }
    },
    "request": {
      "method": "POST",
      "url": "Observation"
    }
  }, {
    "fullUrl": "urn:uuid:b6407d1b-8837-cd3c-a139-57c62da8e1df",
    "resource": {
      "resourceType": "Observation",
      "id": "b6407d1b-8837-cd3c-a139-57c62da8e1df",
      "status": "final",
      "category": {
        "coding": [ {
          "system": "http://hl7.org/fhir/observation-category",
          "code": "laboratory",
          "display": "laboratory"
        } ],
        "text": "laboratory"
      },
      "code": {
        "coding": [ {
          "system": "http://loinc.org",
          "code": "6690-2",
          "display": "Leukocytes [#/volume] in Blood by Automated count"
        } ],
        "text": "Leukocytes [#/volume] in Blood by Automated count"
      },
      "subject": {
        "reference": "urn:uuid:14cd4849-62c3-c87f-fc16-d3a14602747b"
      },
      "encounter": {
        "reference": "urn:uuid:cb4f2952-41d0-7cd2-4be9-d2f6b436c46b"
      },
      "effectiveDateTime": "2024-06-12T13:42:05+00:00",
      "issued": "2024-06-12T13:42:05.868+00:00",
      "valueQuantity": {
        "value": 7.8269,
        "unit": "10*3/uL",
        "system": "http://unitsofmeasure.org",
        "code": "10*3/uL"
      }
    },
    "request": {
      "method": "POST",
      "url": "Observation"
    }
  }, {
    "fullUrl": "urn:uuid:fac7295e-bfd8-a007-e72f-0a6f7bd76824",
    "resource": {
      "resourceType": "Observation",
      "id": "fac7295e-bfd8-a007-e72f-0a6f7bd76824",
      "status": "final",
      "category": {
        "coding": [ {
          "system": "http://hl7.org/fhir/observation-category",
          "code": "laboratory",
          "display": "laboratory"
        } ],
        "text": "laboratory"
      },
      "code": {
        "coding": [ {
          "system": "http://loinc.org",
          "code": "789-8",
          "display": "Erythrocytes [#/volume] in Blood by Automated count"
        } ],
        "text": "Erythrocytes [#/volume] in Blood by Automated count"
      },
      "subject": {
        "reference": "urn:uuid:14cd4849-62c3-c87f-fc16-d3a14602747b"
      },
      "encounter": {
        "reference": "urn:uuid:cb4f2952-41d0-7cd2-4be9-d2f6b436c46b"
      },
      "effectiveDateTime": "2024-06-12T13:42:05+00:00",
      "issued": "2024-06-12T13:42:05.868+00:00",
      "valueQuantity": {
        "value": 4.3238,
        "unit": "10*6/uL",
        "system": "http://unitsofmeasure.org",
        "code": "10*6/uL"
      }
    },
    "request": {
      "method": "POST",
      "url": "Observation"
    }
  }, {
    "fullUrl": "urn:uuid:031992a8-9cc1-7501-805e-01a794757ec6",
    "resource": {
      "resourceType": "Observation",
      "id": "031992a8-9cc1-7501-805e-01a794757ec6",
      "status": "final",
      "category": {
        "coding": [ {
          "system": "http://hl7.org/fhir/observation-category",
          "code": "laboratory",
          "display": "laboratory"
        } ],
        "text": "laboratory"
      },
      "code": {
        "coding": [ {
          "system": "http://loinc.org",
          "code": "718-7",
          "display": "Hemoglobin [Mass/volume] in Blood"
        } ],
        "text": "Hemoglobin [Mass/volume] in Blood"
      },
      "subject": {
        "reference": "urn:uuid:14cd4849-62c3-c87f-fc16-d3a14602747b"
      },
      "encounter": {
        "reference": "urn:uuid:cb4f2952-41d0-7cd2-4be9-d2f6b436c46b"
      },
      "effectiveDateTime": "2024-06-12T13:42:05+00:00",
      "issued": "2024-06-12T13:42:05.868+00:00",
      "valueQuantity": {
        "value": 14.715,
        "unit": "g/dL",
        "system": "http://unitsofmeasure.org",
        "code": "g/dL"
      }
    },
    "request": {
      "method": "POST",
      "url": "Observation"
    }
  }, {
    "fullUrl": "urn:uuid:9cc29d5c-e19f-8e09-43a6-4bc0a90f3254",
    "resource": {
      "resourceType": "Observation",
      "id": "9cc29d5c-e19f-8e09-43a6-4bc0a90f3254",
      "status": "final",
      "category": {
        "coding": [ {
          "system": "http://hl7.org/fhir/observation-category",
          "code": "laboratory",
          "display": "laboratory"
        } ],
        "text": "laboratory"
      },
      "code": {
        "coding": [ {
          "system": "http://loinc.org",
          "code": "4544-3",
          "display": "Hematocrit [Volume Fraction] of Blood by Automated count"
        } ],
        "text": "Hematocrit [Volume Fraction] of Blood by Automated count"
      },
      "subject": {
        "reference": "urn:uuid:14cd4849-62c3-c87f-fc16-d3a14602747b"
      },
      "encounter": {
        "reference": "urn:uuid:cb4f2952-41d0-7cd2-4be9-d2f6b436c46b"
      },
      "effectiveDateTime": "2024-06-12T13:42:05+00:00",
      "issued": "2024-06-12T13:42:05.868+00:00",
      "valueQuantity": {
        "value": 40.409,
        "unit": "%",
        "system": "http://unitsofmeasure.org",
        "code": "%"
      }
    },
    "request": {
      "method": "POST",
      "url": "Observation"
    }
  }, {
    "fullUrl": "urn:uuid:e53d79ca-6c26-c750-2309-e1f190229311",
    "resource": {
      "resourceType": "Observation",
      "id": "e53d79ca-6c26-c750-2309-e1f190229311",
      "status": "final",
      "category": {
        "coding": [ {
          "system": "http://hl7.org/fhir/observation-category",
          "code": "laboratory",
          "display": "laboratory"
        } ],
        "text": "laboratory"
      },
      "code": {
        "coding": [ {
          "system": "http://loinc.org",
          "code": "787-2",
          "display": "MCV [Entitic volume] by Automated count"
        } ],
        "text": "MCV [Entitic volume] by Automated count"
      },
      "subject": {
        "reference": "urn:uuid:14cd4849-62c3-c87f-fc16-d3a14602747b"
      },
      "encounter": {
        "reference": "urn:uuid:cb4f2952-41d0-7cd2-4be9-d2f6b436c46b"
      },
      "effectiveDateTime": "2024-06-12T13:42:05+00:00",
      "issued": "2024-06-12T13:42:05.868+00:00",
      "valueQuantity": {
        "value": 81.422,
        "unit": "fL",
        "system": "http://unitsofmeasure.org",
        "code": "fL"
      }
    },
    "request": {
      "method": "POST",
      "url": "Observation"
    }
  }, {
    "fullUrl": "urn:uuid:92e92ce1-631d-5a68-b20a-c61f4fe535fa",
    "resource": {
      "resourceType": "Observation",
      "id": "92e92ce1-631d-5a68-b20a-c61f4fe535fa",
      "status": "final",
      "category": {
        "coding": [ {
          "system": "http://hl7.org/fhir/observation-category",
          "code": "laboratory",
          "display": "laboratory"
        } ],
        "text": "laboratory"
      },
      "code": {
        "coding": [ {
          "system": "http://loinc.org",
          "code": "785-6",
          "display": "MCH [Entitic mass] by Automated count"
        } ],
        "text": "MCH [Entitic mass] by Automated count"
      },
      "subject": {
        "reference": "urn:uuid:14cd4849-62c3-c87f-fc16-d3a14602747b"
      },
      "encounter": {
        "reference": "urn:uuid:cb4f2952-41d0-7cd2-4be9-d2f6b436c46b"
      },
      "effectiveDateTime": "2024-06-12T13:42:05+00:00",
      "issued": "2024-06-12T13:42:05.868+00:00",
      "valueQuantity": {
        "value": 28.917,
        "unit": "pg",
        "system": "http://unitsofmeasure.org",
        "code": "pg"
      }
    },
    "request": {
      "method": "POST",
      "url": "Observation"
    }
  }, {
    "fullUrl": "urn:uuid:24259246-2ed5-dbe7-98a9-89b28be9b88f",
    "resource": {
      "resourceType": "Observation",
      "id": "24259246-2ed5-dbe7-98a9-89b28be9b88f",
      "status": "final",
      "category": {
        "coding": [ {
          "system": "http://hl7.org/fhir/observation-category",
          "code": "laboratory",
          "display": "laboratory"
        } ],
        "text": "laboratory"
      },
      "code": {
        "coding": [ {
          "system": "http://loinc.org",
          "code": "786-4",
          "display": "MCHC [Mass/volume] by Automated count"
        } ],
        "text": "MCHC [Mass/volume] by Automated count"
      },
      "subject": {
        "reference": "urn:uuid:14cd4849-62c3-c87f-fc16-d3a14602747b"
      },
      "encounter": {
        "reference": "urn:uuid:cb4f2952-41d0-7cd2-4be9-d2f6b436c46b"
      },
      "effectiveDateTime": "2024-06-12T13:42:05+00:00",
      "issued": "2024-06-12T13:42:05.868+00:00",
      "valueQuantity": {
        "value": 35.212,
        "unit": "g/dL",
        "system": "http://unitsofmeasure.org",
        "code": "g/dL"
      }
    },
    "request": {
      "method": "POST",
      "url": "Observation"
    }
  }, {
    "fullUrl": "urn:uuid:917814d7-d3bb-06de-c18e-3c7d007cd957",
    "resource": {
      "resourceType": "Observation",
      "id": "917814d7-d3bb-06de-c18e-3c7d007cd957",
      "status": "final",
      "category": {
        "coding": [ {
          "system": "http://hl7.org/fhir/observation-category",
          "code": "laboratory",
          "display": "laboratory"
        } ],
        "text": "laboratory"
      },
      "code": {
        "coding": [ {
          "system": "http://loinc.org",
          "code": "21000-5",
          "display": "Erythrocyte distribution width [Entitic volume] by Automated count"
        } ],
        "text": "Erythrocyte distribution width [Entitic volume] by Automated count"
      },
      "subject": {
        "reference": "urn:uuid:14cd4849-62c3-c87f-fc16-d3a14602747b"
      },
      "encounter": {
        "reference": "urn:uuid:cb4f2952-41d0-7cd2-4be9-d2f6b436c46b"
      },
      "effectiveDateTime": "2024-06-12T13:42:05+00:00",
      "issued": "2024-06-12T13:42:05.868+00:00",
      "valueQuantity": {
        "value": 43.073,
        "unit": "fL",
        "system": "http://unitsofmeasure.org",
        "code": "fL"
      }
    },
    "request": {
      "method": "POST",
      "url": "Observation"
    }
  }, {
    "fullUrl": "urn:uuid:a49431ff-e509-0f9c-406b-8ba73f57e751",
    "resource": {
      "resourceType": "Observation",
      "id": "a49431ff-e509-0f9c-406b-8ba73f57e751",
      "status": "final",
      "category": {
        "coding": [ {
          "system": "http://hl7.org/fhir/observation-category",
          "code": "laboratory",
          "display": "laboratory"
        } ],
        "text": "laboratory"
      },
      "code": {
        "coding": [ {
          "system": "http://loinc.org",
          "code": "777-3",
          "display": "Platelets [#/volume] in Blood by Automated count"
        } ],
        "text": "Platelets [#/volume] in Blood by Automated count"
      },
      "subject": {
        "reference": "urn:uuid:14cd4849-62c3-c87f-fc16-d3a14602747b"
      },
      "encounter": {
        "reference": "urn:uuid:cb4f2952-41d0-7cd2-4be9-d2f6b436c46b"
      },
      "effectiveDateTime": "2024-06-12T13:42:05+00:00",
      "issued": "2024-06-12T13:42:05.868+00:00",
      "valueQuantity": {
        "value": 262.74,
        "unit": "10*3/uL",
        "system": "http://unitsofmeasure.org",
        "code": "10*3/uL"
      }
    },
    "request": {
      "method": "POST",
      "url": "Observation"
    }
  }, {
    "fullUrl": "urn:uuid:29b4f970-71e1-2b6b-9755-581135c4f8d1",
    "resource": {
      "resourceType": "Observation",
      "id": "29b4f970-71e1-2b6b-9755-581135c4f8d1",
      "status": "final",
      "category": {
        "coding": [ {
          "system": "http://hl7.org/fhir/observation-category",
          "code": "laboratory",
          "display": "laboratory"
        } ],
        "text": "laboratory"
      },
      "code": {
        "coding": [ {
          "system": "http://loinc.org",
          "code": "32207-3",
          "display": "Platelet distribution width [Entitic volume] in Blood by Automated count"
        } ],
        "text": "Platelet distribution width [Entitic volume] in Blood by Automated count"
      },
      "subject": {
        "reference": "urn:uuid:14cd4849-62c3-c87f-fc16-d3a14602747b"
      },
      "encounter": {
        "reference": "urn:uuid:cb4f2952-41d0-7cd2-4be9-d2f6b436c46b"
      },
      "effectiveDateTime": "2024-06-12T13:42:05+00:00",
      "issued": "2024-06-12T13:42:05.868+00:00",
      "valueQuantity": {
        "value": 270.17,
        "unit": "fL",
        "system": "http://unitsofmeasure.org",
        "code": "fL"
      }
    },
    "request": {
      "method": "POST",
      "url": "Observation"
    }
  }, {
    "fullUrl": "urn:uuid:fa2eee11-a0f7-4d4c-a2e3-90b64774967a",
    "resource": {
      "resourceType": "Observation",
      "id": "fa2eee11-a0f7-4d4c-a2e3-90b64774967a",
      "status": "final",
      "category": {
        "coding": [ {
          "system": "http://hl7.org/fhir/observation-category",
          "code": "laboratory",
          "display": "laboratory"
        } ],
        "text": "laboratory"
      },
      "code": {
        "coding": [ {
          "system": "http://loinc.org",
          "code": "32623-1",
          "display": "Platelet mean volume [Entitic volume] in Blood by Automated count"
        } ],
        "text": "Platelet mean volume [Entitic volume] in Blood by Automated count"
      },
      "subject": {
        "reference": "urn:uuid:14cd4849-62c3-c87f-fc16-d3a14602747b"
      },
      "encounter": {
        "reference": "urn:uuid:cb4f2952-41d0-7cd2-4be9-d2f6b436c46b"
      },
      "effectiveDateTime": "2024-06-12T13:42:05+00:00",
      "issued": "2024-06-12T13:42:05.868+00:00",
      "valueQuantity": {
        "value": 11.106,
        "unit": "fL",
        "system": "http://unitsofmeasure.org",
        "code": "fL"
      }
    },
    "request": {
      "method": "POST",
      "url": "Observation"
    }
  }, {
    "fullUrl": "urn:uuid:7bcf78f0-0117-e159-e580-c50b085bb1cd",
    "resource": {
      "resourceType": "Observation",
      "id": "7bcf78f0-0117-e159-e580-c50b085bb1cd",
      "status": "final",
      "category": {
        "coding": [ {
          "system": "http://hl7.org/fhir/observation-category",
          "code": "social-history",
          "display": "social-history"
        } ],
        "text": "social-history"
      },
      "code": {
        "coding": [ {
          "system": "http://loinc.org",
          "code": "72166-2",
          "display": "Tobacco smoking status"
        } ],
        "text": "Tobacco smoking status"
      },
      "subject": {
        "reference": "urn:uuid:14cd4849-62c3-c87f-fc16-d3a14602747b"
      },
      "encounter": {
        "reference": "urn:uuid:cb4f2952-41d0-7cd2-4be9-d2f6b436c46b"
      },
      "effectiveDateTime": "2024-06-12T13:42:05+00:00",
      "issued": "2024-06-12T13:42:05.868+00:00",
      "valueCodeableConcept": {
        "coding": [ {
          "system": "http://snomed.info/sct",
          "code": "266919005",
          "display": "Never smoked tobacco (finding)"
        } ],
        "text": "Never smoked tobacco (finding)"
      }
    },
    "request": {
      "method": "POST",
      "url": "Observation"
    }
  }, {
    "fullUrl": "urn:uuid:735a40fb-4ba1-1dee-011d-6000ce310408",
    "resource": {
      "resourceType": "Immunization",
      "id": "735a40fb-4ba1-1dee-011d-6000ce310408",
      "status": "completed",
      "date": "2024-06-12T13:42:05+00:00",
      "vaccineCode": {
        "coding": [ {
          "system": "http://hl7.org/fhir/sid/cvx",
          "code": "08",
          "display": "Hep B, adolescent or pediatric"
        } ],
        "text": "Hep B, adolescent or pediatric"
      },
      "patient": {
        "reference": "urn:uuid:14cd4849-62c3-c87f-fc16-d3a14602747b"
      },
      "wasNotGiven": false,
      "reported": false,
      "encounter": {
        "reference": "urn:uuid:cb4f2952-41d0-7cd2-4be9-d2f6b436c46b"
      }
    },
    "request": {
      "method": "POST",
      "url": "Immunization"
    }
  }, {
    "fullUrl": "urn:uuid:f787ec7d-0bb2-3542-ebac-465552ccd7e3",
    "resource": {
      "resourceType": "DiagnosticReport",
      "id": "f787ec7d-0bb2-3542-ebac-465552ccd7e3",
      "status": "final",
      "category": {
        "coding": [ {
          "system": "http://hl7.org/fhir/ValueSet/diagnostic-service-sections",
          "code": "LAB"
        } ]
      },
      "code": {
        "coding": [ {
          "system": "http://loinc.org",
          "code": "58410-2",
          "display": "CBC panel - Blood by Automated count"
        } ],
        "text": "CBC panel - Blood by Automated count"
      },
      "subject": {
        "reference": "urn:uuid:14cd4849-62c3-c87f-fc16-d3a14602747b"
      },
      "encounter": {
        "reference": "urn:uuid:cb4f2952-41d0-7cd2-4be9-d2f6b436c46b"
      },
      "effectiveDateTime": "2024-06-12T13:42:05+00:00",
      "issued": "2024-06-12T13:42:05.868+00:00",
      "performer": {
        "reference": "Organization?identifier=https://github.com/synthetichealth/synthea|43f37d29-0bcb-3d84-b9c0-9ee4f2485ff2",
        "display": "TAG VIRTUAL WELLNESS LLC"
      },
      "result": [ {
        "reference": "urn:uuid:fa2eee11-a0f7-4d4c-a2e3-90b64774967a",
        "display": "Platelet mean volume [Entitic volume] in Blood by Automated count"
      } ]
    },
    "request": {
      "method": "POST",
      "url": "DiagnosticReport"
    }
  }, {
    "fullUrl": "urn:uuid:f7bfb59e-bed6-4abd-c9fc-0c69b29d9249",
    "resource": {
      "resourceType": "Claim",
      "id": "f7bfb59e-bed6-4abd-c9fc-0c69b29d9249",
      "type": "institutional",
      "organization": {
        "reference": "Organization?identifier=https://github.com/synthetichealth/synthea|43f37d29-0bcb-3d84-b9c0-9ee4f2485ff2",
        "display": "TAG VIRTUAL WELLNESS LLC"
      },
      "use": "complete",
      "diagnosis": [ {
        "sequence": 1,
        "diagnosis": {
          "system": "http://snomed.info/sct",
          "code": "314529007",
          "display": "Medication review due (situation)"
        }
      } ],
      "patient": {
        "reference": "urn:uuid:14cd4849-62c3-c87f-fc16-d3a14602747b"
      },
      "item": [ {
        "sequence": 1,
        "type": {
          "system": "http://hl7.org/fhir/v3/ActCode",
          "code": "CSINV",
          "display": "clinical service invoice"
        },
        "service": {
          "system": "http://snomed.info/sct",
          "code": "410620009",
          "display": "Well child visit (procedure)"
        }
      }, {
        "sequence": 2,
        "type": {
          "system": "http://hl7.org/fhir/v3/ActCode",
          "code": "CSINV",
          "display": "clinical service invoice"
        },
        "service": {
          "system": "http://hl7.org/fhir/sid/cvx",
          "code": "08",
          "display": "Hep B, adolescent or pediatric"
        },
        "net": {
          "value": 136.00,
          "system": "urn:iso:std:iso:4217",
          "code": "USD"
        }
      }, {
        "sequence": 4,
        "type": {
          "system": "http://hl7.org/fhir/v3/ActCode",
          "code": "CSINV",
          "display": "clinical service invoice"
        },
        "service": {
          "system": "http://loinc.org",
          "code": "58410-2",
          "display": "CBC panel - Blood by Automated count"
        },
        "net": {
          "value": 74.58,
          "system": "urn:iso:std:iso:4217",
          "code": "USD"
        }
      } ]
    },
    "request": {
      "method": "POST",
      "url": "Claim"
    }
  }, {
    "fullUrl": "urn:uuid:2eda7cc4-ea40-8a05-2bd7-f9964ec41a59",
    "resource": {
      "resourceType": "Encounter",
      "id": "2eda7cc4-ea40-8a05-2bd7-f9964ec41a59",
      "status": "finished",
      "class": "ambulatory",
      "type": [ {
        "coding": [ {
          "system": "http://snomed.info/sct",
          "code": "410620009",
          "display": "Well child visit (procedure)"
        } ],
        "text": "Well child visit (procedure)"
      } ],
      "patient": {
        "reference": "urn:uuid:14cd4849-62c3-c87f-fc16-d3a14602747b"
      },
      "participant": [ {
        "individual": {
          "reference": "Practitioner?identifier=http://hl7.org/fhir/sid/us-npi|9999941294",
          "display": "Dr. Maria750 Romaguera67"
        }
      } ],
      "period": {
        "start": "2024-07-17T13:42:05+00:00",
        "end": "2024-07-17T13:57:05+00:00"
      },
      "serviceProvider": {
        "reference": "Organization?identifier=https://github.com/synthetichealth/synthea|43f37d29-0bcb-3d84-b9c0-9ee4f2485ff2",
        "display": "TAG VIRTUAL WELLNESS LLC"
      }
    },
    "request": {
      "method": "POST",
      "url": "Encounter"
    }
  }, {
    "fullUrl": "urn:uuid:a6db305b-812d-f0c2-c5b2-76c977258bff",
    "resource": {
      "resourceType": "Observation",
      "id": "a6db305b-812d-f0c2-c5b2-76c977258bff",
      "status": "final",
      "category": {
        "coding": [ {
          "system": "http://hl7.org/fhir/observation-category",
          "code": "vital-signs",
          "display": "vital-signs"
        } ],
        "text": "vital-signs"
      },
      "code": {
        "coding": [ {
          "system": "http://loinc.org",
          "code": "8302-2",
          "display": "Body Height"
        } ],
        "text": "Body Height"
      },
      "subject": {
        "reference": "urn:uuid:14cd4849-62c3-c87f-fc16-d3a14602747b"
      },
      "encounter": {
        "reference": "urn:uuid:2eda7cc4-ea40-8a05-2bd7-f9964ec41a59"
      },
      "effectiveDateTime": "2024-07-17T13:42:05+00:00",
      "issued": "2024-07-17T13:42:05.868+00:00",
      "valueQuantity": {
        "value": 56.600,
        "unit": "cm",
        "system": "http://unitsofmeasure.org",
        "code": "cm"
      }
    },
    "request": {
      "method": "POST",
      "url": "Observation"
    }
  }, {
    "fullUrl": "urn:uuid:db489746-ed8a-0219-d0b1-775a94cc34ba",
    "resource": {
      "resourceType": "Observation",
      "id": "db489746-ed8a-0219-d0b1-775a94cc34ba",
      "status": "final",
      "category": {
        "coding": [ {
          "system": "http://hl7.org/fhir/observation-category",
          "code": "vital-signs",
          "display": "vital-signs"
        } ],
        "text": "vital-signs"
      },
      "code": {
        "coding": [ {
          "system": "http://loinc.org",
          "code": "72514-3",
          "display": "Pain severity - 0-10 verbal numeric rating [Score] - Reported"
        } ],
        "text": "Pain severity - 0-10 verbal numeric rating [Score] - Reported"
      },
      "subject": {
        "reference": "urn:uuid:14cd4849-62c3-c87f-fc16-d3a14602747b"
      },
      "encounter": {
        "reference": "urn:uuid:2eda7cc4-ea40-8a05-2bd7-f9964ec41a59"
      },
      "effectiveDateTime": "2024-07-17T13:42:05+00:00",
      "issued": "2024-07-17T13:42:05.868+00:00",
      "valueQuantity": {
        "value": 4,
        "unit": "{score}",
        "system": "http://unitsofmeasure.org",
        "code": "{score}"
      }
    },
    "request": {
      "method": "POST",
      "url": "Observation"
    }
  }, {
    "fullUrl": "urn:uuid:d9a32b1f-0ca9-8528-fa52-c97b2a3d0534",
    "resource": {
      "resourceType": "Observation",
      "id": "d9a32b1f-0ca9-8528-fa52-c97b2a3d0534",
      "status": "final",
      "category": {
        "coding": [ {
          "system": "http://hl7.org/fhir/observation-category",
          "code": "vital-signs",
          "display": "vital-signs"
        } ],
        "text": "vital-signs"
      },
      "code": {
        "coding": [ {
          "system": "http://loinc.org",
          "code": "29463-7",
          "display": "Body Weight"
        } ],
        "text": "Body Weight"
      },
      "subject": {
        "reference": "urn:uuid:14cd4849-62c3-c87f-fc16-d3a14602747b"
      },
      "encounter": {
        "reference": "urn:uuid:2eda7cc4-ea40-8a05-2bd7-f9964ec41a59"
      },
      "effectiveDateTime": "2024-07-17T13:42:05+00:00",
      "issued": "2024-07-17T13:42:05.868+00:00",
      "valueQuantity": {
        "value": 4.8000,
        "unit": "kg",
        "system": "http://unitsofmeasure.org",
        "code": "kg"
      }
    },
    "request": {
      "method": "POST",
      "url": "Observation"
    }
  }, {
    "fullUrl": "urn:uuid:4a2db41c-b686-6e34-e7cd-36abd684cbbc",
    "resource": {
      "resourceType": "Observation",
      "id": "4a2db41c-b686-6e34-e7cd-36abd684cbbc",
      "status": "final",
      "category": {
        "coding": [ {
          "system": "http://hl7.org/fhir/observation-category",
          "code": "vital-signs",
          "display": "vital-signs"
        } ],
        "text": "vital-signs"
      },
      "code": {
        "coding": [ {
          "system": "http://loinc.org",
          "code": "77606-2",
          "display": "Weight-for-length Per age and sex"
        } ],
        "text": "Weight-for-length Per age and sex"
      },
      "subject": {
        "reference": "urn:uuid:14cd4849-62c3-c87f-fc16-d3a14602747b"
      },
      "encounter": {
        "reference": "urn:uuid:2eda7cc4-ea40-8a05-2bd7-f9964ec41a59"
      },
      "effectiveDateTime": "2024-07-17T13:42:05+00:00",
      "issued": "2024-07-17T13:42:05.868+00:00",
      "valueQuantity": {
        "value": 18.223,
        "unit": "%",
        "system": "http://unitsofmeasure.org",
        "code": "%"
      }
    },
    "request": {
      "method": "POST",
      "url": "Observation"
    }
  }, {
    "fullUrl": "urn:uuid:8bf6d738-617d-d19e-611d-910164282337",
    "resource": {
      "resourceType": "Observation",
      "id": "8bf6d738-617d-d19e-611d-910164282337",
      "status": "final",
      "category": {
        "coding": [ {
          "system": "http://hl7.org/fhir/observation-category",
          "code": "vital-signs",
          "display": "vital-signs"
        } ],
        "text": "vital-signs"
      },
      "code": {
        "coding": [ {
          "system": "http://loinc.org",
          "code": "8289-1",
          "display": "Head Occipital-frontal circumference Percentile"
        } ],
        "text": "Head Occipital-frontal circumference Percentile"
      },
      "subject": {
        "reference": "urn:uuid:14cd4849-62c3-c87f-fc16-d3a14602747b"
      },
      "encounter": {
        "reference": "urn:uuid:2eda7cc4-ea40-8a05-2bd7-f9964ec41a59"
      },
      "effectiveDateTime": "2024-07-17T13:42:05+00:00",
      "issued": "2024-07-17T13:42:05.868+00:00",
      "valueQuantity": {
        "value": 73.940,
        "unit": "%",
        "system": "http://unitsofmeasure.org",
        "code": "%"
      }
    },
    "request": {
      "method": "POST",
      "url": "Observation"
    }
  }, {
    "fullUrl": "urn:uuid:154afb16-8b37-9551-af3d-fe5704c30924",
    "resource": {
      "resourceType": "Observation",
      "id": "154afb16-8b37-9551-af3d-fe5704c30924",
      "status": "final",
      "category": {
        "coding": [ {
          "system": "http://hl7.org/fhir/observation-category",
          "code": "vital-signs",
          "display": "vital-signs"
        } ],
        "text": "vital-signs"
      },
      "code": {
        "coding": [ {
          "system": "http://loinc.org",
          "code": "9843-4",
          "display": "Head Occipital-frontal circumference"
        } ],
        "text": "Head Occipital-frontal circumference"
      },
      "subject": {
        "reference": "urn:uuid:14cd4849-62c3-c87f-fc16-d3a14602747b"
      },
      "encounter": {
        "reference": "urn:uuid:2eda7cc4-ea40-8a05-2bd7-f9964ec41a59"
      },
      "effectiveDateTime": "2024-07-17T13:42:05+00:00",
      "issued": "2024-07-17T13:42:05.868+00:00",
      "valueQuantity": {
        "value": 38.930,
        "unit": "cm",
        "system": "http://unitsofmeasure.org",
        "code": "cm"
      }
    },
    "request": {
      "method": "POST",
      "url": "Observation"
    }
  }, {
    "fullUrl": "urn:uuid:18681eff-9056-41bc-b413-69cf1eb028b8",
    "resource": {
      "resourceType": "Observation",
      "id": "18681eff-9056-41bc-b413-69cf1eb028b8",
      "status": "final",
      "category": {
        "coding": [ {
          "system": "http://hl7.org/fhir/observation-category",
          "code": "vital-signs",
          "display": "vital-signs"
        } ],
        "text": "vital-signs"
      },
      "code": {
        "coding": [ {
          "system": "http://loinc.org",
          "code": "85354-9",
          "display": "Blood pressure panel with all children optional"
        } ],
        "text": "Blood pressure panel with all children optional"
      },
      "subject": {
        "reference": "urn:uuid:14cd4849-62c3-c87f-fc16-d3a14602747b"
      },
      "encounter": {
        "reference": "urn:uuid:2eda7cc4-ea40-8a05-2bd7-f9964ec41a59"
      },
      "effectiveDateTime": "2024-07-17T13:42:05+00:00",
      "issued": "2024-07-17T13:42:05.868+00:00",
      "component": [ {
        "code": {
          "coding": [ {
            "system": "http://loinc.org",
            "code": "8462-4",
            "display": "Diastolic Blood Pressure"
          } ],
          "text": "Diastolic Blood Pressure"
        },
        "valueQuantity": {
          "value": 84,
          "unit": "mm[Hg]",
          "system": "http://unitsofmeasure.org",
          "code": "mm[Hg]"
        }
      }, {
        "code": {
          "coding": [ {
            "system": "http://loinc.org",
            "code": "8480-6",
            "display": "Systolic Blood Pressure"
          } ],
          "text": "Systolic Blood Pressure"
        },
        "valueQuantity": {
          "value": 110,
          "unit": "mm[Hg]",
          "system": "http://unitsofmeasure.org",
          "code": "mm[Hg]"
        }
      } ]
    },
    "request": {
      "method": "POST",
      "url": "Observation"
    }
  }, {
    "fullUrl": "urn:uuid:8de4a66a-50f8-096e-54b4-3037b42c5ed6",
    "resource": {
      "resourceType": "Observation",
      "id": "8de4a66a-50f8-096e-54b4-3037b42c5ed6",
      "status": "final",
      "category": {
        "coding": [ {
          "system": "http://hl7.org/fhir/observation-category",
          "code": "vital-signs",
          "display": "vital-signs"
        } ],
        "text": "vital-signs"
      },
      "code": {
        "coding": [ {
          "system": "http://loinc.org",
          "code": "8867-4",
          "display": "Heart rate"
        } ],
        "text": "Heart rate"
      },
      "subject": {
        "reference": "urn:uuid:14cd4849-62c3-c87f-fc16-d3a14602747b"
      },
      "encounter": {
        "reference": "urn:uuid:2eda7cc4-ea40-8a05-2bd7-f9964ec41a59"
      },
      "effectiveDateTime": "2024-07-17T13:42:05+00:00",
      "issued": "2024-07-17T13:42:05.868+00:00",
      "valueQuantity": {
        "value": 79,
        "unit": "/min",
        "system": "http://unitsofmeasure.org",
        "code": "/min"
      }
    },
    "request": {
      "method": "POST",
      "url": "Observation"
    }
  }, {
    "fullUrl": "urn:uuid:615cf6c0-35f5-dac9-c086-3be468d13060",
    "resource": {
      "resourceType": "Observation",
      "id": "615cf6c0-35f5-dac9-c086-3be468d13060",
      "status": "final",
      "category": {
        "coding": [ {
          "system": "http://hl7.org/fhir/observation-category",
          "code": "vital-signs",
          "display": "vital-signs"
        } ],
        "text": "vital-signs"
      },
      "code": {
        "coding": [ {
          "system": "http://loinc.org",
          "code": "9279-1",
          "display": "Respiratory rate"
        } ],
        "text": "Respiratory rate"
      },
      "subject": {
        "reference": "urn:uuid:14cd4849-62c3-c87f-fc16-d3a14602747b"
      },
      "encounter": {
        "reference": "urn:uuid:2eda7cc4-ea40-8a05-2bd7-f9964ec41a59"
      },
      "effectiveDateTime": "2024-07-17T13:42:05+00:00",
      "issued": "2024-07-17T13:42:05.868+00:00",
      "valueQuantity": {
        "value": 12,
        "unit": "/min",
        "system": "http://unitsofmeasure.org",
        "code": "/min"
      }
    },
    "request": {
      "method": "POST",
      "url": "Observation"
    }
  }, {
    "fullUrl": "urn:uuid:37b3d28b-dd87-0370-653c-bad876007f68",
    "resource": {
      "resourceType": "Observation",
      "id": "37b3d28b-dd87-0370-653c-bad876007f68",
      "status": "final",
      "category": {
        "coding": [ {
          "system": "http://hl7.org/fhir/observation-category",
          "code": "social-history",
          "display": "social-history"
        } ],
        "text": "social-history"
      },
      "code": {
        "coding": [ {
          "system": "http://loinc.org",
          "code": "72166-2",
          "display": "Tobacco smoking status"
        } ],
        "text": "Tobacco smoking status"
      },
      "subject": {
        "reference": "urn:uuid:14cd4849-62c3-c87f-fc16-d3a14602747b"
      },
      "encounter": {
        "reference": "urn:uuid:2eda7cc4-ea40-8a05-2bd7-f9964ec41a59"
      },
      "effectiveDateTime": "2024-07-17T13:42:05+00:00",
      "issued": "2024-07-17T13:42:05.868+00:00",
      "valueCodeableConcept": {
        "coding": [ {
          "system": "http://snomed.info/sct",
          "code": "266919005",
          "display": "Never smoked tobacco (finding)"
        } ],
        "text": "Never smoked tobacco (finding)"
      }
    },
    "request": {
      "method": "POST",
      "url": "Observation"
    }
  }, {
    "fullUrl": "urn:uuid:b5a9b9a8-be27-630a-9226-36b484fbbcd7",
    "resource": {
      "resourceType": "Procedure",
      "id": "b5a9b9a8-be27-630a-9226-36b484fbbcd7",
      "subject": {
        "reference": "urn:uuid:14cd4849-62c3-c87f-fc16-d3a14602747b"
      },
      "status": "completed",
      "code": {
        "coding": [ {
          "system": "http://snomed.info/sct",
          "code": "430193006",
          "display": "Medication Reconciliation (procedure)"
        } ],
        "text": "Medication Reconciliation (procedure)"
      },
      "performedPeriod": {
        "start": "2024-07-17T13:42:05+00:00",
        "end": "2024-07-17T13:57:05+00:00"
      },
      "encounter": {
        "reference": "urn:uuid:2eda7cc4-ea40-8a05-2bd7-f9964ec41a59"
      }
    },
    "request": {
      "method": "POST",
      "url": "Procedure"
    }
  }, {
    "fullUrl": "urn:uuid:8472cfa6-b4c3-452a-0448-df167627f68b",
    "resource": {
      "resourceType": "Immunization",
      "id": "8472cfa6-b4c3-452a-0448-df167627f68b",
      "status": "completed",
      "date": "2024-07-17T13:42:05+00:00",
      "vaccineCode": {
        "coding": [ {
          "system": "http://hl7.org/fhir/sid/cvx",
          "code": "08",
          "display": "Hep B, adolescent or pediatric"
        } ],
        "text": "Hep B, adolescent or pediatric"
      },
      "patient": {
        "reference": "urn:uuid:14cd4849-62c3-c87f-fc16-d3a14602747b"
      },
      "wasNotGiven": false,
      "reported": false,
      "encounter": {
        "reference": "urn:uuid:2eda7cc4-ea40-8a05-2bd7-f9964ec41a59"
      }
    },
    "request": {
      "method": "POST",
      "url": "Immunization"
    }
  }, {
    "fullUrl": "urn:uuid:0b368ef0-97b3-62bd-ac07-4c35a2fbaffa",
    "resource": {
      "resourceType": "Claim",
      "id": "0b368ef0-97b3-62bd-ac07-4c35a2fbaffa",
      "type": "institutional",
      "organization": {
        "reference": "Organization?identifier=https://github.com/synthetichealth/synthea|43f37d29-0bcb-3d84-b9c0-9ee4f2485ff2",
        "display": "TAG VIRTUAL WELLNESS LLC"
      },
      "use": "complete",
      "patient": {
        "reference": "urn:uuid:14cd4849-62c3-c87f-fc16-d3a14602747b"
      },
      "item": [ {
        "sequence": 1,
        "type": {
          "system": "http://hl7.org/fhir/v3/ActCode",
          "code": "CSINV",
          "display": "clinical service invoice"
        },
        "service": {
          "system": "http://snomed.info/sct",
          "code": "410620009",
          "display": "Well child visit (procedure)"
        }
      }, {
        "sequence": 2,
        "type": {
          "system": "http://hl7.org/fhir/v3/ActCode",
          "code": "CSINV",
          "display": "clinical service invoice"
        },
        "service": {
          "system": "http://hl7.org/fhir/sid/cvx",
          "code": "08",
          "display": "Hep B, adolescent or pediatric"
        },
        "net": {
          "value": 136.00,
          "system": "urn:iso:std:iso:4217",
          "code": "USD"
        }
      }, {
        "sequence": 3,
        "type": {
          "system": "http://hl7.org/fhir/v3/ActCode",
          "code": "CSINV",
          "display": "clinical service invoice"
        },
        "service": {
          "system": "http://snomed.info/sct",
          "code": "430193006",
          "display": "Medication Reconciliation (procedure)"
        },
        "net": {
          "value": 751.58,
          "system": "urn:iso:std:iso:4217",
          "code": "USD"
        }
      } ]
    },
    "request": {
      "method": "POST",
      "url": "Claim"
    }
  } ]
}
