{
  "resourceType": "Bundle",
  "type": "transaction",
  "entry": [ {
    "fullUrl": "urn:uuid:b3d3ecc2-155e-3bf5-74c7-31c444882476",
    "resource": {
      "resourceType": "Patient",
      "id": "b3d3ecc2-155e-3bf5-74c7-31c444882476",
      "text": {
        "status": "generated",
        "div": "<div xmlns=\"http://www.w3.org/1999/xhtml\">Generated by <a href=\"https://github.com/synthetichealth/synthea\">Synthea</a>.Version identifier: master-branch-latest\n .   Person seed: 3013091079404451241  Population seed: 1724992504897</div>"
      },
      "extension": [ {
        "url": "http://hl7.org/fhir/StructureDefinition/us-core-race",
        "valueCodeableConcept": {
          "coding": [ {
            "system": "http://hl7.org/fhir/v3/Race",
            "code": "2106-3",
            "display": "White"
          } ],
          "text": "White"
        }
      }, {
        "url": "http://hl7.org/fhir/StructureDefinition/us-core-ethnicity",
        "valueCodeableConcept": {
          "coding": [ {
            "system": "http://hl7.org/fhir/v3/Ethnicity",
            "code": "2186-5",
            "display": "Not Hispanic or Latino"
          } ],
          "text": "Not Hispanic or Latino"
        }
      }, {
        "url": "http://hl7.org/fhir/StructureDefinition/patient-mothersMaidenName",
        "valueString": "Zena758 Breitenberg711"
      }, {
        "url": "http://hl7.org/fhir/us/core/StructureDefinition/us-core-birthsex",
        "valueCode": "F"
      }, {
        "url": "http://hl7.org/fhir/StructureDefinition/birthPlace",
        "valueAddress": {
          "city": "Woburn",
          "state": "Massachusetts",
          "country": "US"
        }
      }, {
        "url": "http://synthetichealth.github.io/synthea/disability-adjusted-life-years",
        "valueDecimal": 0.0
      }, {
        "url": "http://synthetichealth.github.io/synthea/quality-adjusted-life-years",
        "valueDecimal": 0.0
      } ],
      "identifier": [ {
        "system": "https://github.com/synthetichealth/synthea",
        "value": "b3d3ecc2-155e-3bf5-74c7-31c444882476"
      }, {
        "type": {
          "coding": [ {
            "system": "http://hl7.org/fhir/v2/0203",
            "code": "MR"
          } ]
        },
        "system": "http://hospital.smarthealthit.org",
        "value": "b3d3ecc2-155e-3bf5-74c7-31c444882476"
      }, {
        "type": {
          "coding": [ {
            "system": "http://hl7.org/fhir/identifier-type",
            "code": "SB"
          } ]
        },
        "system": "http://hl7.org/fhir/sid/us-ssn",
        "value": "999-22-7057"
      } ],
      "name": [ {
        "use": "official",
        "family": [ "Wolf938" ],
        "given": [ "Romaine793" ]
      } ],
      "telecom": [ {
        "system": "phone",
        "value": "555-169-8634",
        "use": "home"
      } ],
      "gender": "female",
      "birthDate": "2024-08-07",
      "address": [ {
        "extension": [ {
          "url": "http://hl7.org/fhir/StructureDefinition/geolocation",
          "extension": [ {
            "url": "latitude",
            "valueDecimal": 41.663818438552084
          }, {
            "url": "longitude",
            "valueDecimal": -70.46360101113223
          } ]
        } ],
        "line": [ "1028 Ziemann Ferry Apt 18" ],
        "city": "Mashpee",
        "state": "Massachusetts",
        "postalCode": "00000",
        "country": "US"
      } ],
      "maritalStatus": {
        "coding": [ {
          "system": "http://hl7.org/fhir/v3/MaritalStatus",
          "code": "S"
        } ]
      },
      "multipleBirthBoolean": false,
      "communication": [ {
        "language": {
          "coding": [ {
            "system": "urn:ietf:bcp:47",
            "code": "en-US",
            "display": "English (United States)"
          } ],
          "text": "English (United States)"
        }
      } ]
    },
    "request": {
      "method": "POST",
      "url": "Patient"
    }
  }, {
    "fullUrl": "urn:uuid:87dec864-e41b-a395-a09a-b47e7cc682c1",
    "resource": {
      "resourceType": "Encounter",
      "id": "87dec864-e41b-a395-a09a-b47e7cc682c1",
      "status": "finished",
      "class": "ambulatory",
      "type": [ {
        "coding": [ {
          "system": "http://snomed.info/sct",
          "code": "410620009",
          "display": "Well child visit (procedure)"
        } ],
        "text": "Well child visit (procedure)"
      } ],
      "patient": {
        "reference": "urn:uuid:b3d3ecc2-155e-3bf5-74c7-31c444882476"
      },
      "participant": [ {
        "individual": {
          "reference": "Practitioner?identifier=http://hl7.org/fhir/sid/us-npi|9999956193",
          "display": "Dr. Paris331 Schmeler639"
        }
      } ],
      "period": {
        "start": "2024-08-07T07:29:26+00:00",
        "end": "2024-08-07T07:44:26+00:00"
      },
      "serviceProvider": {
        "reference": "Organization?identifier=https://github.com/synthetichealth/synthea|104079d4-560e-3eb8-9a48-d495835a3997",
        "display": "HYANNIS FAMILY MEDICAL CARE PC"
      }
    },
    "request": {
      "method": "POST",
      "url": "Encounter"
    }
  }, {
    "fullUrl": "urn:uuid:198ae27a-6855-c082-8dc5-77dda27221fd",
    "resource": {
      "resourceType": "Condition",
      "id": "198ae27a-6855-c082-8dc5-77dda27221fd",
      "patient": {
        "reference": "urn:uuid:b3d3ecc2-155e-3bf5-74c7-31c444882476"
      },
      "encounter": {
        "reference": "urn:uuid:87dec864-e41b-a395-a09a-b47e7cc682c1"
      },
      "dateRecorded": "2024-08-07",
      "code": {
        "coding": [ {
          "system": "http://snomed.info/sct",
          "code": "314529007",
          "display": "Medication review due (situation)"
        } ],
        "text": "Medication review due (situation)"
      },
      "category": {
        "coding": [ {
          "system": "http://hl7.org/fhir/condition-category",
          "code": "diagnosis"
        } ]
      },
      "clinicalStatus": "active",
      "verificationStatus": "confirmed",
      "onsetDateTime": "2024-08-07T07:29:26+00:00"
    },
    "request": {
      "method": "POST",
      "url": "Condition"
    }
  }, {
    "fullUrl": "urn:uuid:faf3da17-ee81-3c67-23a6-954b11dc8235",
    "resource": {
      "resourceType": "Observation",
      "id": "faf3da17-ee81-3c67-23a6-954b11dc8235",
      "status": "final",
      "category": {
        "coding": [ {
          "system": "http://hl7.org/fhir/observation-category",
          "code": "vital-signs",
          "display": "vital-signs"
        } ],
        "text": "vital-signs"
      },
      "code": {
        "coding": [ {
          "system": "http://loinc.org",
          "code": "8302-2",
          "display": "Body Height"
        } ],
        "text": "Body Height"
      },
      "subject": {
        "reference": "urn:uuid:b3d3ecc2-155e-3bf5-74c7-31c444882476"
      },
      "encounter": {
        "reference": "urn:uuid:87dec864-e41b-a395-a09a-b47e7cc682c1"
      },
      "effectiveDateTime": "2024-08-07T07:29:26+00:00",
      "issued": "2024-08-07T07:29:26.101+00:00",
      "valueQuantity": {
        "value": 47.5,
        "unit": "cm",
        "system": "http://unitsofmeasure.org",
        "code": "cm"
      }
    },
    "request": {
      "method": "POST",
      "url": "Observation"
    }
  }, {
    "fullUrl": "urn:uuid:6b530782-533c-4235-9ce1-a7b038b02b68",
    "resource": {
      "resourceType": "Observation",
      "id": "6b530782-533c-4235-9ce1-a7b038b02b68",
      "status": "final",
      "category": {
        "coding": [ {
          "system": "http://hl7.org/fhir/observation-category",
          "code": "vital-signs",
          "display": "vital-signs"
        } ],
        "text": "vital-signs"
      },
      "code": {
        "coding": [ {
          "system": "http://loinc.org",
          "code": "72514-3",
          "display": "Pain severity - 0-10 verbal numeric rating [Score] - Reported"
        } ],
        "text": "Pain severity - 0-10 verbal numeric rating [Score] - Reported"
      },
      "subject": {
        "reference": "urn:uuid:b3d3ecc2-155e-3bf5-74c7-31c444882476"
      },
      "encounter": {
        "reference": "urn:uuid:87dec864-e41b-a395-a09a-b47e7cc682c1"
      },
      "effectiveDateTime": "2024-08-07T07:29:26+00:00",
      "issued": "2024-08-07T07:29:26.101+00:00",
      "valueQuantity": {
        "value": 2,
        "unit": "{score}",
        "system": "http://unitsofmeasure.org",
        "code": "{score}"
      }
    },
    "request": {
      "method": "POST",
      "url": "Observation"
    }
  }, {
    "fullUrl": "urn:uuid:6ba28606-927f-5fa8-b3bf-3ecb14d13095",
    "resource": {
      "resourceType": "Observation",
      "id": "6ba28606-927f-5fa8-b3bf-3ecb14d13095",
      "status": "final",
      "category": {
        "coding": [ {
          "system": "http://hl7.org/fhir/observation-category",
          "code": "vital-signs",
          "display": "vital-signs"
        } ],
        "text": "vital-signs"
      },
      "code": {
        "coding": [ {
          "system": "http://loinc.org",
          "code": "29463-7",
          "display": "Body Weight"
        } ],
        "text": "Body Weight"
      },
      "subject": {
        "reference": "urn:uuid:b3d3ecc2-155e-3bf5-74c7-31c444882476"
      },
      "encounter": {
        "reference": "urn:uuid:87dec864-e41b-a395-a09a-b47e7cc682c1"
      },
      "effectiveDateTime": "2024-08-07T07:29:26+00:00",
      "issued": "2024-08-07T07:29:26.101+00:00",
      "valueQuantity": {
        "value": 3.1000,
        "unit": "kg",
        "system": "http://unitsofmeasure.org",
        "code": "kg"
      }
    },
    "request": {
      "method": "POST",
      "url": "Observation"
    }
  }, {
    "fullUrl": "urn:uuid:a7c009f3-01f2-03ca-62fd-6bb9b74abd09",
    "resource": {
      "resourceType": "Observation",
      "id": "a7c009f3-01f2-03ca-62fd-6bb9b74abd09",
      "status": "final",
      "category": {
        "coding": [ {
          "system": "http://hl7.org/fhir/observation-category",
          "code": "vital-signs",
          "display": "vital-signs"
        } ],
        "text": "vital-signs"
      },
      "code": {
        "coding": [ {
          "system": "http://loinc.org",
          "code": "77606-2",
          "display": "Weight-for-length Per age and sex"
        } ],
        "text": "Weight-for-length Per age and sex"
      },
      "subject": {
        "reference": "urn:uuid:b3d3ecc2-155e-3bf5-74c7-31c444882476"
      },
      "encounter": {
        "reference": "urn:uuid:87dec864-e41b-a395-a09a-b47e7cc682c1"
      },
      "effectiveDateTime": "2024-08-07T07:29:26+00:00",
      "issued": "2024-08-07T07:29:26.101+00:00",
      "valueQuantity": {
        "value": 57.267,
        "unit": "%",
        "system": "http://unitsofmeasure.org",
        "code": "%"
      }
    },
    "request": {
      "method": "POST",
      "url": "Observation"
    }
  }, {
    "fullUrl": "urn:uuid:baa35b01-68cd-186a-8957-e4715e965549",
    "resource": {
      "resourceType": "Observation",
      "id": "baa35b01-68cd-186a-8957-e4715e965549",
      "status": "final",
      "category": {
        "coding": [ {
          "system": "http://hl7.org/fhir/observation-category",
          "code": "vital-signs",
          "display": "vital-signs"
        } ],
        "text": "vital-signs"
      },
      "code": {
        "coding": [ {
          "system": "http://loinc.org",
          "code": "8289-1",
          "display": "Head Occipital-frontal circumference Percentile"
        } ],
        "text": "Head Occipital-frontal circumference Percentile"
      },
      "subject": {
        "reference": "urn:uuid:b3d3ecc2-155e-3bf5-74c7-31c444882476"
      },
      "encounter": {
        "reference": "urn:uuid:87dec864-e41b-a395-a09a-b47e7cc682c1"
      },
      "effectiveDateTime": "2024-08-07T07:29:26+00:00",
      "issued": "2024-08-07T07:29:26.101+00:00",
      "valueQuantity": {
        "value": 5.2000,
        "unit": "%",
        "system": "http://unitsofmeasure.org",
        "code": "%"
      }
    },
    "request": {
      "method": "POST",
      "url": "Observation"
    }
  }, {
    "fullUrl": "urn:uuid:842f2f71-87e0-b402-4e8f-727650656bc6",
    "resource": {
      "resourceType": "Observation",
      "id": "842f2f71-87e0-b402-4e8f-727650656bc6",
      "status": "final",
      "category": {
        "coding": [ {
          "system": "http://hl7.org/fhir/observation-category",
          "code": "vital-signs",
          "display": "vital-signs"
        } ],
        "text": "vital-signs"
      },
      "code": {
        "coding": [ {
          "system": "http://loinc.org",
          "code": "9843-4",
          "display": "Head Occipital-frontal circumference"
        } ],
        "text": "Head Occipital-frontal circumference"
      },
      "subject": {
        "reference": "urn:uuid:b3d3ecc2-155e-3bf5-74c7-31c444882476"
      },
      "encounter": {
        "reference": "urn:uuid:87dec864-e41b-a395-a09a-b47e7cc682c1"
      },
      "effectiveDateTime": "2024-08-07T07:29:26+00:00",
      "issued": "2024-08-07T07:29:26.101+00:00",
      "valueQuantity": {
        "value": 32.280,
        "unit": "cm",
        "system": "http://unitsofmeasure.org",
        "code": "cm"
      }
    },
    "request": {
      "method": "POST",
      "url": "Observation"
    }
  }, {
    "fullUrl": "urn:uuid:3d7fb62e-7614-dfe0-c35c-2ed9ed1ce925",
    "resource": {
      "resourceType": "Observation",
      "id": "3d7fb62e-7614-dfe0-c35c-2ed9ed1ce925",
      "status": "final",
      "category": {
        "coding": [ {
          "system": "http://hl7.org/fhir/observation-category",
          "code": "vital-signs",
          "display": "vital-signs"
        } ],
        "text": "vital-signs"
      },
      "code": {
        "coding": [ {
          "system": "http://loinc.org",
          "code": "85354-9",
          "display": "Blood pressure panel with all children optional"
        } ],
        "text": "Blood pressure panel with all children optional"
      },
      "subject": {
        "reference": "urn:uuid:b3d3ecc2-155e-3bf5-74c7-31c444882476"
      },
      "encounter": {
        "reference": "urn:uuid:87dec864-e41b-a395-a09a-b47e7cc682c1"
      },
      "effectiveDateTime": "2024-08-07T07:29:26+00:00",
      "issued": "2024-08-07T07:29:26.101+00:00",
      "component": [ {
        "code": {
          "coding": [ {
            "system": "http://loinc.org",
            "code": "8462-4",
            "display": "Diastolic Blood Pressure"
          } ],
          "text": "Diastolic Blood Pressure"
        },
        "valueQuantity": {
          "value": 76,
          "unit": "mm[Hg]",
          "system": "http://unitsofmeasure.org",
          "code": "mm[Hg]"
        }
      }, {
        "code": {
          "coding": [ {
            "system": "http://loinc.org",
            "code": "8480-6",
            "display": "Systolic Blood Pressure"
          } ],
          "text": "Systolic Blood Pressure"
        },
        "valueQuantity": {
          "value": 139,
          "unit": "mm[Hg]",
          "system": "http://unitsofmeasure.org",
          "code": "mm[Hg]"
        }
      } ]
    },
    "request": {
      "method": "POST",
      "url": "Observation"
    }
  }, {
    "fullUrl": "urn:uuid:b6aa86b8-bd77-dfa6-9c4c-c44ef68bf9b3",
    "resource": {
      "resourceType": "Observation",
      "id": "b6aa86b8-bd77-dfa6-9c4c-c44ef68bf9b3",
      "status": "final",
      "category": {
        "coding": [ {
          "system": "http://hl7.org/fhir/observation-category",
          "code": "vital-signs",
          "display": "vital-signs"
        } ],
        "text": "vital-signs"
      },
      "code": {
        "coding": [ {
          "system": "http://loinc.org",
          "code": "8867-4",
          "display": "Heart rate"
        } ],
        "text": "Heart rate"
      },
      "subject": {
        "reference": "urn:uuid:b3d3ecc2-155e-3bf5-74c7-31c444882476"
      },
      "encounter": {
        "reference": "urn:uuid:87dec864-e41b-a395-a09a-b47e7cc682c1"
      },
      "effectiveDateTime": "2024-08-07T07:29:26+00:00",
      "issued": "2024-08-07T07:29:26.101+00:00",
      "valueQuantity": {
        "value": 78,
        "unit": "/min",
        "system": "http://unitsofmeasure.org",
        "code": "/min"
      }
    },
    "request": {
      "method": "POST",
      "url": "Observation"
    }
  }, {
    "fullUrl": "urn:uuid:4a714132-2ea5-b9e3-5705-0282987d20db",
    "resource": {
      "resourceType": "Observation",
      "id": "4a714132-2ea5-b9e3-5705-0282987d20db",
      "status": "final",
      "category": {
        "coding": [ {
          "system": "http://hl7.org/fhir/observation-category",
          "code": "vital-signs",
          "display": "vital-signs"
        } ],
        "text": "vital-signs"
      },
      "code": {
        "coding": [ {
          "system": "http://loinc.org",
          "code": "9279-1",
          "display": "Respiratory rate"
        } ],
        "text": "Respiratory rate"
      },
      "subject": {
        "reference": "urn:uuid:b3d3ecc2-155e-3bf5-74c7-31c444882476"
      },
      "encounter": {
        "reference": "urn:uuid:87dec864-e41b-a395-a09a-b47e7cc682c1"
      },
      "effectiveDateTime": "2024-08-07T07:29:26+00:00",
      "issued": "2024-08-07T07:29:26.101+00:00",
      "valueQuantity": {
        "value": 14,
        "unit": "/min",
        "system": "http://unitsofmeasure.org",
        "code": "/min"
      }
    },
    "request": {
      "method": "POST",
      "url": "Observation"
    }
  }, {
    "fullUrl": "urn:uuid:5c11d585-ac75-007b-66cd-8d2148d2c371",
    "resource": {
      "resourceType": "Observation",
      "id": "5c11d585-ac75-007b-66cd-8d2148d2c371",
      "status": "final",
      "category": {
        "coding": [ {
          "system": "http://hl7.org/fhir/observation-category",
          "code": "laboratory",
          "display": "laboratory"
        } ],
        "text": "laboratory"
      },
      "code": {
        "coding": [ {
          "system": "http://loinc.org",
          "code": "6690-2",
          "display": "Leukocytes [#/volume] in Blood by Automated count"
        } ],
        "text": "Leukocytes [#/volume] in Blood by Automated count"
      },
      "subject": {
        "reference": "urn:uuid:b3d3ecc2-155e-3bf5-74c7-31c444882476"
      },
      "encounter": {
        "reference": "urn:uuid:87dec864-e41b-a395-a09a-b47e7cc682c1"
      },
      "effectiveDateTime": "2024-08-07T07:29:26+00:00",
      "issued": "2024-08-07T07:29:26.101+00:00",
      "valueQuantity": {
        "value": 4.8360,
        "unit": "10*3/uL",
        "system": "http://unitsofmeasure.org",
        "code": "10*3/uL"
      }
    },
    "request": {
      "method": "POST",
      "url": "Observation"
    }
  }, {
    "fullUrl": "urn:uuid:9ad80d07-1681-b086-4ff4-489cf323560c",
    "resource": {
      "resourceType": "Observation",
      "id": "9ad80d07-1681-b086-4ff4-489cf323560c",
      "status": "final",
      "category": {
        "coding": [ {
          "system": "http://hl7.org/fhir/observation-category",
          "code": "laboratory",
          "display": "laboratory"
        } ],
        "text": "laboratory"
      },
      "code": {
        "coding": [ {
          "system": "http://loinc.org",
          "code": "789-8",
          "display": "Erythrocytes [#/volume] in Blood by Automated count"
        } ],
        "text": "Erythrocytes [#/volume] in Blood by Automated count"
      },
      "subject": {
        "reference": "urn:uuid:b3d3ecc2-155e-3bf5-74c7-31c444882476"
      },
      "encounter": {
        "reference": "urn:uuid:87dec864-e41b-a395-a09a-b47e7cc682c1"
      },
      "effectiveDateTime": "2024-08-07T07:29:26+00:00",
      "issued": "2024-08-07T07:29:26.101+00:00",
      "valueQuantity": {
        "value": 5.4016,
        "unit": "10*6/uL",
        "system": "http://unitsofmeasure.org",
        "code": "10*6/uL"
      }
    },
    "request": {
      "method": "POST",
      "url": "Observation"
    }
  }, {
    "fullUrl": "urn:uuid:3108ff74-948d-3640-5ab9-ab1ab54cb861",
    "resource": {
      "resourceType": "Observation",
      "id": "3108ff74-948d-3640-5ab9-ab1ab54cb861",
      "status": "final",
      "category": {
        "coding": [ {
          "system": "http://hl7.org/fhir/observation-category",
          "code": "laboratory",
          "display": "laboratory"
        } ],
        "text": "laboratory"
      },
      "code": {
        "coding": [ {
          "system": "http://loinc.org",
          "code": "718-7",
          "display": "Hemoglobin [Mass/volume] in Blood"
        } ],
        "text": "Hemoglobin [Mass/volume] in Blood"
      },
      "subject": {
        "reference": "urn:uuid:b3d3ecc2-155e-3bf5-74c7-31c444882476"
      },
      "encounter": {
        "reference": "urn:uuid:87dec864-e41b-a395-a09a-b47e7cc682c1"
      },
      "effectiveDateTime": "2024-08-07T07:29:26+00:00",
      "issued": "2024-08-07T07:29:26.101+00:00",
      "valueQuantity": {
        "value": 16.388,
        "unit": "g/dL",
        "system": "http://unitsofmeasure.org",
        "code": "g/dL"
      }
    },
    "request": {
      "method": "POST",
      "url": "Observation"
    }
  }, {
    "fullUrl": "urn:uuid:cf388129-f456-9195-65a5-35056a02a182",
    "resource": {
      "resourceType": "Observation",
      "id": "cf388129-f456-9195-65a5-35056a02a182",
      "status": "final",
      "category": {
        "coding": [ {
          "system": "http://hl7.org/fhir/observation-category",
          "code": "laboratory",
          "display": "laboratory"
        } ],
        "text": "laboratory"
      },
      "code": {
        "coding": [ {
          "system": "http://loinc.org",
          "code": "4544-3",
          "display": "Hematocrit [Volume Fraction] of Blood by Automated count"
        } ],
        "text": "Hematocrit [Volume Fraction] of Blood by Automated count"
      },
      "subject": {
        "reference": "urn:uuid:b3d3ecc2-155e-3bf5-74c7-31c444882476"
      },
      "encounter": {
        "reference": "urn:uuid:87dec864-e41b-a395-a09a-b47e7cc682c1"
      },
      "effectiveDateTime": "2024-08-07T07:29:26+00:00",
      "issued": "2024-08-07T07:29:26.101+00:00",
      "valueQuantity": {
        "value": 44.168,
        "unit": "%",
        "system": "http://unitsofmeasure.org",
        "code": "%"
      }
    },
    "request": {
      "method": "POST",
      "url": "Observation"
    }
  }, {
    "fullUrl": "urn:uuid:246f49cf-c810-6bd2-21c2-23856f9a9d06",
    "resource": {
      "resourceType": "Observation",
      "id": "246f49cf-c810-6bd2-21c2-23856f9a9d06",
      "status": "final",
      "category": {
        "coding": [ {
          "system": "http://hl7.org/fhir/observation-category",
          "code": "laboratory",
          "display": "laboratory"
        } ],
        "text": "laboratory"
      },
      "code": {
        "coding": [ {
          "system": "http://loinc.org",
          "code": "787-2",
          "display": "MCV [Entitic volume] by Automated count"
        } ],
        "text": "MCV [Entitic volume] by Automated count"
      },
      "subject": {
        "reference": "urn:uuid:b3d3ecc2-155e-3bf5-74c7-31c444882476"
      },
      "encounter": {
        "reference": "urn:uuid:87dec864-e41b-a395-a09a-b47e7cc682c1"
      },
      "effectiveDateTime": "2024-08-07T07:29:26+00:00",
      "issued": "2024-08-07T07:29:26.101+00:00",
      "valueQuantity": {
        "value": 85.025,
        "unit": "fL",
        "system": "http://unitsofmeasure.org",
        "code": "fL"
      }
    },
    "request": {
      "method": "POST",
      "url": "Observation"
    }
  }, {
    "fullUrl": "urn:uuid:58808893-d7bd-e6b4-75f7-6a29b6975e09",
    "resource": {
      "resourceType": "Observation",
      "id": "58808893-d7bd-e6b4-75f7-6a29b6975e09",
      "status": "final",
      "category": {
        "coding": [ {
          "system": "http://hl7.org/fhir/observation-category",
          "code": "laboratory",
          "display": "laboratory"
        } ],
        "text": "laboratory"
      },
      "code": {
        "coding": [ {
          "system": "http://loinc.org",
          "code": "785-6",
          "display": "MCH [Entitic mass] by Automated count"
        } ],
        "text": "MCH [Entitic mass] by Automated count"
      },
      "subject": {
        "reference": "urn:uuid:b3d3ecc2-155e-3bf5-74c7-31c444882476"
      },
      "encounter": {
        "reference": "urn:uuid:87dec864-e41b-a395-a09a-b47e7cc682c1"
      },
      "effectiveDateTime": "2024-08-07T07:29:26+00:00",
      "issued": "2024-08-07T07:29:26.101+00:00",
      "valueQuantity": {
        "value": 31.432,
        "unit": "pg",
        "system": "http://unitsofmeasure.org",
        "code": "pg"
      }
    },
    "request": {
      "method": "POST",
      "url": "Observation"
    }
  }, {
    "fullUrl": "urn:uuid:420661a1-d41d-2218-8b51-e2456156c122",
    "resource": {
      "resourceType": "Observation",
      "id": "420661a1-d41d-2218-8b51-e2456156c122",
      "status": "final",
      "category": {
        "coding": [ {
          "system": "http://hl7.org/fhir/observation-category",
          "code": "laboratory",
          "display": "laboratory"
        } ],
        "text": "laboratory"
      },
      "code": {
        "coding": [ {
          "system": "http://loinc.org",
          "code": "786-4",
          "display": "MCHC [Mass/volume] by Automated count"
        } ],
        "text": "MCHC [Mass/volume] by Automated count"
      },
      "subject": {
        "reference": "urn:uuid:b3d3ecc2-155e-3bf5-74c7-31c444882476"
      },
      "encounter": {
        "reference": "urn:uuid:87dec864-e41b-a395-a09a-b47e7cc682c1"
      },
      "effectiveDateTime": "2024-08-07T07:29:26+00:00",
      "issued": "2024-08-07T07:29:26.101+00:00",
      "valueQuantity": {
        "value": 34.080,
        "unit": "g/dL",
        "system": "http://unitsofmeasure.org",
        "code": "g/dL"
      }
    },
    "request": {
      "method": "POST",
      "url": "Observation"
    }
  }, {
    "fullUrl": "urn:uuid:7e69b2d4-80e8-4b00-ca16-ea97b57acda9",
    "resource": {
      "resourceType": "Observation",
      "id": "7e69b2d4-80e8-4b00-ca16-ea97b57acda9",
      "status": "final",
      "category": {
        "coding": [ {
          "system": "http://hl7.org/fhir/observation-category",
          "code": "laboratory",
          "display": "laboratory"
        } ],
        "text": "laboratory"
      },
      "code": {
        "coding": [ {
          "system": "http://loinc.org",
          "code": "21000-5",
          "display": "Erythrocyte distribution width [Entitic volume] by Automated count"
        } ],
        "text": "Erythrocyte distribution width [Entitic volume] by Automated count"
      },
      "subject": {
        "reference": "urn:uuid:b3d3ecc2-155e-3bf5-74c7-31c444882476"
      },
      "encounter": {
        "reference": "urn:uuid:87dec864-e41b-a395-a09a-b47e7cc682c1"
      },
      "effectiveDateTime": "2024-08-07T07:29:26+00:00",
      "issued": "2024-08-07T07:29:26.101+00:00",
      "valueQuantity": {
        "value": 40.160,
        "unit": "fL",
        "system": "http://unitsofmeasure.org",
        "code": "fL"
      }
    },
    "request": {
      "method": "POST",
      "url": "Observation"
    }
  }, {
    "fullUrl": "urn:uuid:50994ddb-5d7b-31a5-adc4-9c62e0b543dc",
    "resource": {
      "resourceType": "Observation",
      "id": "50994ddb-5d7b-31a5-adc4-9c62e0b543dc",
      "status": "final",
      "category": {
        "coding": [ {
          "system": "http://hl7.org/fhir/observation-category",
          "code": "laboratory",
          "display": "laboratory"
        } ],
        "text": "laboratory"
      },
      "code": {
        "coding": [ {
          "system": "http://loinc.org",
          "code": "777-3",
          "display": "Platelets [#/volume] in Blood by Automated count"
        } ],
        "text": "Platelets [#/volume] in Blood by Automated count"
      },
      "subject": {
        "reference": "urn:uuid:b3d3ecc2-155e-3bf5-74c7-31c444882476"
      },
      "encounter": {
        "reference": "urn:uuid:87dec864-e41b-a395-a09a-b47e7cc682c1"
      },
      "effectiveDateTime": "2024-08-07T07:29:26+00:00",
      "issued": "2024-08-07T07:29:26.101+00:00",
      "valueQuantity": {
        "value": 193.83,
        "unit": "10*3/uL",
        "system": "http://unitsofmeasure.org",
        "code": "10*3/uL"
      }
    },
    "request": {
      "method": "POST",
      "url": "Observation"
    }
  }, {
    "fullUrl": "urn:uuid:fa40243f-93a9-35cb-57f6-530702a498c4",
    "resource": {
      "resourceType": "Observation",
      "id": "fa40243f-93a9-35cb-57f6-530702a498c4",
      "status": "final",
      "category": {
        "coding": [ {
          "system": "http://hl7.org/fhir/observation-category",
          "code": "laboratory",
          "display": "laboratory"
        } ],
        "text": "laboratory"
      },
      "code": {
        "coding": [ {
          "system": "http://loinc.org",
          "code": "32207-3",
          "display": "Platelet distribution width [Entitic volume] in Blood by Automated count"
        } ],
        "text": "Platelet distribution width [Entitic volume] in Blood by Automated count"
      },
      "subject": {
        "reference": "urn:uuid:b3d3ecc2-155e-3bf5-74c7-31c444882476"
      },
      "encounter": {
        "reference": "urn:uuid:87dec864-e41b-a395-a09a-b47e7cc682c1"
      },
      "effectiveDateTime": "2024-08-07T07:29:26+00:00",
      "issued": "2024-08-07T07:29:26.101+00:00",
      "valueQuantity": {
        "value": 493.39,
        "unit": "fL",
        "system": "http://unitsofmeasure.org",
        "code": "fL"
      }
    },
    "request": {
      "method": "POST",
      "url": "Observation"
    }
  }, {
    "fullUrl": "urn:uuid:14b4be1a-abf0-9f98-7393-19aba91ff9f3",
    "resource": {
      "resourceType": "Observation",
      "id": "14b4be1a-abf0-9f98-7393-19aba91ff9f3",
      "status": "final",
      "category": {
        "coding": [ {
          "system": "http://hl7.org/fhir/observation-category",
          "code": "laboratory",
          "display": "laboratory"
        } ],
        "text": "laboratory"
      },
      "code": {
        "coding": [ {
          "system": "http://loinc.org",
          "code": "32623-1",
          "display": "Platelet mean volume [Entitic volume] in Blood by Automated count"
        } ],
        "text": "Platelet mean volume [Entitic volume] in Blood by Automated count"
      },
      "subject": {
        "reference": "urn:uuid:b3d3ecc2-155e-3bf5-74c7-31c444882476"
      },
      "encounter": {
        "reference": "urn:uuid:87dec864-e41b-a395-a09a-b47e7cc682c1"
      },
      "effectiveDateTime": "2024-08-07T07:29:26+00:00",
      "issued": "2024-08-07T07:29:26.101+00:00",
      "valueQuantity": {
        "value": 10.901,
        "unit": "fL",
        "system": "http://unitsofmeasure.org",
        "code": "fL"
      }
    },
    "request": {
      "method": "POST",
      "url": "Observation"
    }
  }, {
    "fullUrl": "urn:uuid:ec7db6aa-075a-e26b-07ca-40781cec9b40",
    "resource": {
      "resourceType": "Observation",
      "id": "ec7db6aa-075a-e26b-07ca-40781cec9b40",
      "status": "final",
      "category": {
        "coding": [ {
          "system": "http://hl7.org/fhir/observation-category",
          "code": "social-history",
          "display": "social-history"
        } ],
        "text": "social-history"
      },
      "code": {
        "coding": [ {
          "system": "http://loinc.org",
          "code": "72166-2",
          "display": "Tobacco smoking status"
        } ],
        "text": "Tobacco smoking status"
      },
      "subject": {
        "reference": "urn:uuid:b3d3ecc2-155e-3bf5-74c7-31c444882476"
      },
      "encounter": {
        "reference": "urn:uuid:87dec864-e41b-a395-a09a-b47e7cc682c1"
      },
      "effectiveDateTime": "2024-08-07T07:29:26+00:00",
      "issued": "2024-08-07T07:29:26.101+00:00",
      "valueCodeableConcept": {
        "coding": [ {
          "system": "http://snomed.info/sct",
          "code": "266919005",
          "display": "Never smoked tobacco (finding)"
        } ],
        "text": "Never smoked tobacco (finding)"
      }
    },
    "request": {
      "method": "POST",
      "url": "Observation"
    }
  }, {
    "fullUrl": "urn:uuid:124c44af-6e4f-6282-5e1c-ca8cc63ff368",
    "resource": {
      "resourceType": "Immunization",
      "id": "124c44af-6e4f-6282-5e1c-ca8cc63ff368",
      "status": "completed",
      "date": "2024-08-07T07:29:26+00:00",
      "vaccineCode": {
        "coding": [ {
          "system": "http://hl7.org/fhir/sid/cvx",
          "code": "08",
          "display": "Hep B, adolescent or pediatric"
        } ],
        "text": "Hep B, adolescent or pediatric"
      },
      "patient": {
        "reference": "urn:uuid:b3d3ecc2-155e-3bf5-74c7-31c444882476"
      },
      "wasNotGiven": false,
      "reported": false,
      "encounter": {
        "reference": "urn:uuid:87dec864-e41b-a395-a09a-b47e7cc682c1"
      }
    },
    "request": {
      "method": "POST",
      "url": "Immunization"
    }
  }, {
    "fullUrl": "urn:uuid:7358702c-09cd-5c96-63ba-4e546a918899",
    "resource": {
      "resourceType": "DiagnosticReport",
      "id": "7358702c-09cd-5c96-63ba-4e546a918899",
      "status": "final",
      "category": {
        "coding": [ {
          "system": "http://hl7.org/fhir/ValueSet/diagnostic-service-sections",
          "code": "LAB"
        } ]
      },
      "code": {
        "coding": [ {
          "system": "http://loinc.org",
          "code": "58410-2",
          "display": "CBC panel - Blood by Automated count"
        } ],
        "text": "CBC panel - Blood by Automated count"
      },
      "subject": {
        "reference": "urn:uuid:b3d3ecc2-155e-3bf5-74c7-31c444882476"
      },
      "encounter": {
        "reference": "urn:uuid:87dec864-e41b-a395-a09a-b47e7cc682c1"
      },
      "effectiveDateTime": "2024-08-07T07:29:26+00:00",
      "issued": "2024-08-07T07:29:26.101+00:00",
      "performer": {
        "reference": "Organization?identifier=https://github.com/synthetichealth/synthea|104079d4-560e-3eb8-9a48-d495835a3997",
        "display": "HYANNIS FAMILY MEDICAL CARE PC"
      },
      "result": [ {
        "reference": "urn:uuid:14b4be1a-abf0-9f98-7393-19aba91ff9f3",
        "display": "Platelet mean volume [Entitic volume] in Blood by Automated count"
      } ]
    },
    "request": {
      "method": "POST",
      "url": "DiagnosticReport"
    }
  }, {
    "fullUrl": "urn:uuid:d0cbb2dc-4722-78ed-3914-bad32b05601d",
    "resource": {
      "resourceType": "Claim",
      "id": "d0cbb2dc-4722-78ed-3914-bad32b05601d",
      "type": "institutional",
      "organization": {
        "reference": "Organization?identifier=https://github.com/synthetichealth/synthea|104079d4-560e-3eb8-9a48-d495835a3997",
        "display": "HYANNIS FAMILY MEDICAL CARE PC"
      },
      "use": "complete",
      "diagnosis": [ {
        "sequence": 1,
        "diagnosis": {
          "system": "http://snomed.info/sct",
          "code": "314529007",
          "display": "Medication review due (situation)"
        }
      } ],
      "patient": {
        "reference": "urn:uuid:b3d3ecc2-155e-3bf5-74c7-31c444882476"
      },
      "item": [ {
        "sequence": 1,
        "type": {
          "system": "http://hl7.org/fhir/v3/ActCode",
          "code": "CSINV",
          "display": "clinical service invoice"
        },
        "service": {
          "system": "http://snomed.info/sct",
          "code": "410620009",
          "display": "Well child visit (procedure)"
        }
      }, {
        "sequence": 2,
        "type": {
          "system": "http://hl7.org/fhir/v3/ActCode",
          "code": "CSINV",
          "display": "clinical service invoice"
        },
        "service": {
          "system": "http://hl7.org/fhir/sid/cvx",
          "code": "08",
          "display": "Hep B, adolescent or pediatric"
        },
        "net": {
          "value": 136.00,
          "system": "urn:iso:std:iso:4217",
          "code": "USD"
        }
      }, {
        "sequence": 4,
        "type": {
          "system": "http://hl7.org/fhir/v3/ActCode",
          "code": "CSINV",
          "display": "clinical service invoice"
        },
        "service": {
          "system": "http://loinc.org",
          "code": "58410-2",
          "display": "CBC panel - Blood by Automated count"
        },
        "net": {
          "value": 74.58,
          "system": "urn:iso:std:iso:4217",
          "code": "USD"
        }
      } ]
    },
    "request": {
      "method": "POST",
      "url": "Claim"
    }
  } ]
}
