Id,ORGANIZATION,NAME,GENDER,SPECIALITY,ADDRESS,CITY,STATE,ZIP,LAT,LON,ENCOUNTERS,PROCEDURES
fdaf871a-7568-38ce-a7ac-a05a38a2a9f9,74ab949d-17ac-3309-83a0-13b4405c66aa,Gabriel934 Reilly981,F,GENERAL PRACTICE,881 Main Street,Fitchburg,MA,01420,42.586487,-71.80521,266,0
bbbf9ee6-812d-36ab-8be6-53e499b9f7e7,17a4bae5-8b64-34d7-8144-b428be027bd0,Lindsay928 Ward668,M,GENERAL PRACTICE,512 MAIN STREET  SUITE 211,SHREWSBURY,MA,015456406,42.295109499999995,-71.71808471110307,3,0
35487c05-a3fe-3cb6-9cae-1be3e76858f8,e76b5eb0-0c9d-3593-b5da-3c0e9a97bb96,Sal878 Lehner980,M,GENERAL PRACTICE,1400 VFW Parkway,West Roxbury,MA,02132,42.2793,-71.1657,94,0
f5fd21e6-413c-3d49-bb3c-6f67cc291135,d2284f74-b6da-3a15-9791-84cdf2db18fb,Fernande593 Mosciski958,F,GENERAL PRACTICE,331 E FALMOUTH HWY,E FALMOUTH,MA,025366039,41.57853245,-70.5617374807812,65,0
576c3133-1672-3015-ae64-15f3c83fbbab,e3089df2-a1db-372a-b660-30392d8c197b,Isaiah615 Waters156,M,GENERAL PRACTICE,178 N MAIN ST,SHARON,MA,020671229,42.13301625,-71.17263163492832,17,0
91676677-dbfc-3e00-9b23-d9fe961b2c60,77d67d58-b097-3309-a94c-abd49c432528,Demetrius568 Moore224,M,GENERAL PRACTICE,383 MILL ST,WORCESTER,MA,016022414,42.2618147,-71.85253220643622,1,0
a130ae8c-6250-39e7-9da7-b17f33c76bd3,42d4b607-f14d-370a-818e-40965685776c,Arlen68 Hettinger594,M,GENERAL PRACTICE,3 WASHINGTON ST STE 220,NORTH EASTON,MA,023561034,42.0667665,-71.1036592,42,0
789c7774-5375-32e5-9165-1a45b4a3a323,ab701a70-a658-340e-8f69-ee196a7d40c6,Jolie499 Parisian75,F,GENERAL PRACTICE,484 RTE 134,WORCESTER,MA,016071728,42.2625621,-71.8018877,8,0
7bdcba67-8323-3593-bcf2-9b0f583f7538,11ba6a26-59b4-3728-a268-6dc9929962b4,Angelic427 McCullough561,F,GENERAL PRACTICE,200 GOVERNORS AVENUE,MEDFORD,MA,021551644,42.42711615,-71.1121606632448,13,0
109023c6-0c3b-37c4-bbbe-df9b69494d3f,52ecddd8-42f6-35cc-88a5-cf474c02fb49,Cecil300 Fahey393,M,GENERAL PRACTICE,94 OBERY STREET,PLYMOUTH,MA,023602130,41.93725,-70.65503160208334,5,0
13e634cd-ad86-33e2-ad03-f0354b554b02,a3a72023-3f37-3d77-be82-62085a912993,Esteban536 Jiménez568,M,GENERAL PRACTICE,311 STATE STREET,SPRINGFIELD,MA,011051140,42.10500795,-72.58124154847081,63,0
c99bb0c7-0fc3-3047-8830-de7d63b500b6,1311c44a-85cb-3aea-a143-e5d7892ced8b,Kathrine376 Reinger292,F,GENERAL PRACTICE,300 KENSINGTON AVE,SPRINGFIELD,MA,011071139,42.091896,-72.559437,47,0
26c794a5-e459-3acb-9edc-467ea190e9d3,009f87f0-4bb6-350c-ba41-0b3235a7ca43,Maurita219 Tromp100,F,GENERAL PRACTICE,277 ELLIOT ST,NEWTON UPPER FALLS,MA,024641201,42.3134306,-71.2206105,1,0
4f1fc5db-cf42-322d-811d-2663a96fa64e,fe675917-7b09-3afd-a6e6-128cc4de4734,Rod343 Kohler843,M,GENERAL PRACTICE,319A ALLSTON STREET,BRIGHTON,MA,021357652,42.345093,-71.139804,11,0
d56139cf-a119-3169-87a4-255306464462,5fcff9db-16e4-3e56-aa78-abbc16338097,Margene509 Schamberger479,F,GENERAL PRACTICE,295 VARNUM AVE,WESTFORD,MA,018863513,42.5792583,-71.4378411,33,0
a1fb9446-038e-3f15-9197-8fec1eb33422,40c01d75-1542-3e0b-8e5f-78d3031beba1,Daysi106 Reynolds644,F,GENERAL PRACTICE,505 PARADISE RD,SALEM,MA,019704267,42.485927,-70.900301,28,0
ecb8f2d4-ec95-3d98-a25a-d12800af6977,1ddd51d1-7297-3c3b-bad5-98aecd5e4a79,Derrick232 Kub800,M,GENERAL PRACTICE,127 CAMBRIDGE STREET  SUTIE #2B,BURLINGTON,MA,018033735,42.50188325,-71.19559351572005,2,0
980d284a-c889-3f11-8716-f7fee9ab2049,4cb90b5f-734d-322f-a2f2-776824e1ce35,Irvin970 Emard19,M,GENERAL PRACTICE,770 CONVERSE STREET,LONGMEADOW,MA,011061719,42.0639853,-72.5521444,8,0
12f73244-9245-3103-a0a2-f753504e6e36,93c3d861-e05d-33b9-91eb-1768470229d7,Phoebe31 Thiel172,F,GENERAL PRACTICE,10 CENTENNIAL DR,PEABODY,MA,019607938,42.5261827,-70.9529896,69,0
82829f7d-0fc7-3e05-956a-aeab6833e758,2e1eaaf1-ebb0-332c-8921-f48e15b91879,Delmer311 Nolan344,M,GENERAL PRACTICE,2 SEAPORT DRIVE,QUINCY,MA,021711599,42.29287335,-71.03019020136307,11,0
f9a0dae3-3381-3ebd-bdb7-63c736f13a7e,ca1c0a76-f601-3a1c-a448-689cd3d56bb1,Livia401 Rippin620,F,GENERAL PRACTICE,96 FOREST STREET,PEABODY,MA,019603907,42.528469349999995,-70.95557442492182,2,0
2e391094-c370-3ad0-8bab-7c15e0d0365e,b66db758-a205-3227-9cfb-bf19d2c1962d,Noreen211 Stroman228,F,GENERAL PRACTICE,121 HARVARD AVENUE  2ND FL,ALLSTON,MA,021342702,42.35241825,-71.13220132573996,22,0
8ccf29a5-c543-3eb3-80ef-6c01bd03f094,f549a720-814b-3dc6-ae77-6376a22564ee,Perry780 Prosacco716,M,GENERAL PRACTICE,209 COUNTY RD,NORTH FALMOUTH,MA,02556,41.6459404,-70.6183639,1,0
1e33f764-d980-3692-9431-2dfa6cc608ff,0ddb0329-b59d-3187-874c-602c649249c8,Eldon28 Cassin499,M,GENERAL PRACTICE,115 W SILVER ST,WESTFIELD,MA,010853678,42.1178811,-72.75935246865802,8,0
a1b22833-afae-3cc1-a07d-ce81c8350545,1e3ca321-fbbb-3546-b9ea-c3761a20324a,Noe500 Howe413,M,GENERAL PRACTICE,605 Lincoln Street,Worcester,MA,01605,42.297756,-71.766815,16,0
2910dc88-dbcb-3359-95d3-a74f6a0fdcc5,02c936e2-3aee-38b2-88a4-81f3689b7bb7,Royce974 Kohler843,F,GENERAL PRACTICE,120 FISHER AVENUE,BOSTON,MA,021203320,42.3276141,-71.1051603,33,0
b2fe9397-d376-3e28-99d6-6429e1f145cc,609ec9f1-e806-3427-b912-9e3b2915521d,Cherrie404 Conn188,F,GENERAL PRACTICE,575 BEECH STREET,HOLYOKE,MA,010406604,42.20105435,-72.628169560868,16,0
a1b4db27-a555-35db-a4ef-7326af90d1cf,2b84e56e-08b4-3078-b3ea-4d159208e065,Barton704 Bahringer146,M,GENERAL PRACTICE,1029 PLEASANT ST,BRIDGEWATER,MA,023242301,41.9718173,-71.00937893001648,182,0
91e3c126-33f6-313e-bb3d-38d50729e0dc,4ffa4412-1493-3beb-b8f0-6614dde953a4,Sulema841 Ryan260,F,GENERAL PRACTICE,363 HIGHLAND AVENUE,WAREHAM,MA,025715011,41.745636,-70.658192,270,0
04e115f8-6086-3472-bc32-86adbbb58aba,a14e698d-a9ba-3eae-9c8b-682ec726433d,Brian582 Cummerata161,M,GENERAL PRACTICE,776 WESTERN AVE,LYNN,MA,019052408,42.466763,-70.9494939,15,0
cb8a60e2-8c59-339a-a380-0549d57f705c,7f26da64-69ab-3db4-b285-c48c9836a653,Lupe126 Hansen121,M,GENERAL PRACTICE,500 WENTWORTH AVE,LOWELL,MA,018524937,42.631409,-71.283668,1,0
55fa787e-4d30-33dd-b041-083a160a5c51,5ba6765a-f335-36b0-9c6a-6bb494c5330d,Carlota980 Solís294,F,GENERAL PRACTICE,31 OLD ROUTE 7,WESTWOOD,MA,020902333,42.2139873,-71.2244987,1,0
af99c3dc-0eea-3dc9-8344-f4f0471150b2,b6eeaaf7-1683-3bcb-b6ee-81ce304636ef,Zachery872 Pagac496,M,GENERAL PRACTICE,170 GOVERNORS AVE,MELROSE,MA,021763225,42.4564323,-71.064182,100,0
630c9f8b-adf1-3a7a-8fcf-f2b91410cd3a,65eda534-1bdc-3192-8d02-1c3764447790,Alonso270 Hand679,M,GENERAL PRACTICE,1244 BOYLSTON ST,CHESTNUT HILL,MA,024672115,42.3214927,-71.1711481,56,0
5c2c3cac-3679-3b92-815a-4179a0698296,14932db8-e179-331d-98ad-dc1c352cb6d3,Lora418 Barrows492,F,GENERAL PRACTICE,743 MAIN ST,MELROSE,MA,021762707,42.460108950000006,-71.06216841036309,1,0
3e61a9e0-1e3c-3c4c-bb37-9973256c902f,de29a374-221b-3cb4-8051-a02c1a35e5b7,Morgan564 Marvin195,M,GENERAL PRACTICE,562 WASHINGTON ST,SOUTH ATTLEBORO,MA,027036942,41.912892049999996,-71.36135809627689,22,0
92e1831e-c26a-3150-9352-0e3543b64d49,b03b624d-c939-3688-986d-9555b8009a3b,Trinity427 Hartmann983,F,GENERAL PRACTICE,230 MAPLE ST,HOLYOKE,MA,010405144,42.207406,-72.608419,155,0
dc3fba7f-109c-386e-9b99-800e7cc01b74,18061fd5-fda8-3e2d-87f0-0f3c87211bcc,Omer483 Koepp521,M,GENERAL PRACTICE,1493 CAMBRIDGE ST,SOMERVILLE,MA,021431408,42.3875968,-71.0994968,14,0
f1b3564f-85fe-3458-beac-0f2b11801561,76281d34-caff-30e0-8545-bcdf33182109,Jane262 Schmeler639,F,GENERAL PRACTICE,500 WILBUR AVENUE,SOMERSET,MA,027252051,41.72075205,-71.16843052114558,4,0
6c18617f-111b-3ea7-8504-89aa9a32114d,b3ada130-6443-3a8e-98c7-4ec127a2b0c4,Ned189 Haley279,M,GENERAL PRACTICE,ONE GREAT ROAD,ACTON,MA,017205601,42.4850931,-71.43284,2,0
882be80e-52e7-39cc-b816-399c15817b4e,7489f6e0-fee6-3fff-90b6-444868eb907c,Mariette443 Rau926,F,GENERAL PRACTICE,1 KIDDIE DRIVE  SUITE 106,AVON,MA,023221182,42.130150349999994,-71.05720685110387,3,0
7bec5f6c-a05c-390c-8294-0a3c6afa420a,6cf8a214-8d57-3267-85e5-7719e15cd63e,Cindie288 Zulauf375,F,GENERAL PRACTICE,170 MORTON STREET,JAMAICA PLAIN,MA,021303735,42.299067750000006,-71.10124351911541,42,0
7aa80116-617a-3987-b30a-7ee9a301690e,13161e5b-02d2-3d19-8b48-26ef0becfc83,Erasmo545 Crooks415,M,GENERAL PRACTICE,165 CAPTAIN'S ROW,CHELSEA,MA,021504019,42.3917638,-71.0328284,39,0
311ee173-b640-3f63-92bc-d625503fe27f,c7b63332-fdc7-3ab3-936b-284b931a9f6a,Bertha558 Nolan344,F,GENERAL PRACTICE,55 COOPER STREET,AGAWAM,MA,010012149,42.080218599999995,-72.61816103207964,13,0
d382e8b0-4c9b-3853-b463-55c4b413ac20,ccb716b1-277f-3eff-999f-3ac0df45713a,Mahalia897 Boehm581,F,GENERAL PRACTICE,25 LAFAYETTE ST,MARBLEHEAD,MA,019451939,42.4938348,-70.87382362834484,9,0
92a4406f-c6f9-3861-97c1-241383a880ef,a3327df4-d092-350b-b551-e60c82076c9a,Debra128 Predovic534,F,GENERAL PRACTICE,46 NORTH MAIN ST,W BROOKFIELD,MA,015853232,42.23754835,-72.13791547215251,7,0
9c64ea8d-544a-37a3-9e6f-1c750289ce58,aade280a-3b90-3e48-9648-91109a964a63,Josef103 Klein929,M,GENERAL PRACTICE,909 SUMNER ST,DARTMOUTH,MA,027473826,41.6332267,-70.9879928,13,0
0e213be6-f9cf-3723-8332-17516601fdc9,e59fb2d5-508c-38c6-af2e-21d8216dd2b0,Nicholle822 Fisher429,F,GENERAL PRACTICE,759 CHESTNUT ST,WARE,MA,010821625,42.256476,-72.237482,55,0
cce2fd28-506c-315d-a3dc-e4703a81042d,7a3b8310-02eb-3c47-aa1b-3f55b3ed9de9,Leif534 Dare640,M,GENERAL PRACTICE,6 HATFIELD ST,NORTHAMPTON,MA,010602545,42.333172950000005,-72.6566355591273,77,0
fb623ca0-51ae-30e3-b133-397b2c9207f0,0f9d1260-db33-3483-b2b6-5483cfcb739c,Lizette501 Lebsack687,F,GENERAL PRACTICE,361 WOODWARD ST,WABAN,MA,024682027,42.326011949999994,-71.2254251580706,28,0
c71f2cc5-1fd4-3fc4-be81-7d036c4a4704,ad007cc5-a3df-3aa7-886d-5123ab59d189,Tiesha180 Maggio310,F,GENERAL PRACTICE,85 N WASHINGTON ST,NORTH ATTLEBORO,MA,027601634,41.98443775,-71.33190349847027,1,0
92d9d5e0-81de-3123-bb8d-8e5992596a54,980d9bfa-a344-3bff-8c02-232dd0e8fd34,Pearlie554 Lakin515,F,GENERAL PRACTICE,100 TRADE CENTER SUITE G-700,WOBURN,MA,018011851,42.4792618,-71.1522766,18,0
20cf8c38-b889-354c-94a2-017f0615b097,794b1cc2-97be-30a4-83a0-4bf6add43c74,Hugo693 Gutmann970,M,GENERAL PRACTICE,215 THATCHER STREET,BROCKTON,MA,023023949,42.0740963,-70.99660306096918,1,0
a0e34e8a-4d25-3565-be80-a3e99168ee7c,440fa4b8-c731-3cf5-81d9-aa3f30a37b95,Joanna347 Abbott774,F,GENERAL PRACTICE,41 & 45 MALL ROAD,PEABODY,MA,019602901,42.5278731,-70.9286609,605,0
908e5d54-d2cc-3d52-9399-2e5cac961d5c,0fab3c4e-a028-39a6-b15a-be5a88b6aa2a,Miyoko154 Paucek755,F,GENERAL PRACTICE,222 STATE STREET,LUDLOW,MA,010563437,42.15547415,-72.47222226666076,166,0
1c8b4718-2b8a-3573-ae4e-44fe13037811,3b021cb6-4745-3d9d-8436-230055f770bd,Lola232 Collado928,F,GENERAL PRACTICE,148 CHESTNUT ST,NEEDHAM,MA,024943238,42.27728075,-71.23665362814043,181,0
e40e0c9c-38ed-3397-812f-f23cbb583d9a,7b95b4ab-5bb6-3abc-b0e5-02689f84228d,Audra143 Beatty507,F,GENERAL PRACTICE,20 POND MEADOW DR,READING,MA,018673261,42.516645499999996,-71.09917578750729,45,0
cbb36904-2876-398f-b6b2-fc3d23bff72c,aaa7ebaf-b1a0-38c1-ba89-a16712cf431c,Violette536 Halvorson124,F,GENERAL PRACTICE,16 PLEASANT STREET,BRIDGEWATER,MA,023242420,41.98625885,-70.97978204646246,12,0
dc0607aa-9d62-3352-8249-922b311c525f,ce53c877-0290-390a-b4b4-2462001a1713,Greg949 Hilll811,M,GENERAL PRACTICE,847 ROGERS STREET  SUITE 201,LOWELL,MA,018524345,42.6275246,-71.27673639687623,11,0
5812f7ff-e29a-3374-acbb-8fe58f72af5d,34f0b10a-5e29-31de-a75e-e0bb03c0c0d4,Dierdre747 Leuschke194,F,GENERAL PRACTICE,56 COLPITTS RD,WESTON,MA,024931568,42.36610065,-71.3036759,39,0
0c5f7b44-c8da-385e-ba59-1fb62e36b987,57e4e5fa-d68d-3caa-a5ad-37beb1b51207,Latrina689 White193,F,GENERAL PRACTICE,800 WASHINGTON ST,NORWOOD,MA,020623487,42.1886973,-71.2005241,3,0
7089d508-3f6c-36e8-9d0b-1461dfd12ece,2befa435-3070-3350-a15c-e43ac1e84b24,Dee580 Schuster709,M,GENERAL PRACTICE,575 BEECH STREET,HOLYOKE,MA,010406604,42.20105435,-72.628169560868,4,0
4be2ec85-76b9-36c1-ad72-d94013fca9ff,00ffb204-07b4-3c72-a678-fa252e6cf86c,Alex454 Satterfield305,M,GENERAL PRACTICE,450 BEDFORD ST,LEXINGTON,MA,02420,42.47370735,-71.25090005,41,0
23fcc6bc-0e2c-353d-8719-f907b2b513d6,b8421363-9807-3b16-a146-95336eea5cfb,Catalina187 Covarrubias273,F,GENERAL PRACTICE,30 LOCUST ST,NORTHAMPTON,MA,010602052,42.33032115,-72.65330802608176,342,0
fda33dd3-e4ae-31b9-a0e2-c06778973bf4,945104f1-4b95-3eed-bd02-5efa0afbf34d,Randolph418 Keebler762,M,GENERAL PRACTICE,20 CENTRAL AVE # 506,LYNN,MA,019011201,42.46410018181818,-70.9465129090909,4,0
7c9f6c55-2293-3aff-975f-0beeedfebfb1,901c2d40-1ca3-3879-9a20-c663b8adc0a9,Emory494 Schuster709,M,GENERAL PRACTICE,800 WASHINGTON STREET,STONEHAM,MA,021802445,42.4863168,-71.0928919,402,0
12d9cbbc-82ac-3c65-b668-595f41a99897,6170552c-4d27-3e64-8068-64a380f1837d,Leo278 Pacocha935,M,GENERAL PRACTICE,76 SUMMER ST,HAVERHILL,MA,018305814,42.7786873,-71.07306505177553,414,0
8b4d24df-c39e-3b29-95a0-58108b3a7c48,b9e35b8a-9831-32d8-a6dc-d7a546c126b0,Venus149 Blick895,F,GENERAL PRACTICE,111 HUNTOON MEMORIAL HIGHWAY  1ST FLOOR,SPRINGFIELD,MA,011092550,42.1018764,-72.5886727,506,0
4854376b-1c53-3786-a152-ccca3623e904,7a75decf-7d3f-3b0d-8c2b-3abf0a8c7f58,Olin642 Kulas532,M,GENERAL PRACTICE,169 LIBERTY ST,MIDDLETON,MA,019491003,42.615226050000004,-71.0144865346162,28,0
9ee16d7c-a658-36ca-8c8a-8f308cd2735c,18df2721-3f76-3f83-94d5-63597cedd298,Kylee806 Romaguera67,F,GENERAL PRACTICE,909 SUMNER ST,STOUGHTON,MA,020723396,42.1005097,-71.0830269025407,35,0
a321fb69-e49c-399e-a454-ce70c7bc5430,b1965e0b-9ef4-3e96-bad6-cb88ea7e7324,Jerrell6 Breitenberg711,M,GENERAL PRACTICE,1 HOSPITAL RD,OAK BLUFFS,MA,025571406,41.46063105,-70.57989080295974,152,0
d3ffd7bd-a564-356b-98e5-cf2fa2cee0b9,970993ce-f590-3150-9733-0e02c569b87f,Anthony633 Wilderman619,F,GENERAL PRACTICE,150 YORK ST,STOUGHTON,MA,020721829,42.144646800000004,-71.09875876961266,1,0
c0587a82-bb60-38f6-9bd4-0c07841f4dde,328f813e-4de8-3ec2-a113-43f3ddfb0b2a,Eldridge510 Roob72,M,GENERAL PRACTICE,30-40 WESTPARK STREET,BROCKTON,MA,023015241,42.0834335,-71.0183787,29,0
8f346daf-d39d-32eb-bdcc-84632ba2ca58,8d110f42-6f75-3751-b0c5-b45ab08333a1,Shonna561 Feest103,F,GENERAL PRACTICE,88 WASHINGTON ST,TAUNTON,MA,027802465,41.9062805,-71.09518121351795,105,0
48a127c1-7905-34d4-ae8a-ecab854caaa5,200746fc-5d0f-3ec7-a2a9-3d9a219ee139,Latrisha74 Rippin620,F,GENERAL PRACTICE,800 CUMMINGS PARK  SUITE 3100,WOBURN,MA,018016355,42.4977745,-71.1237712,10,0
42805e8c-ceb0-3ebd-bc4f-2d1e9812d8a8,dd3307db-114c-3f11-be44-a9eef6bb3fc5,Francis500 Ratke343,M,GENERAL PRACTICE,269 UNION STREET,LYNN,MA,019011201,42.4652772,-70.94362420273097,19,0
9c35b357-799b-3423-838a-547e76ea1d95,36d96ba1-1b43-3fda-b4b0-84205d5b3a16,Nickie321 O'Conner199,F,GENERAL PRACTICE,10 BELLAMY ST,BRIGHTON,MA,021351502,42.354847649999996,-71.16853348093532,2,0
237899c1-4db0-3729-a008-342e9dd735e4,15d4c950-4691-3996-b4c4-bf06bfb58ff7,Azucena377 Crona259,F,GENERAL PRACTICE,70 EAST ST,METHUEN,MA,018445883,42.7285558,-71.16833738237946,284,0
26addd79-1c97-352d-96df-8076e31aaee3,5018c664-e283-30eb-932a-529d9a19b3b5,Rochell365 Stehr398,F,GENERAL PRACTICE,300 SOUTH ST,WOBURN,MA,018014979,42.473347,-71.144086,1,0
982164a4-ea12-3ec7-9e3a-6803f2d1db80,2e8b42f8-4300-30a9-a576-d513d1021a0a,Chris95 Haag279,M,GENERAL PRACTICE,600 CLARK RD,TEWKSBURY,MA,018761699,42.63120935,-71.27023603178071,105,0
da066897-0e30-3f84-9cbc-8872b662b082,d140ed3f-2696-3e78-bd77-1c959ec4fc4d,Orpha286 Marks830,F,GENERAL PRACTICE,863 HATHAWAY ROAD,NEW BEDFORD,MA,027401916,41.6512968,-70.9669902070805,1,0
cb544228-0e93-3c38-8f74-85c70069f249,1cff30ba-b91f-3ea2-b80b-770d67856358,Duncan491 Halvorson124,M,GENERAL PRACTICE,359 JONES RD,FALMOUTH,MA,025403341,41.5591273,-70.60352436630029,5,0
d61079e4-9418-317f-90f1-079f8fb39e68,d4e48a16-0a60-3e90-81e5-c35b22ffe6af,Elmer371 Kutch271,F,GENERAL PRACTICE,856 STATE RD,NORTH ADAMS,MA,012473027,42.69967208677275,-73.16330754755236,2,0
c9fbf46e-fbad-33f9-8598-333e5b9f9f03,bccd7d67-203c-3d93-b6b0-bff5a146cd1d,Courtney281 Kihn564,M,GENERAL PRACTICE,286 WASHINGTON ST,STOUGHTON,MA,020721763,42.1384306,-71.1022598,31,0
bd34784f-f41a-3b4b-8a5b-4c9241a57032,63cb4d95-04a9-3a35-b5d9-f89e0377a48d,Chu728 Weber641,F,GENERAL PRACTICE,211 PARK ST,ATTLEBORO,MA,027033143,41.9419187,-71.2752081695297,278,0
55098a37-7450-30b4-9383-e84dd3a7db9b,6e290541-eba3-37fc-a3e2-e58f77e84c7e,Gregory545 Toy286,M,GENERAL PRACTICE,15 LENOX ST.,SPRINGFIELD,MA,011083122,42.085779,-72.55846414285715,47,0
fe9f71ec-eec2-3214-83cf-84011db85678,263d1b03-1560-3fc3-b93d-c33a0cbd5837,Nam74 Treutel973,F,GENERAL PRACTICE,10 RIVERSIDE DRIVE  STE 201,LAKEVILLE,MA,023471689,41.8771119,-70.92344635,12,0
4de26715-2dc4-3f2c-80f7-9482e2b622a3,32741060-a632-36de-907b-3c21caacf07a,Agustin437 Wehner319,M,GENERAL PRACTICE,455 BRAYTON AVE,SOMERSET,MA,027262642,41.7294555,-71.16190171707717,1,0
38313dfb-07ee-3036-a282-ae9e2900ff7f,a2a41caf-758f-3962-8e5f-e6e603f93d17,Rhett759 Padberg411,M,GENERAL PRACTICE,111 HUNTOON MEMORIAL HWY,ROCHDALE,MA,015421305,42.2020225,-71.89891616754682,4,0
0ce903b7-8b52-393d-8d5b-f959f969ae01,0d24cc89-3256-330c-b36d-d8de8babef84,Will178 Bernhard322,M,GENERAL PRACTICE,1030 FALMOUTH RD,SOUTH YARMOUTH,MA,026641218,41.6667779,-70.1847414,93,0
10885b58-a0a4-3620-a258-3fefdccf2daa,19a65317-5d32-355e-8f82-88933d48366d,Carl856 King743,F,GENERAL PRACTICE,5 PRECINCT ST,LAKEVILLE,MA,023471468,41.8455651,-70.95195924208448,49,0
e3beca7f-3e29-39a9-ad4d-7e82f873b6ff,844a8cb2-4164-35b2-88b8-dffa2889a738,Alonzo487 Conn188,M,GENERAL PRACTICE,150 UNIVERSITY DRIVE,AMHERST,MA,010022232,42.368937,-72.53247107203978,54,0
7c7f0323-aa0f-3e0e-aa13-7aea34c0438f,9d0e702d-50a0-3f4c-9126-0951d560fd4b,Otha286 Roberts511,M,GENERAL PRACTICE,189 MAY ST,WORCESTER,MA,016024339,42.25986305,-71.83597786023279,35,0
30287b5c-b7c6-3f7b-8e75-891621b87c90,ea8d287f-b3a9-3800-8798-788e334ee406,Shirly501 Kuphal363,F,GENERAL PRACTICE,81 HIGHLAND AVE,SWAMPSCOTT,MA,019072928,42.4699241,-70.9171507,403,0
29e076b4-1efe-3047-a324-af72de657352,c7542447-e06e-32cb-b6db-243c23a0dbc2,Carson894 Krajcik437,M,GENERAL PRACTICE,30 WARREN ST,BOSTON,MA,021353602,42.3501483,-71.14393324457691,533,0
d6332f2a-888f-33d1-ad52-ee2e52171fc3,8bf5325a-c11b-35c4-b07d-17a5aeba8353,Penni796 Okuneva707,F,GENERAL PRACTICE,815 WORCESTER STREET,SPRINGFIELD,MA,011511001,42.1018764,-72.5886727,10,0
d4272d79-6561-39ba-8c07-23722d472c1b,46375470-1e20-3ddc-8dc5-010ba53826b6,Jude172 Reynolds644,M,GENERAL PRACTICE,40 WRIGHT ST,PALMER,MA,010691138,42.16934095,-72.34120457065711,10,0
f7407b64-3e43-3fa6-aba3-b6aac83d751c,9d2a1656-0f4d-30d1-bc63-eb365a05529c,Maynard46 Ward668,M,GENERAL PRACTICE,235 N PEARL ST,BROCKTON,MA,023011794,42.09805395,-71.0609587194362,14,0
0342e7b2-4b6d-32a0-9c55-7827d8f5b1e6,aba3e6f6-4562-342e-b90f-dd61b117f394,Norbert530 White193,M,GENERAL PRACTICE,438 CHESTNUT STREET,SPRINGFIELD,MA,011072008,42.11291091861002,-72.59692685125127,34,0
34c4df88-f6d5-38d8-bb87-3a7cfc858f82,30547c24-6d41-3a9d-8a21-cc3606224d38,Aurore252 Farrell962,F,GENERAL PRACTICE,1200 BRUSH HILL ROAD,MILTON,MA,021862337,42.23073215,-71.122659913074,1,0
24392bae-c3d7-35d2-a8df-d83b19bbfb53,ca8a919a-05f9-3687-bfb6-42800a70031e,Clair921 Flatley871,F,GENERAL PRACTICE,6111 OAK TREE BLVD STE 301,FRAMINGHAM,MA,017014613,42.3095704,-71.4413097,57,0
cff54d15-0b72-3974-a098-e4f533643804,eee00932-ca82-36bc-b7e8-e3fff6dbaeaa,Leif534 Hane680,M,GENERAL PRACTICE,450 BROOKLINE AVE,WEYMOUTH,MA,021893141,42.2212188,-70.9391625,94,0
075370ef-07ea-3300-8709-8a737c3e1846,f087b01f-da5c-3db6-bb6d-8a3cf3e630c5,Gloria696 Coronado577,F,GENERAL PRACTICE,255 PARK AVE,WORCESTER,MA,016091989,42.26491135,-71.8185187,35,0
110f8303-efa2-3425-ab28-8400b0b71922,065eba51-cef7-3976-8654-ba8e7df887ce,Lyndon118 Block661,M,GENERAL PRACTICE,1165 NORTH PLEASANT STREET,AMHERST,MA,01002,42.40927615,-72.52971238527101,3,0
8895305d-d07a-3136-9c7b-125bd314b37a,9fbf3c5e-5f22-3b9f-9032-39d6de320874,Delois358 Langosh790,F,GENERAL PRACTICE,150 FLANDERS RD,WESTBOROUGH,MA,015811017,42.2770724,-71.5679154706427,129,0
71d91819-5064-3f42-8180-f0b55e964432,bce5b907-584b-345d-bbcf-912cf56cb6c3,Monte325 Parisian75,M,GENERAL PRACTICE,11-15 SANDERSDALE ROAD,WORCESTER,MA,016032467,42.0667952,-72.0084995,17,0
4d17001f-a4e4-3c1f-92ae-beba4a4237e3,f99f149d-87f2-3900-b433-d2d87144e34e,Esteban536 Metz686,M,GENERAL PRACTICE,1 HOSPITAL RD,OAK BLUFFS,MA,025572747,41.46063105,-70.57989080295974,5,0
16579ae3-b834-3199-95ac-c874a50d012c,3ff0f58b-7a1f-3334-9449-ff15f68b7d86,Crystle668 McCullough561,F,GENERAL PRACTICE,275 SANDWICH ST,PLYMOUTH,MA,023607761,41.94186605,-70.6455366462985,39,0
d9b7b407-cb05-34d5-9511-7f7283520cbd,70e3ad4f-b9ff-3f3e-9990-2cd7e23a9d1c,Tambra47 Bosco882,F,GENERAL PRACTICE,1238 RIVERDALE ST,WEST SPRINGFIELD,MA,010894675,42.1373438,-72.62624707492338,67,0
ea08a386-5dfe-33b1-88e5-d87686f38f5e,75846b1f-d0ec-3255-9bdd-d09eb0a9dd0d,Vanita165 Bartell116,F,GENERAL PRACTICE,575 BEECH ST,HOLYOKE,MA,010402296,42.20105435,-72.628169560868,80,0
a4ffc051-665e-3c3f-a595-0bef4339fd88,dd280187-8662-3732-af81-595d10572911,Clifton91 Lakin515,M,GENERAL PRACTICE,4499 ACUSHNET AVE,NEW BEDFORD,MA,027454707,41.74026055,-70.9450945705336,30,0
a1b07ad4-b9df-3365-ba40-632efe011179,a6964d47-8af0-3df2-b99d-d8414eb1cfa3,Adrienne302 Schiller186,F,GENERAL PRACTICE,200 MAY ST,SOUTH ATTLEBORO,MA,027035520,41.924394750000005,-71.36076410900014,161,0
e50cc64d-c465-32ae-a2d8-f6611fbbb1f1,dae3ee01-f383-366e-9ad6-dc92963064ea,Orville751 Will178,M,GENERAL PRACTICE,1233 MAIN ST,HOLYOKE,MA,010405381,42.16578055,-72.63389634691956,533,0
1697fad5-35a0-313a-9417-bd1f904fe6fd,6d947ed4-9b7f-3720-8141-67109691d2e7,Kenia28 Eichmann909,F,GENERAL PRACTICE,73 Eagle Street,Pittsfield,MA,01201,42.451427,-73.25195,47,0
3233049f-07fc-3c1f-944e-a3e3313547ba,2c708a72-2e25-36a1-8209-d2a708874eff,Eusebio566 Strosin214,M,GENERAL PRACTICE,1324 BELMONT STREET #202,BROCKTON,MA,023014435,42.057156895761736,-71.06994368825448,2,0
983e4f74-5cc5-32a9-999e-0590e78f049e,dac75bc1-cbfa-306b-9a0a-88d5edf3638d,Henry768 Ebert178,M,GENERAL PRACTICE,170 COREY ROAD,BRIGHTON,MA,021358244,42.3433093,-71.14003855124017,13,0
3bf7412a-75ea-3d0a-a353-2b54449dd4dd,63b4f233-fb49-3b1e-a17c-2d572367b131,Jerry654 Baumbach677,M,GENERAL PRACTICE,2222 CENTRE STREET,WEST ROXBURY,MA,021324034,42.27370345,-71.15856364656862,3,0
a1d25df1-4611-3136-a437-e30ccc3724c7,9d283097-e706-3421-8b98-948b1fdadf30,Shaun461 Jast432,M,GENERAL PRACTICE,42 PROSPECT AVE,WEST SPRINGFIELD,MA,010894510,42.157666846720865,-72.63485704670578,1,0
adbe2459-c134-3e00-8a0d-0be9fe6a2cfa,92d919ab-8380-3fda-a5f1-838e69b819c1,Velda682 Gutmann970,F,GENERAL PRACTICE,300 TRADECENTER STE 4750,WOBURN,MA,018017420,42.4994143,-71.161659,14,0
c2a6af0f-ec49-3438-a611-ac776ba9068f,87472bc2-7c23-37cc-8355-7f3e88614b6b,Leilani136 Kris249,F,GENERAL PRACTICE,305 MAPLE STREET,EAST LONGMEADOW,MA,010282765,42.059258494749486,-72.53388585052694,4,0
34402fb6-6280-3d6a-ae53-9134d6f4e91f,b69bccdc-5ad3-3ded-a018-3cd8f369c9d2,Marleen824 Ziemann98,F,GENERAL PRACTICE,120 S MAIN STREET,CENTERVILLE,MA,026323246,41.649898300000004,-70.34309844876677,6,0
587ba701-0fbf-3286-9c75-064a9cc682bc,542185c1-943a-30f4-aba0-0efaa92488a4,Luetta803 Rau926,F,GENERAL PRACTICE,142 LAKE ST,ARLINGTON,MA,024764738,42.40328885,-71.15140830652837,13,0
1f0bf173-a66a-3605-af13-0d1d5396f952,a2cc09de-c1e2-3126-8c09-d49f95225281,Darnell564 Leannon79,M,GENERAL PRACTICE,300 LONGWOOD AVE,WALTHAM,MA,024532741,42.3756401,-71.2358004,97,0
b4088424-96f3-33f2-95d3-1f1538da7e15,9f2f60a6-87a4-3f45-b753-b63b5b7e9993,Maricruz991 Considine820,F,GENERAL PRACTICE,332 HANOVER STREET,BOSTON,MA,021131901,42.3647421,-71.0536619,94,0
cc46d9bd-7853-3e51-8bb3-3ec50e83e28d,44cb1162-a345-3477-8723-c202a3c8cdcd,Shaquita282 Graham902,F,GENERAL PRACTICE,73 W MAIN ST,HOPKINTON,MA,017481619,42.21799145,-71.54005509979045,121,0
4742a040-9edf-325a-af89-5cbdcc8c7cbd,f341c366-8313-3790-ab26-d8d27b116ff5,Augustine565 Greenholt190,M,GENERAL PRACTICE,80 LINCOLN STREET,WALTHAM,MA,024535465,42.39322121170625,-71.24104146434591,48,0
b892704f-8a31-3b23-acf6-cf852a79abc5,f312977e-8f41-3816-84cc-e5b12ba36955,Eldora89 Langosh790,F,GENERAL PRACTICE,1153 CENTRE ST,JAMAICA PLAIN,MA,021303446,42.3017598,-71.12855793387442,208,0
c6a0c08c-7ee3-37e1-af8c-cfdae6419976,c5403c4f-14d5-3171-9227-a9b8327f3149,Tyler508 Ferry570,M,GENERAL PRACTICE,52 OLNEY RD,CHICOPEE,MA,010202103,42.1487691,-72.6071119,95,0
fb64255b-e606-3510-a06a-d96f23ce4594,82248deb-13cc-31b2-8764-0233e159a93a,Lan153 Kemmer137,F,GENERAL PRACTICE,19 DEPOT STREET,ADAMS,MA,012201856,42.623644600000006,-73.11852130252683,28,0
9a70e750-72fd-3969-91f3-bca432307cbf,ce4d0501-49eb-396a-bc56-545fdfc624b0,Bea654 Daniel959,F,GENERAL PRACTICE,1 HOSPITAL RD,OAK BLUFFS,MA,025571406,41.46063105,-70.57989080295974,641,0
401985da-0c05-3081-8214-31bf46bc3f93,e69e7cbb-8362-30d1-83f2-3a0c492fe2b1,Chris95 Kub800,F,GENERAL PRACTICE,110 LONG POND RD,PLYMOUTH,MA,023602642,41.9255829,-70.65514326847389,37,0
ee084e96-b79e-34e4-a8e9-98ce088fa5cf,1ef8d603-bec1-35f5-a830-2a0b919cf47f,Dudley365 Kutch271,M,GENERAL PRACTICE,1801 TURNPIKE STREET,NORTH ANDOVER,MA,018456322,42.6355548,-71.0761760490546,1,0
9ce67614-c10e-3605-9b6f-d84c4de7ac17,9e469108-97a0-350a-b6ba-be2a286b3dcc,David908 Mueller846,M,GENERAL PRACTICE,150 FLANDERS RD,WESTBOROUGH,MA,015811017,42.2770724,-71.5679154706427,143,0
0fd8bfcd-93c6-3395-805b-da846ecee0f2,afc661fd-71d9-3fc3-adf2-3fc3b5e8a140,Leontine92 Schmeler639,F,GENERAL PRACTICE,680 CENTRE ST,RAYNHAM,MA,02767,41.9487118,-71.0731008,83,0
2182cb0e-a44b-3f98-b626-73bdf272671f,759de184-595f-3131-ba20-6a412553496d,Marco578 Pacocha935,M,GENERAL PRACTICE,49 THOMAS PATTEN DR,RANDOLPH,MA,023683901,42.1594587,-71.06112167252701,1,0
dab12ec1-8ffb-3428-9a1f-58b1be0c7947,db106514-f254-3402-b6a4-6d210c78c7e2,Kimbra238 Runolfsdottir785,F,GENERAL PRACTICE,211 FRANKLIN STREET,QUINCY,MA,021697833,42.23691085,-71.00237199954586,4,0
fca25cff-ed12-3564-9e70-7ef7b6b6a6b6,ee7fab6f-6438-394f-b1f2-3e452f8f055a,Domonique463 Satterfield305,F,GENERAL PRACTICE,75 BRIMBAL AVENUE,BEVERLY,MA,019156009,42.570099299999995,-70.87108224250409,198,0
469e7d05-9d85-3d8a-b8ad-3f639f00c4b0,1ce0d1a3-b507-3ad1-afc5-b25bfe48b8dc,Margarito178 Welch179,M,GENERAL PRACTICE,10 PEARL STREET,STOUGHTON,MA,020722364,42.125716800000006,-71.1025481568314,3,0
a370b19f-c4a0-3d28-806d-7a4e657f937e,a2d45ee8-b930-3169-b612-f602961ad212,Florance664 Leannon79,F,GENERAL PRACTICE,37 MINUTEMAN WAY,SHREWSBURY,MA,015452229,42.288207,-71.73443816915585,28,0
ed0c1295-a48d-3f5e-896a-2fc69d7cbc5f,817f4acb-0184-3146-9ce0-87197d8f115a,Julienne688 Buckridge80,F,GENERAL PRACTICE,30 NEWCROSSING RD STE 301,READING,MA,01867,42.51809619399502,-71.0959083715027,39,0
41ca1e00-1b0d-3fa9-beeb-aa8887391217,4fa643ae-1f58-3c2e-9f33-0ba56345ad10,Trevor374 Williamson769,M,GENERAL PRACTICE,361 MAIN ST,WAREHAM,MA,025712153,41.761384899999996,-70.71911431737183,36,0
6e9f4243-2141-3cb8-b553-e44ae9fdfb09,e98ef46c-e94c-34bc-9cf5-134d8ddcbac5,Patsy569 Olson653,F,GENERAL PRACTICE,10 EMORY ST,ATTLEBORO,MA,027033002,41.9447388,-71.27972821642685,2,0
1e0e60eb-e638-339a-965e-52cf31c3409f,2b97893e-dc50-378b-a266-f089b8450329,Eva64 Tamayo777,F,GENERAL PRACTICE,250 MOUNT VERNON ST,DORCHESTER,MA,021253120,42.3194571,-71.04610844302991,53,0
05619b94-5a82-3682-ba75-989c2c323a7b,d0894f6b-78d7-338d-82ad-b63de4d40014,Lynsey2 Lemke654,F,GENERAL PRACTICE,330 MOUNT AUBURN STREET,WALTHAM,MA,02452,42.3756401,-71.2358004,32,0
bd6e1270-97e7-339a-91f1-56f69d93c6b9,02661a4d-56da-3bfb-8ca0-0ecc77ba9fa6,Jacki842 Koepp521,F,GENERAL PRACTICE,30 CAPITAL DR STE A,WEST SPRINGFIELD,MA,010891359,42.13809525,-72.62351832623938,4,0
55bc6825-0844-3958-a220-907ade074451,310d02fb-ba0c-3b5a-9ab3-8d7bb8e7b661,Lauren941 Farrell962,M,GENERAL PRACTICE,709 WASHINGTON STREET,CANTON,MA,02021,42.1561851,-71.1452049,53,0
ac0746d3-17d4-3aa2-a742-1a27b53bfc3d,03c5769d-b185-35ee-b563-9e651cff95bc,Delbert384 Rohan584,M,GENERAL PRACTICE,807 WILBRAHAM RD,SPRINGFIELD,MA,011092067,42.1108434,-72.5341133,1,0
4207ea9d-23ce-32c7-8ece-8c97179b079d,88975fd9-b47e-3af6-af78-c58e1ecf0d5e,Azzie965 Feil794,F,GENERAL PRACTICE,115 W SILVER ST,WESTFIELD,MA,010853628,42.1178811,-72.75935246865802,1,0
915d69e5-9e68-3cd2-abbf-9a7a8edd22ad,46e66051-c061-3c31-b439-1d71df92db1c,Bree992 Denesik803,F,GENERAL PRACTICE,11 NORTH ST,STONEHAM,MA,021801040,42.50329135,-71.10023035268328,3,0
b84a6b38-3ecf-37c0-b1c6-f21a24213ffc,52efa2e5-007f-3396-a83a-28ca015f0595,Walton167 Turner526,M,GENERAL PRACTICE,20 N PARK AVE STE 2200A,PLYMOUTH,MA,023604090,41.960434631488596,-70.67007876763536,6,0
78320857-f558-3f8d-8ad5-39d3c081dd6d,edd58f69-ad5f-346b-b1f9-530ccdc895f6,Shawn523 Padberg411,F,GENERAL PRACTICE,52 CARPENTER ST,ATTLEBORO,MA,027032472,41.9369576,-71.27996091755344,75,0
8e470917-0f67-3a60-9f9e-3aa98d5bb51b,069b90f9-309b-35e4-b990-d1dbacb962cc,Thomas756 Strosin214,M,GENERAL PRACTICE,36 LOWER WESTFIELD ROAD,HOLYOKE,MA,010402749,42.16975305,-72.63488031242107,34,0
051e5ded-969f-3be6-accb-3078cbf209ce,e5ce3b83-f5e6-308d-aa64-82539fc2d906,Kyong970 Dach178,F,GENERAL PRACTICE,1842 BEACON ST,BROOKLINE,MA,024451922,42.33728028715071,-71.14536064081996,2,0
63cc531e-8360-32b1-8e98-c1fd52a8557c,a2047ff6-62f2-34d7-beb9-7e164d989c75,Frederic454 Larkin917,M,GENERAL PRACTICE,1200 CENTRE STREET,ROSLINDALE,MA,021311011,42.29768,-71.130463,11,0
3ac61d42-e657-36ba-9089-a3de85a4dca7,5d0d1d11-dd8a-3d28-b029-93062b6798a5,Tamika537 Flatley871,F,GENERAL PRACTICE,378 PLANTATION STREET,WORCESTER,MA,016052324,42.27966095,-71.7626143755108,2,0
77079866-e0d8-3440-b9b7-69556153cf9a,48a6d3ab-50ef-349e-8945-2558a78f378e,Mercy752 Kuhlman484,F,GENERAL PRACTICE,795 MIDDLE ST,SWANSEA,MA,027774114,41.730919,-71.208117,58,0
80ff1dd7-ea33-3dbd-b5f0-5f35cb51f5f9,0a8a4b11-d0b8-3cd2-92cd-983de5189cfa,Angelena945 Nicolas769,F,GENERAL PRACTICE,111 BIRCH STREET,LYNN,MA,019021574,42.47859105,-70.93458444045801,21,0
c43bbe9e-d06e-354c-8d01-678d2730e94b,cabc0f0d-dcca-34a2-bc6b-519ed1cc7f74,Elicia233 Huels583,F,GENERAL PRACTICE,191 MERRIMACK ST STE 712,HAVERHILL,MA,018306199,42.7742236,-71.08181133783422,57,0
afa96ca5-740f-39d3-91ae-72c4d52746ca,7b7ce654-a413-37d1-9d34-97240c0ac580,Landon622 Kihn564,M,GENERAL PRACTICE,1 WRENTHAM ST,BELLINGHAM,MA,020192532,42.025037350000005,-71.48945118224057,6,0
cfce7625-0e6a-3d94-b6cf-722c607f5f8e,f1c6e386-ed52-3f97-a2b0-4e21ad2d0966,Rhonda22 Bins636,F,GENERAL PRACTICE,54 COURT ST,TAUNTON,MA,027803201,41.9028629,-71.09718927122583,62,0
2bceae1f-d527-3259-9be4-470481329610,7b20d1c4-c56b-3647-801c-5e4e13679073,Mozell819 Prohaska837,F,GENERAL PRACTICE,275 SANDWICH ST,PLYMOUTH,MA,023602183,41.94186605,-70.6455366462985,38,0
221128d8-f0f8-3a20-8c1f-58fe5fb10bec,880c8804-deb0-35b0-9132-06950118b8b3,Elijah719 Flatley871,M,GENERAL PRACTICE,150 LINCOLN STREET,NEEDHAM,MA,024922914,42.2743931,-71.23662905222776,9,0
7b1907ed-f9fd-3270-b5e9-e821a4c24a86,3e97ce4f-3ad7-3cea-883f-e2bb4ca89d83,Dan465 Swift555,F,GENERAL PRACTICE,30 NEW CROSSING RD,READING,MA,018673270,42.51809619399502,-71.0959083715027,103,0
167e0861-c01d-3c9e-b640-8a69219785c8,e982819a-87b3-3124-a0f2-85f8afcc7731,Heather971 Goldner995,F,GENERAL PRACTICE,140 COMMONWEALTH AVE STE 202,DANVERS,MA,019233625,42.5524742,-70.94443165548033,70,0
0f6c0122-6ef0-35bc-b08a-1ffa38822a0f,46daa26f-fda5-38a9-9c45-fda430d28fa6,José3 Orellana194,M,GENERAL PRACTICE,25 RAILROAD SQUARE  SUITE 501,HAVERHILL,MA,018325721,42.7736752,-71.08561759491305,13,0
ba4da3aa-67f1-3443-82e0-3f64253903a5,c0132cf6-1703-3aad-89b4-cc2f2bbc123e,Neville893 Schoen8,M,GENERAL PRACTICE,66 NEWTON STREET,WALTHAM,MA,024536058,42.3746705,-71.22789736306842,1,0
7fe1eb33-dae9-311b-8826-29df25ee2840,d5920b72-ac1a-3ec4-81ca-e3b75cb7aadd,Donovan745 Daugherty69,M,GENERAL PRACTICE,251 Causeway St.,Boston,MA,02114,42.3665,-71.05931,53,0
11b40a8f-943f-37b0-a11b-f29b0c09c5a2,4f59f709-8b84-3d27-a04b-c6b7b5544413,Jamison785 Davis923,M,GENERAL PRACTICE,70 BOLTWOOD WALK,AMHERST,MA,010022271,42.3768779,-72.51840280783739,189,0
de43df8f-6212-30fe-b8a2-45b654f13fdf,c4e5b33c-17b8-3f51-a8ba-a327d54e642a,Kaila152 Dibbert990,F,GENERAL PRACTICE,94 N ELM ST,WESTFIELD,MA,010852917,42.1322823,-72.7436679,17,0
5df91718-f4af-31ea-95b2-4d5846a267ec,6d6ef57e-b2ce-3a69-bacf-4305c51834b0,Lesha323 Skiles927,F,GENERAL PRACTICE,186 HIGHLAND AVE,SOMERVILLE,MA,021431507,42.38845955,-71.10666839512322,2,0
3dcc1430-09b4-3594-b529-d3f0c6cc6ce6,c25911bc-3240-358a-86ce-5f45bb8f0c53,Brock407 Hammes673,M,GENERAL PRACTICE,325 WOOD RD,WELLESLEY HILLS,MA,024812188,42.3130588,-71.2738201,28,0
330b9647-d099-3736-9599-4aef9ad0f91c,552ede7f-2ba4-39ef-9217-29d27b89b8a7,Gordon377 Reichert620,M,GENERAL PRACTICE,87 SHATTUCK STREET,HAVERHILL,MA,018302319,42.796917699999995,-71.05216081525802,28,0
2848813b-66c4-3b72-8a45-a9114df46971,79d49935-bcc0-36ca-920b-45365c367438,Sherita708 Hudson301,F,GENERAL PRACTICE,409 W BROADWAY,SOUTH BOSTON,MA,021272245,42.336831,-71.047958,40,0
3bbc345e-1559-343b-bd7c-e0249cfcccaa,0f2c58ec-5323-3c0f-9bdf-af0df7eb2a2b,Owen89 Boehm581,M,GENERAL PRACTICE,130 DORCHESTER STREET,SOUTH BOSTON,MA,021272642,42.3334312,-71.0494949,3,0
f28a3214-f1ac-3673-9b4a-def68ce5dd36,680532c8-2661-3b39-875a-b6ec0746ccf5,Jolyn4 Dach178,F,GENERAL PRACTICE,30 ATHOL ST,ALLSTON,MA,021341124,42.36075595,-71.13397379082869,83,0
6a7c48a8-7e2f-3eb1-9850-0023b9134732,51370692-6296-3150-8672-559fc73f964f,Almeda560 Okuneva707,F,GENERAL PRACTICE,75 FRANCIS ST,WEST BRIDGEWATER,MA,023791542,42.0219112,-71.019004,691,0
ceb537fc-9d4a-3c77-92f3-b237b5b1bcdc,10dcd91e-6eda-385b-bafb-d5e1ae92dc34,Adolfo777 Abernathy524,M,GENERAL PRACTICE,677 W MAIN ST,HYANNIS,MA,026013493,41.652312699999996,-70.32027525205335,63,0
4a013ab8-b20f-3f52-b3b5-51c15747865f,c6b019eb-28ec-36f6-abf3-bcc4d1d58966,Sherwood961 Aufderhar910,M,GENERAL PRACTICE,33 AVON ST,WAKEFIELD,MA,018802310,42.50403445,-71.07462951514611,76,0
19759079-ae89-3bb7-8e19-7e26fd01f1d2,b3312a2d-37e9-35a8-b50d-6c165c437baa,Lorretta561 Reinger292,F,GENERAL PRACTICE,45 DIMOCK ST,ROXBURY,MA,021191029,42.32030665,-71.09721114916246,31,0
358ddb9e-8e37-385d-8c5a-f57ef80abb18,2836d9ac-c6a6-39d1-8f13-fdf0fc8928f4,Carlton317 Koch169,M,GENERAL PRACTICE,365 EAST ST,TEWKSBURY,MA,018761950,42.6069472,-71.2180803,202,0
99aa35f1-62cd-3d86-8e59-42891ea8191d,7dddc0c2-9f1d-3e4e-b2f2-fc7e6abbed31,Genevie117 Gibson10,F,GENERAL PRACTICE,160 MERRIMACK STREET  SUITE 1,METHUEN,MA,018446117,42.7334079,-71.13599310716302,10,0
fdad7124-31d1-390d-923e-176d691345e8,82c72223-f521-3a34-9b9b-4ff366365399,Margaret865 Reinger292,F,GENERAL PRACTICE,2100 DORCHESTER AVENUE,QUINCY,MA,021691870,42.2509914,-71.0037374,598,0
fe252bc3-de16-33a6-966e-a54d28ed594b,423ee6a6-6928-3a01-a49d-9687361747a4,Rosa195 Valenzuela371,F,GENERAL PRACTICE,7 LORING HILLS AVE,SALEM,MA,019704267,42.48646565,-70.90338797731044,1,0
05eb0188-6037-3b14-9e8d-24e560fc078b,21989e2e-249c-3b79-acf0-240211e16b4b,Hung902 Ullrich385,M,GENERAL PRACTICE,1290 TREMONT ST,ROXBURY,MA,021203432,42.3327398,-71.09194864251029,29,0
02fe292a-d296-3b0d-85d1-f9c41c71cce0,a977feef-f585-3fa8-8deb-7e60fc2cab30,Kimbra238 Schulist381,F,GENERAL PRACTICE,2314 MAIN STREET,TEWKSBURY,MA,018763128,42.58023655,-71.19367180835906,3,0
b9deff06-053a-3c94-9924-1fc6d2e9e282,df3f566c-97e5-31ed-b0fe-4b452666f736,Sandie760 Rodriguez71,F,GENERAL PRACTICE,300 CHESTNUT ST,NEEDHAM,MA,024922477,42.27522125,-71.23743483674366,40,0
70612f65-09c0-314c-ba9c-b5704f6d8891,4705a8fd-19cd-32c1-8b3e-34bcfe84d0bd,Wynell591 Mayert710,F,GENERAL PRACTICE,55 N WASHINGTON ST,NORTH ATTLEBORO,MA,027601607,41.983529,-71.332241,63,0
093db232-51d7-3c6a-8734-0464ffe851d8,7345a4c0-52c6-3da2-8aef-fccb8ad3e8c4,Kendall673 Padberg411,F,GENERAL PRACTICE,114 TURNPIKE RD STE 206,WESTBOROUGH,MA,015812800,42.28414835,-71.60433295499837,1,0
2a613109-83e9-38b3-a5c0-4fc332946355,497f39dd-280e-3d58-af5b-c5e3a3a09b10,Arden380 Bergstrom287,M,GENERAL PRACTICE,27 PARK ST,HYANNIS,MA,026015230,41.65363635,-70.27352219234834,921,0
2a63d3b5-0ffc-3fc5-a65b-83d92435da5c,f2a6c4f7-f5b2-361a-95c4-3d635b352a46,Marshall526 Lynch190,M,GENERAL PRACTICE,546 SOUTH STREET EAST,RAYNHAM,MA,027671079,41.8984957,-71.03751432894776,11,0
178d1585-93c3-338e-baf0-0fd7bab464e8,0d7fd824-1c7b-3f8b-a662-f6c2005e82e1,Lyndon118 Trantow673,M,GENERAL PRACTICE,88 MASONIC HOME ROAD,CHARLTON,MA,015071394,42.1389039,-71.9782681,5,0
4404f5d7-4c5d-3747-ae87-eac5bc521d32,a525d084-5a8f-3859-a048-2130a4092ec8,Linette249 Runte676,F,GENERAL PRACTICE,2 MOUNT ROYAL AVENUE  SUITE 350,MARLBOROUGH,MA,017521976,42.34042135,-71.57841367654626,11,0
9f32c320-07bf-313d-87d7-744d03e9c222,accb8cdd-6560-3fef-b0a6-f12c3295026a,Gerardo48 Bergstrom287,M,GENERAL PRACTICE,969 PARK STREET,ATTLEBORO,MA,027035115,41.9266899,-71.2611303145582,19,0
1b6dc706-4c03-3a77-8fb9-38509a525e3a,1ab2b5f9-cb95-3236-beec-9b9d4a407c61,Latoria810 Eichmann909,F,GENERAL PRACTICE,725 NORTH ST,PITTSFIELD,MA,012014109,42.4600752,-73.2492795834909,20,0
8728be6d-2ee8-3e46-8473-4318db0b93f6,b527fddb-df64-393e-af45-82ea7a4b4d45,Cynthia180 Zulauf375,F,GENERAL PRACTICE,225 HIGH ST,HOLYOKE,MA,010406500,42.20728982352941,-72.60753205882354,24,0
ef053441-39e5-366a-b8a5-b68ced28a2b4,1bed5229-19d7-3168-94a2-f1f2abb00270,Nilsa143 Moore224,F,GENERAL PRACTICE,88 WASHINGTON ST,TAUNTON,MA,027802465,41.9062805,-71.09518121351795,11,0
7846a8fb-4fb9-3eb8-9038-60eff906e803,41e2a44c-477c-3511-96f9-12c476aa3b6a,Andrés117 Quesada500,M,GENERAL PRACTICE,85 E NEWTON ST,BOSTON,MA,021183553,42.336277100000004,-71.07085295687423,395,0
2dcf7fcb-a9c6-3611-99d8-3189c5a4e344,f00601d0-d49e-30ed-bc3e-314379f2103e,Elijah719 White193,M,GENERAL PRACTICE,490 MAIN ST,MELROSE,MA,021763841,42.4550741,-71.0654799,28,0
4216db97-3392-36d2-90b3-c37fdd7503c8,6df069d9-5273-32df-bee8-b6a5a20c2ece,Tamala194 Fahey393,F,GENERAL PRACTICE,474 West Main Street,Hyannis,MA,02601,41.650307,-70.313515,175,0
98836228-9454-3b5d-9010-5a80c290a8dc,5b0cd0a0-f277-3a66-bee6-d64b5be4a3f5,Waldo53 Hintz995,M,GENERAL PRACTICE,725 NORTH ST,PITTSFIELD,MA,012015493,42.4600752,-73.2492795834909,7,0
c30e9bff-3283-31ae-ad71-dd6fec12decd,79a06fd6-9f2b-35e3-9b11-0bc5ff89e17c,Waylon572 Kovacek682,M,GENERAL PRACTICE,225 Boston Road  Suite 107,Lynn,MA,01904,42.470093,-70.95994,613,0
c06b3752-e2aa-3ace-ac74-fb50f4849cc5,ad2dab07-4f85-3950-baaa-7c7cd2aa770c,Federico589 Kuhic920,M,GENERAL PRACTICE,55 LAKE AVENUE NORTH,WORCESTER,MA,016550002,42.2774799,-71.76166994969458,77,0
5572739e-09c1-36fb-bf67-a53bf0d70187,18b1bb7e-2f93-3253-a7ae-d19c13ffeaa1,Derick144 Bashirian201,M,GENERAL PRACTICE,29 E 29TH ST,WEST NEWBURY,MA,019854201,42.8014795,-70.989778,78,0
1e333589-b611-322e-8ceb-eb755222e325,67d2f85b-ddc7-3ed0-b90b-6fa5b7b8358a,Norah104 Jenkins714,F,GENERAL PRACTICE,43 FOUNDRY AVE,WALTHAM,MA,024538313,42.37050535,-71.21908334877376,25,0
a3442159-67ea-3aa3-9c0a-1275511605e7,0d9b0d22-585e-3fd8-ab02-26b5be7915d1,Duane703 Koelpin146,M,GENERAL PRACTICE,516 CAREW ST,SPRINGFIELD,MA,011042330,42.12133575,-72.59217953646302,307,0
98afb0c8-32ba-3ed8-8fa2-3c0e049860ac,0d1570ab-371c-3898-9397-95905d8c5166,Jose871 Dicki44,M,GENERAL PRACTICE,750 WASHINGTON ST,BOSTON,MA,021111552,42.3499038,-71.0631836,83,0
cee59187-f5fe-3dc8-bfef-f5cba20670fe,1853aeef-5897-326a-80d6-aa4b0459eb6d,Jewel43 Kassulke119,M,GENERAL PRACTICE,381 WICKENDEN ST,ATTLEBORO,MA,027032247,41.9438129,-71.2806515,10,0
6d33c0f8-e864-3003-90fb-78ca33e22274,bdaa3017-130e-34e9-b3ac-ca6d992e8b50,Theron432 Bednar518,M,GENERAL PRACTICE,150 WATER STREET,HAVERHILL,MA,018306213,42.77508795,-71.07182802882255,1,0
1c06efe0-cd8a-3f01-8f1d-84fbb468079d,22fa6d28-92b6-3446-a388-f5aba50debaf,Clarence5 Robel940,F,GENERAL PRACTICE,123 CAPTAIN'S ROW,CHELSEA,MA,021504019,42.3917638,-71.0328284,7,0
0aa254f5-c026-3c4d-8dec-fba99db360a9,2ca615f3-87f7-3283-a447-d919a883b676,Roberto515 Macías944,M,GENERAL PRACTICE,1399 WASHINGTON ST,HANOVER,MA,023391653,42.1441354,-70.8440854,1,0
d6c0b535-0105-311c-a128-02cf11493b63,689f8809-c101-38db-b3c9-580b4c37f268,Shonta375 Bins636,F,GENERAL PRACTICE,364 STATE RD,VINEYARD HAVEN,MA,025685624,41.44720825,-70.61474940346154,60,0
a9ba343f-ccc9-346e-9c50-330d41313072,7f32dd7d-5c35-3ddb-839b-8fbbb930d412,Luna60 Littel644,F,GENERAL PRACTICE,863 CENTRAL STREET,FRAMINGHAM,MA,017014813,42.30758060362541,-71.42846215724606,3,0
0adf31ef-4234-35f3-8d89-da13a3bd1e77,65bd3883-56ee-3eea-8e86-b7e677a30727,Dan465 Block661,M,GENERAL PRACTICE,150 FLANDERS RD,WESTBOROUGH,MA,015811017,42.2770724,-71.5679154706427,2,0
0180b38a-665c-3d28-9e76-6146f11eb491,0a689d33-2b0d-3942-8de8-e28812e91c69,Noah480 Pagac496,M,GENERAL PRACTICE,47 SEAVERNS AVE # 5,BROOKLINE,MA,024463806,42.3317642,-71.1211635,43,0
c1ffd0e1-b2f7-320c-a44f-c408a83f4c02,bb867d36-0c8d-33b4-b19c-a8c026655b6c,Tomás404 Morales679,M,GENERAL PRACTICE,200 KENDALL ST,SPRINGFIELD,MA,011042532,42.12161175,-72.57784860231564,3,0
e57bba61-7175-3ae6-bb85-872f729b4696,1b3fe590-8793-3f08-865d-01fc425a84d4,Mathilde204 Wintheiser220,F,GENERAL PRACTICE,1340 BOYLSTON ST,BOSTON,MA,022154302,42.34392675,-71.09888049065322,71,0
b2cc920d-57bf-358c-abf9-74e2db45e218,0be0e035-8dad-387e-bbdd-a5a469c4311f,Deane47 Howe413,F,GENERAL PRACTICE,480 MAPLE ST,DANVERS,MA,019234065,42.584178050000006,-70.97197467750539,64,0
04416bbb-ff96-3169-ab1d-c886081c710b,3f12ebb4-e03c-3453-88d2-4fc9682383df,Irina619 Stiedemann542,F,GENERAL PRACTICE,726 COUNTY ST,NORTH DARTMOUTH,MA,027473603,41.6389926,-70.9703171,21,0
ca0c96b2-2af3-35e8-a181-cabb03291598,8ec2ca51-abb4-35dd-b90f-6c6aad6d2124,Oda116 Conn188,F,GENERAL PRACTICE,22 JOHNSON STREET,PEABODY,MA,019602311,42.54644385,-70.99288129112277,9,0
b059befc-aa0d-395e-b144-6bc6b054a495,8af3b144-0e1a-3c90-937d-81a4ed026080,Guillermo498 Fay398,M,GENERAL PRACTICE,800 WASHINGTON STREET,NORWOOD,MA,020623489,42.1886973,-71.2005241,10,0
9dc211f3-fbba-3d6e-924b-3e4a9472b293,9fdce5d5-d4d0-3156-a8d5-8757bfe4e9b3,Martín25 Escalante498,M,GENERAL PRACTICE,1 FARMER CIR,ARLINGTON,MA,024742866,42.42405225,-71.16792616556859,4,0
32214748-ec9c-321f-81c5-1774a94239be,b014aec7-7bd8-351f-8808-3e280cbc5be6,Rosaria177 Volkman526,F,GENERAL PRACTICE,70 EAST ST,HAVERHILL,MA,018306700,42.7777829,-71.0767724,134,0
e7481a5f-2e9a-34d3-9900-b93dd4c37753,f1664435-2eca-3eff-bd1a-13701e7ad1bd,Rosa195 Marks830,F,GENERAL PRACTICE,300 PASTEUR DRIVE,NEWTON,MA,024592058,42.3370414,-71.2092214,34,0
e9d40914-e891-3d1b-8fb8-b9bd62458cb6,c5742266-625d-3824-9ed3-4b5c6bc3e296,Erica194 Goyette777,F,GENERAL PRACTICE,22 BRAMHALL ST,SCITUATE,MA,020664312,42.1939754,-70.7697128,78,0
1a6c948d-ecaf-354c-ae1f-3c61c32a9a56,52323856-2b6a-3c09-8277-7d4ff9cb325a,Robby860 Schuster709,M,GENERAL PRACTICE,99 PARK STREET,BROOKLINE,MA,024464406,42.3398029,-71.1238599,1,0
326745f5-2ebe-3583-af39-92bbaf342323,b242f971-3c74-3778-b148-81366c1e6a3f,Leland44 Bernier607,M,GENERAL PRACTICE,10 CAREMATRIX DR,DEDHAM,MA,020266149,42.2270762,-71.17237295563174,71,0
fedab8dd-639a-3142-a728-bf09ac36fbce,99a31e4a-04aa-334b-9e96-904f01483d93,Rusty501 Ward668,M,GENERAL PRACTICE,100 N BEACON ST,ALLSTON,MA,021341928,42.3536388,-71.1375978,1,0
27576abb-fea4-3740-915e-a418002fb03e,e5b9db6a-8dd8-3622-b9ce-3dc593e111d1,Harvey63 Tromp100,M,GENERAL PRACTICE,1223 BEACON ST STE A,BROOKLINE,MA,024465332,42.3430087,-71.1170155,104,0
1243e00a-b5aa-34b5-8a2c-017d0f4e9dfe,6929d249-cc27-33aa-a871-b6f26059615d,Luisa710 Casas271,F,GENERAL PRACTICE,ONE HOSPITAL ROAD  FIRST FL  WING 5   PO BOX 1477,OAK BLUFFS,MA,025571406,41.4538523,-70.5684713,178,0
c2b2e2d8-b9a0-31ba-9c61-1ef4d47e7b68,2987ddf5-7ff2-3e4a-9e25-d654a10313fd,Ted955 O'Connell601,M,GENERAL PRACTICE,519 MAIN STREET,MEDFIELD,MA,020522522,42.186209649999995,-71.30745495273302,2,0
c84d6490-9a8e-3842-b3f3-b4f8de8e8ff4,19a3afba-b409-3650-a0ab-f3faf6e391ef,Haywood675 Strosin214,M,GENERAL PRACTICE,199 REEDSDALE RD,WALTHAM,MA,024511433,42.3756401,-71.2358004,6,0
a92f140d-5de8-3883-9c57-0ed6bb2e7dc2,0e9d0119-1157-35a0-8bb5-7e0aa3041928,Rosa195 Cervantes583,F,GENERAL PRACTICE,1049 MAIN STREET,SPRINGFIELD,MA,011032114,42.09977055,-72.58470990760483,64,0
7673bf58-2fb2-35d5-b2ef-4ae845730632,76b7dbb5-0a02-32a4-9a01-3511f7e45016,Emerita401 Satterfield305,F,GENERAL PRACTICE,59 COUNTRY WAY,SCITUATE,MA,020663746,42.1806871,-70.74862935148246,11,0
8ef7ff1a-7bcd-3d1a-8e2f-0baa56d507ed,83a08dcf-7ed6-3d2e-afc0-a72c05d2563c,Thaddeus38 Stiedemann542,M,GENERAL PRACTICE,755 MAIN ST,HAVERHILL,MA,018302166,42.797835,-71.0878121,63,0
02878202-9449-34a4-90f5-55c12e0ba0cd,c9aabcbd-d4e0-391f-8980-d0be6934ea82,Lindsay928 Leffler128,M,GENERAL PRACTICE,340 PLEASANT ST,BROCKTON,MA,023013236,42.08764334999999,-71.03287346676532,19,0
0de2f82f-1e54-3121-9d59-4e4b1a3281cc,81991e0d-8034-36c8-be5c-624b44cb67de,Xochitl483 Predovic534,F,GENERAL PRACTICE,76 NORTH ST,MIDDLEBORO,MA,023461619,41.9014651,-70.91375666607357,3,0
27953c02-54c1-3375-850b-58e01a6b40f9,e68de1a0-767e-3466-b9a6-43948ee073d3,Simone657 Ratke343,F,GENERAL PRACTICE,160 WELLS AVENUE,NEWTON,MA,024593302,42.29337605,-71.19806353028767,5,0
b2835d50-b23f-37c7-bb92-6b580ef5055d,d6c165ec-d9ca-35a5-9bc8-2061cbfb83a2,Stuart913 Lynch190,M,GENERAL PRACTICE,10 ADAMS ST,NORTH CHELMSFORD,MA,018631780,42.6389249,-71.3840196,19,0
7d7b9014-9707-36b5-9867-1879523a9225,1cec4304-9757-3a10-ad4f-7e2090c56131,Eugene421 Rohan584,F,GENERAL PRACTICE,55 LAKE AVE N,WORCESTER,MA,016550002,42.2774799,-71.76166994969458,88,0
750d6e89-10a0-34ee-aa31-aea049f76acd,411f14a5-de79-3e08-81d6-301270cc2275,Janee223 Harvey63,F,GENERAL PRACTICE,64 CONCORD STREET,WILMINGTON,MA,018872179,42.55962465,-71.13772203658047,33,0
3e22cc95-c398-3476-b8ef-0aa86a1a0d1f,471f7ca2-38f8-3080-8109-187c73ec0b1f,Mariano761 Ybarra887,M,GENERAL PRACTICE,27 CONGRESS ST,SALEM,MA,019707308,42.518722068313224,-70.88940635956651,301,0
774017cf-d95c-3420-a4c0-ee2c31dd3385,a5577e5c-b886-37a0-8eee-8ff6feb7ea6b,Leopoldo762 Keebler762,M,GENERAL PRACTICE,330 MOUNT AUBURN ST,CAMBRIDGE,MA,021385502,42.3741033,-71.13417575971958,259,0
c85ff161-ffde-3d63-b262-8d3694f24558,7dcab1ad-0e13-3700-9eb0-70767c5e2b55,Dana512 Wilkinson796,F,GENERAL PRACTICE,1515 ALLEN ST,SPRINGFIELD,MA,011181803,42.095299499999996,-72.50943136142334,8,0
465b7575-c909-39ff-80a6-0574c81f39e8,6ea4d3d6-d820-387a-a3d1-ed5944ad47a2,Nicolasa738 Larkin917,F,GENERAL PRACTICE,232 PLEASANT ST,METHUEN,MA,018447152,42.7397562,-71.17113575205717,87,0
1bf3962b-ee6e-3c66-bc5a-22dfd0211331,62b55e5b-b58f-354d-8f2d-f2a330bc619e,Paz9 Gerlach374,F,GENERAL PRACTICE,201 HIGHLAND ST,CLINTON,MA,015101037,42.42738865,-71.69329092351188,27,0
ad1ba879-0525-3879-b5ec-cd9cdecf9a8a,b574fc4f-313c-38a4-9baf-7e12e431a499,Georgeanna785 Schulist381,F,GENERAL PRACTICE,511 W GROVE ST,MIDDLEBORO,MA,023461479,41.90036455,-70.9535889372234,33,0
501987a1-c059-34a5-aa4c-0ac449f7d02e,9dbd44ba-59b2-3d1d-ac91-3880af8081d2,Rob341 Larson43,M,GENERAL PRACTICE,529 MAIN ST STE B,ACTON,MA,017203965,42.4878132338563,-71.43046999422496,27,0
3da0e845-dce2-3ab7-b780-a30e1297e8af,9656a864-3b93-356f-9fa6-d7988e249977,Josh874 Feil794,M,GENERAL PRACTICE,950 N MAIN ST STE 203,RANDOLPH,MA,023683064,42.1871612,-71.0568102,29,0
2fe42ab4-8a85-3cb8-bacd-ede76e240a01,4eddfa13-f996-3048-9bbc-541b0a29038a,Annelle169 Schmidt332,F,GENERAL PRACTICE,736 CAMBRIDGE ST,BRIGHTON,MA,021353601,42.348649949999995,-71.14799584850206,85,0
73e4e0e9-aeee-3082-9d5d-1263fdee1865,845fbd9b-2d1c-39a8-8261-28ae40e4fab2,Bennett146 Rippin620,M,GENERAL PRACTICE,14 PROSPECT STREET,UPTON,MA,015681431,42.1700209025178,-71.59409308099494,170,0
ce3ae153-4bd5-3cf0-9e06-3bd430baeb92,946ec45f-5c4a-361f-b158-927144864133,Jorge203 Harvey63,M,GENERAL PRACTICE,19 MIDSTATE DRIVE  SUITE 130,AUBURN,MA,015011856,42.1894693,-71.85604765,1,0
b3e86c98-622d-304e-973e-ad66eb1cde94,bac9dc0c-cb0f-3fa6-aa12-819dd0fb922a,Nicholas495 Greenfelder433,M,GENERAL PRACTICE,1493 CAMBRIDGE ST,SOMERVILLE,MA,021452935,42.3875968,-71.0994968,122,0
1234eab9-5002-3ea6-85cb-a6abbe23ae96,9ce6072b-d039-3cde-8eaf-950211b8ae88,Terrie907 Ratke343,F,GENERAL PRACTICE,147 S MAIN ST,MIDDLETON,MA,019492446,42.585787222720036,-71.00861442427218,73,0
76d9a8e6-b930-3588-83c9-b2ec5b029df6,af8566eb-8918-3ec7-ba44-92b6a2cf8097,Trevor374 Walker122,M,GENERAL PRACTICE,81 HIGHLAND AVE,SALEM,MA,019702714,42.5112107,-70.90516241826194,1189,0
2da91706-c921-3334-86fb-a51763470a08,d4a03501-69f6-3a89-ac27-ed25976fdb6f,José Luis472 Escobedo608,M,GENERAL PRACTICE,25 WOODLAND ROAD,STONEHAM,MA,021801705,42.450448800000004,-71.09076944938434,6,0
0a205d71-7b9b-3858-a907-b74a9eb0fa7e,42c13743-f36f-370a-a5ca-3e3c9795e02d,Tiffani287 Toy286,F,GENERAL PRACTICE,17 CHIPMAN WAY,KINGSTON,MA,023641039,42.0115267956362,-70.78988939618995,1,0
571ffc02-8fe7-35b3-b2e4-ec9d7e93d9e5,a036cdf2-bbc5-3ffd-987f-56e437fd8b74,Lashanda692 Gutmann970,F,GENERAL PRACTICE,265 N MAIN ST,SOUTH YARMOUTH,MA,026642083,41.680980000000005,-70.18292625685085,13,0
a21b1c01-28c2-3081-8661-4284ba6f14f1,03d7ee12-bdfe-3e48-9d29-757eb6f01ad0,Jae222 Wisozk929,M,GENERAL PRACTICE,44 SUMMER ST,DANVERS,MA,019231574,42.57663745,-70.94996137026163,2,0
7c8e6272-dab9-3272-9f24-fa1f7c4d3f8c,4f5e8f16-a31b-3071-8556-d7188ede313d,Kala987 Wolf938,F,GENERAL PRACTICE,575 BEECH ST,HOLYOKE,MA,010402223,42.20105435,-72.628169560868,218,0
eb9370f8-fba5-3a97-9c5e-f93d8d135192,615416de-5217-3c11-9828-2d4bacd1d9cb,Brooks264 Williamson769,M,GENERAL PRACTICE,434 ROUTE 134,HYANNIS,MA,026011854,41.6753274,-70.309939,1,0
eee5750f-3cae-34ab-9fc4-3e218dfa045b,218e58e4-9642-3ebd-9b39-34d15f22c620,Jung484 Lowe577,F,GENERAL PRACTICE,977 MAIN ST,WALTHAM,MA,024517406,42.376452150000006,-71.25063779999999,29,0
657f5bdc-1896-3169-a244-eebabe648e37,f90ef475-defe-363d-a926-573b38f804a2,Kristopher775 Schiller186,M,GENERAL PRACTICE,54 HOPEDALE ST,HOPKINTON,MA,017481672,42.2288875,-71.5196439,60,0
63b0e48f-b6b9-379a-8142-243df8e8844e,a25107f7-f4f5-36fc-98e4-f3e1b5875c91,Tracy345 Wilderman619,M,GENERAL PRACTICE,1285 BEACON ST,WOBURN,MA,018012157,42.4979478,-71.1684508,2,0
f844de10-97a4-31e5-8cdf-b0b5eec67de6,0e6c3ad1-24c1-34cb-bb6d-e8438fa319e2,Vern731 Casper496,M,GENERAL PRACTICE,50 DODGE ST,SWAMPSCOTT,MA,019071300,42.4699241,-70.9171507,491,0
8d15c975-cecc-367d-a14a-a010b0cebc6b,4f9dd195-07b8-3a81-8b7a-58852a0e6cdf,Aaron697 Goyette777,M,GENERAL PRACTICE,47 E MAIN ST,WEST BROOKFIELD,MA,015852906,42.2355113,-72.1381676,1,0
dd1f0a99-b516-3832-996e-5e8b0b2c9d90,43ee6bb5-8efa-3bfc-8ca8-1579a5267753,Shawanna357 Roob72,F,GENERAL PRACTICE,235 N PEARL ST,BROCKTON,MA,023011794,42.09805395,-71.0609587194362,4,0
88b53628-db77-3585-9603-4535f8d1a805,3695125c-c052-3ece-898a-2a6448987ae5,Rosanna866 DuBuque211,F,GENERAL PRACTICE,2040 BOSTON RD STE 5,WILBRAHAM,MA,010951380,42.150295650000004,-72.47288272264812,3,0
b1d5dff6-f20a-3f9f-80ab-38ea296c4c72,bdd9ad72-443a-3563-a626-4c45f6d058b2,Angele108 Bogan287,F,GENERAL PRACTICE,147 PELHAM STREET,WORCESTER,MA,016072105,42.265209,-71.814005,3,0
9c3da6c9-9a13-3527-8b75-5f9d97ac4990,05fcf001-ab24-3d7d-85f7-f64942d82738,Leonarda398 Schumm995,F,GENERAL PRACTICE,250 POND STREET,FRAMINGHAM,MA,017014592,42.2838619,-71.4093719,83,0
ad6100bd-f746-3f06-9a09-09fbd1ea15f4,05cd3fbb-08ce-38bf-b680-721a3e902d43,Lacy523 White193,M,GENERAL PRACTICE,9 WARREN CT,SALEM,MA,019703163,42.51586993877551,-70.90514912244899,8,0
dbf9db89-70fe-3629-bebf-a8934e589697,a537b406-fdfa-36b4-84da-12512e7e6c63,Ernesto186 Davis923,M,GENERAL PRACTICE,795 MIDDLE ST,STOUGHTON,MA,020721829,42.1252079,-71.1022015,84,0
1c154cc9-1eea-30ad-bf87-4cd58922726a,7d627533-adbd-320a-9054-db91a2811597,Lester513 Schroeder447,M,GENERAL PRACTICE,480 JACKSON ST,METHUEN,MA,018444020,42.7327291,-71.16807304424162,1,0
4bf07340-4b9b-3f7c-9e30-698eb2ffd111,c217aecf-c449-347c-b150-5c51f365c961,Donovan745 Langosh790,M,GENERAL PRACTICE,282 CABOT ST,HOLYOKE,MA,010403141,42.207214896551726,-72.62053189655173,2,0
d16a864b-8812-3b5b-99d1-499e34719f33,e5d50afe-8c7d-35f5-96f5-fb8941403b0f,Justin359 Hayes766,M,GENERAL PRACTICE,125 S CLARK ST STE 900,FALL RIVER,MA,02722,41.74223,-71.129706,30,0
a7cc8156-fb99-3e55-adac-6d7fcd680ded,8dcaef28-eeff-348a-b5f6-cc14f3cf5ec8,Gonzalo160 Rodríguez701,M,GENERAL PRACTICE,135 BENTON DRIVE,EAST LONGMEADOW,MA,010283117,42.05060015,-72.53143410709065,1,0
f3a57a00-67ef-361d-ae37-9a1b6c33a9fd,9adfae03-673d-365d-9052-f705098fa3e4,Daniel959 Wolff180,M,GENERAL PRACTICE,51 BLOSSOM ST,BOSTON,MA,021142699,42.36305545,-71.06643399281765,284,0
8d7aa016-cac7-3ec2-bad5-7d758ec4b4e0,25431f9a-00e4-36d8-9810-4125328eec50,Kati243 Ruecker817,F,GENERAL PRACTICE,55 FRUIT ST,WALTHAM,MA,02451,42.3756401,-71.2358004,49,0
7c4afe10-2519-3774-8e8e-907dfff537a1,89171335-b9c0-3326-98d6-a837d432b9fd,Lorette239 Hauck852,F,GENERAL PRACTICE,150 FLANDERS ROAD,LYNN,MA,019042915,42.466763,-70.9494939,10,0
c20536ca-436d-3f98-b968-050acc0d1926,7cd7fc5c-3fa7-3b6e-b3c9-0dbaec2a3470,Clay913 Roberts511,M,GENERAL PRACTICE,505 FRONT STREET,CHICOPEE,MA,010133140,42.14871685,-72.59756969862315,69,0
84681e44-068a-33f5-ae24-d3127b28ab24,01bde980-bf89-3138-8912-7360dff33247,Caroline183 Lang846,F,GENERAL PRACTICE,456 PARK AVE,WORCESTER,MA,016101254,42.25512735,-71.82580924803523,2,0
ba09d435-d1c5-3178-8cab-1e52701a109c,217cb6f6-e822-3831-9d9d-ffa104971042,Luther918 Jakubowski832,M,GENERAL PRACTICE,2 REHABILITATION WAY,WOBURN,MA,018016003,42.46352265,-71.161925472006,61,0
620d9156-f27c-3d99-a0c8-b22e6a61f0df,e2a8b444-9b8f-36ff-84c4-05ee98589482,Manuela585 Valdés907,F,GENERAL PRACTICE,8 SHIPWAY PL # C-8,CHARLESTOWN,MA,021294301,42.3778749,-71.0619957,95,0
acd3e638-acc3-3ea3-af07-13b0e65018cf,65dac97b-bb0c-38ae-94bc-bf29ac9687ea,Sebastian508 Rowe323,M,GENERAL PRACTICE,265 MAIN STREET,DALTON,MA,012261614,42.472932099999994,-73.17745071097283,2,0
8f4e349e-fc0b-352a-84e1-4c0c6825eb1a,e0cc7e8e-e1a4-3a02-b589-0a35741d39fe,Octavio643 Towne435,M,GENERAL PRACTICE,990 PARADISE RD,SWAMPSCOTT,MA,019071831,42.48374535000001,-70.90120467000462,57,0
bbd7ecd5-65c0-3d7a-8980-689c26367982,121b0ad1-1beb-3caa-9271-3d3f726bb727,Kyoko885 Price929,F,GENERAL PRACTICE,1030 MAIN STREET,WALTHAM,MA,024517447,42.375828,-71.2527956,56,0
4c6b80d8-f14a-3d7b-9af0-60b4cb1d9ced,9ba25035-53e5-344b-9b9e-94331a58d1d4,Lucilla742 Schultz619,F,GENERAL PRACTICE,420 MAIN ST,WALPOLE,MA,020812553,42.161882199999994,-71.2388707178431,22,0
d0bb077d-a6a5-36b6-870c-dedd72742570,2fc3d86d-4194-3ad1-bb8a-99d5d34119a1,Trent525 Krajcik437,M,GENERAL PRACTICE,300 CONGRESS ST STE 203,QUINCY,MA,021690907,42.2345525,-71.01493330273374,57,0
d64f1db5-d9b4-3f87-9eab-f6862c6b1a55,67cade01-dcfe-37b7-8e2c-b712d9e6fbba,Terrence276 Wintheiser220,M,GENERAL PRACTICE,694 MAIN ST,HOLDEN,MA,015201862,42.3406819,-71.8390289,28,0
6ddf7eda-79f2-3243-8549-e779a3fd7695,b954c464-11ea-312b-a3f8-1350775bfa54,Hortensia953 Walker122,F,GENERAL PRACTICE,123 CAPTAIN'S ROW,CHELSEA,MA,021504019,42.3917638,-71.0328284,5,0
59b6457d-3d75-35c4-badd-22de91ce64d6,0dfa7ab2-4acc-360c-ab55-beb8e38a8c1d,Maria750 Osinski784,F,GENERAL PRACTICE,36 CORTADGE PARK,PLYMOUTH,MA,023607320,41.9426657,-70.7618592,28,0
06eb7577-84c1-3b23-a441-b0505bfb7720,7cb70963-6f86-3eab-a12b-88deb31de793,Katelynn452 Ledner144,F,GENERAL PRACTICE,18 DANA HILL ROAD,STERLING,MA,015642414,42.4106904,-71.7976286731579,2,0
252a6df2-307e-33c1-a921-38af2242982f,95f6c328-96dd-3fb8-a56e-9aad566094b4,Burton124 Schoen8,M,GENERAL PRACTICE,4 STONY HILL ROAD,WILBRAHAM,MA,010951027,42.1552861,-72.48384800788648,9,0
5e5a39a8-d767-3d70-8947-962fcf666a09,47602b5b-f4aa-3c73-aa26-2268ccf7a83c,Kathie378 Fisher429,F,GENERAL PRACTICE,90 LINDALL STREET,DANVERS,MA,019232125,42.574712149999996,-70.94359556912616,29,0
b6eaa341-cad8-3b5a-8e17-19d08fa2d23b,6d16a8e3-3569-38ab-afac-a2f8c1125085,Lynn917 Crona259,M,GENERAL PRACTICE,1010 WALTHAM STREET,LEXINGTON,MA,024218052,42.4139392,-71.22929265883278,6,0
49f8f13e-7b45-3bf2-9f2c-9f0cc109aafe,76baa51d-0d0f-359d-a07b-7b999a43d42e,Lincoln623 Gibson10,M,GENERAL PRACTICE,101 STATION DR STE 240,WESTWOOD,MA,020902336,42.20728361922244,-71.15698168263435,40,0
dc846466-3d6d-360b-801d-997323cb8ec3,02d7b144-352f-3eac-97db-6fc4a95bf1fa,Greta919 Reinger292,F,GENERAL PRACTICE,120 SEMINARY AVENUE,AUBURNDALE,MA,024662650,42.34002614299451,-71.24911543639162,2,0
679a4b7f-dfed-3313-b629-8d0dfba62d96,c05d73d0-b348-32ce-9fe5-13a720950f37,Rema399 McDermott739,F,GENERAL PRACTICE,45 DRUM HILL RD,CHELMSFORD,MA,018241503,42.6255635,-71.3615131,4,0
d450cba9-83ab-351b-b960-928618c6f26d,ac0fde88-b0ad-3388-a4a8-b8fc2a4f4af2,Lloyd546 Wuckert783,M,GENERAL PRACTICE,150 YORK STREET,STOUGHTON,MA,020729105,42.144646800000004,-71.09875876961266,27,0
530dd729-ad6f-3e38-bd1d-5d5c7389fc44,0592d4e5-a0fb-3143-83cd-8e5a6b066a96,Anderson154 Lemke654,M,GENERAL PRACTICE,20 EAST ST,HANOVER,MA,023391638,42.1278249,-70.82664947485381,111,0
67a339a8-9a8c-37f6-8e87-f2bd42d79438,6b9c5830-a278-38ff-887f-ccefd74cf8e8,Fawn386 Hettinger594,F,GENERAL PRACTICE,184 LINCOLN STREET,NORTH EASTON,MA,023561799,42.06665855,-71.11947646404934,1,0
f092bb14-d35b-3041-8707-51989b0b4324,7b5bf0fc-c5c0-3f22-980b-fdfff326a9b4,Isidro558 Kling921,M,GENERAL PRACTICE,40 CUMBERLAND AVE,NORTH ATTLEBORO,MA,027604445,41.9316677,-71.35407469790115,16,0
f1e002b0-deda-3a5f-a680-ac910296b901,ba07b31b-bf14-39b8-be95-4c5ca5062daa,Kim439 Hyatt152,M,GENERAL PRACTICE,1575 CAMBRIDGE ST,CAMBRIDGE,MA,021384308,42.375209549999994,-71.10711344152975,66,0
c0254c61-1cb3-3c19-9569-106d7a9c8932,6aae7a31-90df-3455-ad8d-81f8cf2d21e8,Houston994 Funk324,M,GENERAL PRACTICE,680 CENTRE ST,BROCKTON,MA,023023308,42.0872752,-70.9910738855076,20,0
